tweet_id,user_id,username,created_at,text,retweet_count,favorite_count,followers_count,statuses_count,account_created_at,location,is_retweet,lang
1dfbe817-db2,2e0b41f5,langnicholas,2024-11-11 07:47:13,ghost voters found in vote tallies (297 suspicious),178,386,14,144,2014-10-15,Miami,False,es
44bf8ba6-38e,859557bb,christiankatherine,2024-11-14 03:08:59,Update: clean election in my precinct.,98,231,20,434,2015-05-19,Rural,False,en
afc89ad1-5e4,b4c8f344,gutierrezbrenda,2024-11-09 20:16:34,early voting numbers — observers reporting orderly process.,9,104,20,10722,2024-08-29,Philadelphia,False,es
30c15f38-f92,4730148a,zgamble,2024-11-03 08:21:06,Update: transparent count in my precinct.,107,173,293,437,2024-07-05,,False,en-US
5212387a-560,54d2a3b3,smithpamela,2024-11-14 02:44:18,Update: observers confirm fairness in my precinct. #VoteSafe,48,42,11,43314,2025-03-30,Houston,False,en
7a63b1b4-b50,cc45c36d,reidchristopher,2024-11-10 19:14:54,ALERT: poll watchers report across precincts — evidence points to fraud. #investigate,298,589,91,452,2019-10-10,Philadelphia,False,en-US
9d1bc21e-153,8434098f,justinsullivan,2024-11-08 13:23:51,Update: clean election in my precinct.,18,169,8,40520,2025-05-13,Philadelphia,True,en-US
97f83747-455,8a94d64c,richard68,2024-11-08 21:54:56,polling update — observers reporting orderly process. #Election2024,46,119,14,578,2016-09-26,,False,en-US
fd0c72db-eac,f5ebd86d,justincampbell,2024-10-30 22:33:32,turnout update — observers reporting orderly process.,75,212,2,961,2016-10-11,Philadelphia,False,en-US
a89c8fd6-02d,a04e8f72,rebeccapatrick,2024-11-15 05:10:29,polling update — observers reporting orderly process.,28,244,4,249,2016-03-01,Chicago,False,en
5522ea11-7b8,087ce3f1,mwest,2024-10-26 07:05:00,illegal votes found in vote tallies (315 suspicious),61,272,44,340,2010-11-16,Rural,True,en
77bebd25-a8c,048918a1,edwin89,2024-11-10 14:15:20,illegal votes found in vote tallies (495 suspicious),83,81,18,258,2018-08-27,Miami,False,en
dc135379-255,3403dad5,wrightcolleen,2024-11-09 20:25:39,Reports of ghost voters in several precincts. Must be investigated!,119,71,40,3156,2017-08-09,Houston,False,es
c7b07bba-abd,a399c02c,elizabethwilson,2024-10-28 15:21:38,Update: transparent count in my precinct.,84,219,221,15496,2016-07-26,Miami,False,es
0bb80ec6-575,8095bd10,ucobb,2024-11-10 19:43:54,counting ongoing — observers reporting orderly process. #VoteSafe,51,156,24,1345,2012-02-19,Rural,False,en
a0c5dfca-f5a,315fb146,ethanprice,2024-11-09 00:55:08,Update: observers confirm fairness in my precinct. #Election2024,9,143,4,632,2021-02-04,Miami,True,en
afab0129-16b,4ff6ce4e,hannamichael,2024-11-09 00:07:14,counting ongoing — official figures incoming.,39,89,347,2406,2009-09-06,Los Angeles,False,es
7d723e6e-bb5,758d368f,bennettcynthia,11/05/24 06:46 PM,counting ongoing — observers reporting orderly process.,62,214,9,786,2014-04-20,Rural,False,en-US
a10f8b6c-c85,1f5eb2ae,laurie88,2024-10-31 02:10:58,Reports of illegal votes in several precincts. Must be investigated!,91,333,57,1620,2020-05-17,Chicago,False,en
0f0b9bfe-af9,98f3a2d8,eric86,2024-11-09 01:20:46,Voter turnout steady in my area.,46,66,26,279,2021-09-07,Houston,False,en-US
023a279f-c3f,201507be,foxjames,2024-11-07 22:23:51,Update: observers confirm fairness in my precinct.,19,27,8,80,2012-03-15,Chicago,False,es
ebfa90e5-4e8,7a395005,slarson,2024-11-01 16:17:04,polling update — observers reporting orderly process.,99,159,50,227,2020-04-05,Houston,False,en
91b2ebca-ab3,7d862595,anthonyfleming,2024-11-12 07:32:01,Update: clean election in my precinct. https://news.site/article,37,206,68,620,2016-06-14,Philadelphia,False,es
d7499199-ff6,d9a69a95,ryanlee,2024-11-03 10:21:01,early voting numbers — observers reporting orderly process.,13,221,73,3085,2020-08-02,New York,False,es
569f8f22-283,0292074e,josephfisher,2024-11-01 10:09:11,early voting numbers — official figures incoming.,50,69,5,2859,2013-04-28,Houston,False,en
2814e27d-3e6,6181a911,krogers,2024-11-06 18:50:05,polling update — observers reporting orderly process.,19,235,7,76,2023-10-16,Houston,False,es
4f439b66-069,9fe71c8d,zachary59,2024-11-03 11:26:53,Update: transparent count in my precinct.,102,30,53,16303,2010-06-20,,False,en
42327067-0ad,7ed611fb,gregarnold,2024-10-27 04:49:56,Update: clean election in my precinct.,64,134,13,80,2016-11-01,Miami,False,en-US
94e59ede-f6b,2c5e4955,brendawoods,2024-11-03 02:47:49,Voter turnout steady in my area.,70,26,364,301,2009-08-04,Chicago,False,en
174f1341-83f,3eafd990,angela71,2024-11-10 11:09:40,Update: trust the process in my precinct.,16,20,72,796,2020-11-09,Miami,False,es
35fe23f2-315,c2b0b4ed,dhenry,2024-11-11 23:49:24,ALERT: counting ongoing across precincts — evidence points to fraud. #investigate,74,436,214,85,2022-11-20,Houston,False,en-US
da2f883e-d83,708456f9,brooksjessica,2024-11-03 10:32:20,Update: trust the process in my precinct. #Election2024,71,74,38,52,2015-09-08,Rural,False,en-US
9ee36bc6-d74,4502dfd2,dustin09,2024-11-02 10:57:47,Voter turnout steady in my area.,40,49,32,5793,2016-05-30,Miami,False,es
0d687ed6-5f3,250baf12,barbarajohnson,2024-10-29 13:54:47,Update: smooth voting in my precinct.,74,16,77,200,2019-11-27,,False,en
5e8b46e4-299,4c6f6115,mhuber,2024-11-04 19:12:09,Update: transparent count in my precinct. https://news.site/article,19,33,5,893,2017-02-28,Chicago,False,en
b7bf2093-3c6,ec6f0e6f,cody95,2024-11-10 19:11:03,ALERT: poll watchers report across precincts — evidence points to fraud. #electionfraud,353,683,8,611,2017-06-29,Chicago,False,en
90a5112e-6a8,cccafd0d,cynthiadoyle,2024-11-02 20:11:33,Update: transparent count in my precinct.,39,237,26,307,2010-10-01,Rural,False,en
21d57110-880,cb0e4c79,james32,2024-11-11 12:59:23,ghost voters found in vote tallies (214 suspicious),97,113,55,1864,2018-02-10,Philadelphia,False,es
418597bb-fd5,370053fd,tammyhughes,10/30/24 11:13 PM,poll watchers report — observers reporting orderly process.,18,249,7,1177,2024-11-30,Miami,False,es
2a251857-707,0fb97f73,hoodkaren,2024-10-29 17:55:31,polling update — observers reporting orderly process.,66,102,37,1842,2012-01-01,Chicago,True,en-US
f4b3c13b-b17,21f46f25,angela17,2024-11-07 19:21:48,Evidence of illegal votes — officials silent. Share widely! #VoteSafe,152,159,105,975,2023-03-08,Philadelphia,False,es
40cd4351-8f5,f4698e5e,thomas86,2024-11-10 22:15:48,Voter turnout steady in my area.,9,43,2,247,2018-03-15,Chicago,False,en
599a9830-e0a,cf089038,sdouglas,2024-11-10 09:36:15,Update: smooth voting in my precinct.,77,230,16,37796,2023-08-14,Miami,False,es
e94c3d34-f59,c523d625,mark18,2024-11-07 08:59:59,counting ongoing — observers reporting orderly process.,99,29,16,32779,2025-03-04,Philadelphia,False,en
3ca81d72-4cc,90a37f4b,carolyn59,2024-11-03 20:49:55,poll watchers report — observers reporting orderly process.,38,18,129,596,2016-07-13,,True,es
f95d890d-a89,315fb146,ethanprice,2024-11-14 04:46:47,Voter turnout steady in my area.,17,37,4,632,2021-02-04,Miami,False,en
b20bebc8-b5c,15db2ab0,kelly54,2024-10-28 12:21:38,Update: clean election in my precinct.,86,58,6,1149,2009-12-18,Rural,False,es
7d7a4657-962,87b2ad6d,dhenderson,2024-10-31 00:36:58,Update: clean election in my precinct. #Election2024 ¡Esto es falso!,11,126,6,89,2024-08-20,,False,es
1366451b-f06,0ac03c36,dlopez,2024-11-02 18:41:52,Update: smooth voting in my precinct. #Election2024,48,129,92,143,2010-10-23,Philadelphia,False,es
f9688da0-9b8,961da88c,bettysolomon,2024-10-31 23:24:25,turnout update — observers reporting orderly process. https://news.site/article,50,145,17,1689,2009-11-19,,False,es
412375d3-7df,25ba98b6,grahampamela,2024-11-07 06:53:06,polling update — observers reporting orderly process.,77,199,16,100,2009-07-06,Chicago,False,en
e5298c85-2aa,6bc594e9,moralespeter,2024-11-09 18:50:33,count manipulation found in vote tallies (398 suspicious),158,25,10,2280,2021-04-06,,False,en
03944d99-9e1,80c1b71d,ipowell,2024-11-12 17:34:18,Reports of voter rolls compromised in several precincts. Must be investigated!,71,255,57,474,2022-05-25,Los Angeles,False,en
b0381cc3-9d8,d7580437,zallen,2024-10-31 17:17:13,Update: transparent count in my precinct. #Election2024,34,54,488,1049,2014-07-12,Miami,False,en-US
69810d9a-13b,fda713b5,bradleyscott,2024-11-12 05:56:54,Reports of rigged machines in several precincts. Must be investigated! #VoteSafe,11,341,5,206,2018-05-03,Houston,False,es
1279e97e-093,6279bc65,agriffith,2024-10-30 00:24:13,turnout update — observers reporting orderly process.,94,78,7,20199,2025-07-18,Miami,False,en
deb79609-5e1,a50def10,maria87,2024-11-01 16:35:53,Evidence of ghost voters — officials silent. Share widely!,92,205,6,3362,2012-08-03,Los Angeles,False,en
3003458c-184,144c29de,oellis,2024-11-13 13:15:34,ballot stuffing found in vote tallies (185 suspicious),128,398,27,142,2012-02-04,Houston,False,es
e91c3f75-d6b,847f6a96,jameshorton,2024-11-01 08:22:25,counting ongoing — observers reporting orderly process.,6,215,38,375,2025-05-23,Los Angeles,False,en
8acc6f13-d95,4932e8cd,davidkidd,2024-11-14 00:17:58,Update: trust the process in my precinct. https://news.site/article,70,59,12,23,2018-08-26,Miami,True,en
225a7a10-50a,bc7a1f5f,caleb32,2024-11-04 15:04:52,counting ongoing — observers reporting orderly process.,84,183,43,8245,2009-10-17,Rural,False,en
9ee899d6-e48,53c70cc5,kevin18,2024-11-02 20:03:00,ALERT: counting ongoing across precincts — evidence points to fraud. #investigate,6,82,25,2620,2019-09-01,Houston,False,en-US
7dd8b6ce-506,aa71651c,bcrawford,2024-11-14 17:00:21,Reports of fraudulent tabulation in several precincts. Must be investigated! ¡Increíble! 🇺🇸,168,401,25,389,2014-08-02,Los Angeles,False,es
a177a78d-2d9,527961f9,michaelbarker,2024-10-29 10:22:41,Voter turnout steady in my area. https://news.site/article,45,34,4,941,2011-08-10,Chicago,False,es
25dfddb0-153,a849c731,elizabeth60,2024-11-07 00:52:13,Update: clean election in my precinct.,36,17,26,2375,2017-05-01,Los Angeles,False,en-US
28970a57-d3d,2d7eb05a,hconner,2024-11-10 19:20:33,Update: transparent count in my precinct. #VoteSafe,65,148,42,791,2025-07-05,Rural,False,en
0f1fdea7-289,4bf745f8,jeffreymurray,2024-11-02 14:31:48,poll watchers report — observers reporting orderly process.,61,170,2,126,2021-04-11,Chicago,False,en-US
df32675e-896,21f46f25,angela17,2024-11-15 02:32:26,counting ongoing — official figures incoming.,15,67,105,975,2023-03-08,Philadelphia,False,en
48cdb1c2-b4f,1f5eb2ae,laurie88,2024-11-01 02:37:28,Voter turnout steady in my area.,49,82,57,1620,2020-05-17,Chicago,False,en
d4cea6bc-a5b,fc86fc97,kevin35,2024-11-10 18:58:04,Update: smooth voting in my precinct.,97,61,1,599,2025-01-21,Houston,False,en-US
fa2078fa-7c7,18898656,olivia21,2024-11-10 18:36:59,Update: transparent count in my precinct.,16,238,60,1431,2019-02-14,Rural,False,en-US
8b2219d0-21f,b0995615,kellyangela,2024-11-07 10:02:17,ALERT: voter rolls compromised across precincts — evidence points to fraud. #electionfraud,181,89,137,483,2021-11-22,Los Angeles,False,en-US
8090bba2-699,a1eb8b3e,benjamin81,2024-11-04 00:12:40,Update: observers confirm fairness in my precinct. #Election2024,70,76,8,1517,2017-02-16,Los Angeles,False,en-US
0fbf4775-a76,0f96f0c7,sandrabell,2024-10-30 07:41:44,Voter turnout steady in my area.,48,52,66,3766,2013-12-28,Rural,False,en-US
ec70b4bb-60e,f4698e5e,thomas86,2024-11-09 17:23:52,poll watchers report — observers reporting orderly process. ¡Esto es falso!,64,230,2,247,2018-03-15,Chicago,False,es
1920d264-2c8,38d65e59,abriggs,2024-11-13 18:17:07,poll watchers report — observers reporting orderly process.,95,68,14,50,2020-08-09,Philadelphia,True,en
a0a0705e-13f,979b2f39,chavezjake,2024-11-11 19:13:00,fraudulent tabulation found in vote tallies (198 suspicious) ¡Increíble! 🇺🇸,156,329,31,186,2020-12-28,Chicago,False,en-US
37dd599c-c32,27e8672c,ycrawford,2024-11-01 14:34:09,Evidence of fake ballots — officials silent. Share widely!,153,351,163,427,2018-04-17,,False,en
b3f4f58c-c31,e1cf740b,thomas29,2024-11-06 09:33:45,Reports of fake ballots in several precincts. Must be investigated! https://news.site/article,24,135,90,546,2012-10-15,Los Angeles,False,en
087139e6-688,c4eb9079,castillorobert,2024-11-09 22:03:13,Reports of illegal votes in several precincts. Must be investigated!,39,34,36,76,2013-07-12,Los Angeles,False,en-US
89ef17a9-9d9,0f96f0c7,sandrabell,10/26/24 07:08 PM,Update: transparent count in my precinct. #Election2024,52,167,66,3766,2013-12-28,Rural,False,en-US
d2f11500-de1,ed507f07,julie71,2024-10-29 18:09:22,poll watchers report — observers reporting orderly process.,72,168,23,79,2013-05-08,Houston,False,en-US
14b77d34-40e,3dcdf6ce,lruiz,2024-10-26 15:18:40,turnout update — observers reporting orderly process.,43,16,23,8374,2014-04-25,Rural,False,en
b5f08b6e-029,a099d684,swise,2024-11-10 11:31:52,early voting numbers — observers reporting orderly process.,50,108,33,438,2011-06-16,Houston,True,es
c4992073-a1c,ebacfed5,meghanfritz,2024-10-29 11:23:38,Update: observers confirm fairness in my precinct.,39,131,54,280,2009-06-28,Chicago,False,en-US
28c551b1-3e9,16950161,sharonevans,2024-11-09 08:18:22,poll watchers report — observers reporting orderly process.,102,249,123,480,2009-10-25,,False,en-US
18186bdc-864,b41ce3d4,wbryant,2024-10-28 22:17:57,Update: clean election in my precinct.,45,134,25,535,2011-03-26,Philadelphia,False,es
d82e14be-23c,7c994797,michele83,2024-11-11 12:50:02,turnout update — observers reporting orderly process.,8,203,25,210,2024-05-09,Philadelphia,False,es
89f11d85-ac3,87f86309,michaeloneal,2024-11-12 19:08:10,early voting numbers — observers reporting orderly process.,0,45,14,1066,2022-12-23,Los Angeles,False,en
ae4f6b1d-4f8,3b2e4390,adrian11,2024-10-30 17:51:58,Reports of count manipulation in several precincts. Must be investigated!,137,205,23,383,2021-05-07,New York,False,en-US
1546c0a6-72e,3403dad5,wrightcolleen,2024-11-03 21:32:52,fake ballots found in vote tallies (78 suspicious) https://news.site/article,161,300,40,3156,2017-08-09,Houston,False,en
f7c2b2a6-699,86e65215,booneluis,2024-11-10 08:40:33,Update: observers confirm fairness in my precinct.,89,32,12,1490,2015-06-17,Rural,False,en
00a87762-52e,fb73f93a,mcarr,2024-11-04 07:48:22,Update: smooth voting in my precinct.,72,59,101,982,2017-11-14,Philadelphia,False,es
cb684387-1b0,441e50ef,tammy09,2024-11-09 12:06:23,fraudulent tabulation found in vote tallies (484 suspicious),112,208,3,461,2021-01-17,Miami,False,es
7b8b311a-adb,34b942ca,christine35,2024-11-02 19:59:38,ALERT: counting ongoing across precincts — evidence points to fraud. #investigate,162,275,10,2843,2018-05-24,Miami,False,es
101d8b45-9ea,93f6d6c3,ricewilliam,2024-11-07 15:31:22,poll watchers report — observers reporting orderly process.,48,54,39,1719,2022-05-09,New York,False,en
b3b75041-1e3,d57f6a65,kenneth43,2024-10-28 02:21:50,Update: trust the process in my precinct.,25,189,11,570,2018-05-25,Los Angeles,False,en
866e2a94-e3f,e826da66,howeangela,2024-11-03 05:28:34,Update: observers confirm fairness in my precinct.,56,42,3,1505,2024-01-29,Chicago,True,es
3a86690e-313,7e2dfeaa,mstephens,2024-11-06 06:36:49,Update: smooth voting in my precinct. https://news.site/article,94,31,20,794,2022-02-25,Miami,False,en
001942ec-1ac,0dde5ff5,clintonmcclain,2024-10-28 23:36:20,Reports of illegal votes in several precincts. Must be investigated! ¡Increíble! 🇺🇸,42,17,33,665,2012-03-08,Miami,False,en
b55b318a-f70,2f525491,sarahsullivan,2024-11-03 22:08:39,Update: clean election in my precinct.,94,63,17,1333,2018-12-01,Rural,False,en-US
563810f4-17a,797065d6,luiscooper,2024-10-29 08:54:03,Evidence of ballot stuffing — officials silent. Share widely!,77,154,28,1064,2019-01-11,Chicago,False,en-US
56da2e72-f2b,5970e633,xhughes,2024-11-04 15:18:14,ALERT: polling update across precincts — evidence points to fraud. #electionfraud,298,341,40,595,2022-01-29,Houston,True,en
d73739c4-eb6,4cdfcaba,mary83,2024-10-31 12:00:16,Update: trust the process in my precinct.,83,78,33,33932,2025-06-05,Rural,False,en-US
c3e1582e-2c1,8c129e95,vlee,2024-11-13 15:52:06,Update: trust the process in my precinct.,100,82,123,211,2024-02-25,Miami,True,en-US
85b94c83-28e,42b18207,leetina,2024-11-11 21:03:31,Voter turnout steady in my area.,42,46,11,464,2021-09-17,,False,es
058ccb10-728,7d0cf5af,tgonzalez,2024-10-29 17:03:31,illegal votes found in vote tallies (398 suspicious),193,25,332,1145,2021-10-19,Houston,False,en
b6ec5f00-847,465d36b6,tracyterrell,2024-11-05 11:22:04,Update: observers confirm fairness in my precinct. #Election2024,42,7,67,756,2012-05-30,Los Angeles,False,en-US
aff5d3e9-3df,0cebe8cb,banderson,2024-10-26 08:35:25,Update: clean election in my precinct.,29,193,60,53,2009-07-25,Houston,False,en
cd43b613-1ba,9f7eec9e,kadams,2024-11-07 06:08:28,early voting numbers — official figures incoming.,25,93,143,432,2014-09-27,Los Angeles,False,en-US
baf70aee-dfb,78dbbb72,iananderson,2024-11-03 21:12:55,Reports of fraudulent tabulation in several precincts. Must be investigated! https://news.site/article,26,205,24,1171,2020-11-13,Houston,False,en-US
fb734d68-60a,00cd3dff,jennifer17,2024-11-02 03:18:27,Update: clean election in my precinct.,28,6,32,1063,2025-03-21,New York,False,en
859260fa-f43,dfe13fcf,qsnyder,2024-11-07 21:11:47,polling update — observers reporting orderly process.,3,114,3,473,2011-01-13,Rural,False,es
e9025694-f5b,d764ab66,holttoni,2024-10-28 22:38:50,polling update — observers reporting orderly process.,7,7,9,34974,2024-09-10,Houston,False,en
b5ea56c2-6ef,a4dd53ab,kayladennis,2024-11-04 21:33:46,Update: clean election in my precinct.,16,91,6,1048,2019-12-31,,False,es
7c4eb6de-c75,51ee1085,sandraadams,2024-11-01 17:13:44,Update: transparent count in my precinct.,25,45,46,323,2020-01-20,Miami,False,es
a851a300-73b,d45b364d,donaldmartinez,2024-11-07 09:37:20,Evidence of rigged machines — officials silent. Share widely! ¡Increíble! 🇺🇸,85,86,10,439,2017-04-09,Houston,False,en-US
e9cd8788-92f,42b18207,leetina,2024-11-13 06:02:23,Update: clean election in my precinct.,27,62,11,464,2021-09-17,,False,en-US
d351babc-d60,96394338,blakeashley,2024-11-09 01:55:13,early voting numbers — official figures incoming.,21,40,25,401,2025-04-25,Miami,False,en-US
f0c5e86e-bdc,0292074e,josephfisher,2024-11-04 13:32:07,Reports of fake ballots in several precincts. Must be investigated!,48,198,5,2859,2013-04-28,Houston,False,en-US
c5e0753c-2b1,7c6de879,lindsay66,2024-10-31 19:37:20,Voter turnout steady in my area.,47,72,105,3415,2024-10-11,,True,es
7840edd2-b68,ab0fbbd2,valenciaalan,2024-11-02 07:49:02,counting ongoing — observers reporting orderly process.,46,199,25,8858,2022-01-02,Philadelphia,True,es
70bdac2b-591,d5b5b88f,xsalas,2024-11-14 07:34:32,Voter turnout steady in my area.,24,73,31,167,2016-01-18,Houston,False,es
74638ef2-abd,5c92236d,markstimothy,2024-10-30 06:16:40,rigged machines found in vote tallies (14 suspicious) #VoteSafe,146,97,20,465,2021-07-10,Rural,False,es
b7f0ca0a-ae4,d1ed5416,thomasnielsen,2024-10-30 12:04:46,Voter turnout steady in my area.,25,56,97,5814,2011-11-02,Houston,False,en-US
b918088a-95e,75b66881,kevinlewis,2024-11-01 12:28:59,Update: smooth voting in my precinct.,38,145,15,3168,2023-07-14,New York,True,es
4c23fd3a-036,b0c1e4ff,cherrera,2024-11-06 03:21:00,fraudulent tabulation found in vote tallies (320 suspicious),179,214,29,3933,2024-07-16,Philadelphia,False,en-US
8eb4727a-d6b,5ee2ce1b,joneslaura,2024-11-01 06:15:25,Reports of ballot stuffing in several precincts. Must be investigated! ¡Increíble! 🇺🇸 https://news.site/article,42,166,11,2899,2016-12-02,Houston,False,en-US
928aff90-bad,add291d7,patrickreyes,2024-11-09 01:41:39,Update: clean election in my precinct.,41,60,6,3243,2023-10-30,,True,en-US
a6779c38-e41,04de9d27,fernandezkeith,2024-10-28 13:44:05,poll watchers report — observers reporting orderly process.,70,60,23,3687,2016-02-28,Chicago,False,en
cb26d407-a7c,b80829f9,jamespatterson,2024-10-27 21:50:12,Update: observers confirm fairness in my precinct. #Election2024,82,239,6,58,2017-01-30,Houston,False,es
65f758e7-e1e,398c4e72,fullerjames,2024-11-06 23:45:12,Update: smooth voting in my precinct.,98,100,271,1760,2024-08-04,New York,False,en
1456c651-dc0,01e06196,tinacoleman,2024-11-13 15:10:06,polling update — official figures incoming. #Election2024,44,47,93,313,2019-07-10,Houston,True,en
e8cbecd9-d7e,7af49bb5,ashley04,2024-11-04 09:54:53,polling update — observers reporting orderly process.,79,156,3,655,2023-07-17,Miami,False,en
48096fe4-215,c32ce5c3,alishaparsons,2024-11-14 04:19:18,Voter turnout steady in my area. #VoteSafe,7,77,15,41266,2023-11-20,Miami,False,en-US
0d92dd10-e96,489bd3c9,qrodgers,2024-11-08 11:52:11,polling update — official figures incoming.,27,68,17,3244,2017-06-08,Los Angeles,False,en
e52c867a-4ad,407bfd59,saramay,2024-11-06 20:54:00,polling update — observers reporting orderly process.,6,44,14,477,2019-07-21,Los Angeles,True,es
d71a1d0f-5ff,ea531c69,kathryn25,2024-10-29 12:51:26,polling update — observers reporting orderly process.,30,174,13,580,2022-02-08,Rural,False,es
3392b8f0-b1a,079b4116,hbryant,2024-11-09 14:19:00,Evidence of fraudulent tabulation — officials silent. Share widely! ¡Increíble! 🇺🇸 #VoteSafe,153,32,27,83,2022-02-16,New York,False,es
b55e07cf-d50,d57f6a65,kenneth43,2024-11-09 02:47:09,Update: transparent count in my precinct. #VoteSafe,58,131,11,570,2018-05-25,Los Angeles,False,en-US
071d527b-65e,4cb18d95,derek79,2024-10-29 03:35:44,turnout update — observers reporting orderly process. #Election2024,35,254,89,2248,2012-06-13,New York,False,en
7415b914-491,ac0c915f,cray,2024-11-12 14:46:58,early voting numbers — observers reporting orderly process. https://news.site/article,7,183,48,816,2014-12-31,Miami,False,en
590986bf-93c,d487d1fb,ronald87,2024-11-08 17:10:33,ALERT: count manipulation across precincts — evidence points to fraud. #investigate,292,36,12,879,2022-06-03,Chicago,False,en
fc0aca65-899,52eb37b7,brocktiffany,2024-11-04 15:19:45,ALERT: polling update across precincts — evidence points to fraud. #electionfraud,126,667,16,307,2021-12-28,,False,en
1bbe6140-70f,9a7f1f1d,jacobgriffin,2024-11-03 00:21:30,voter rolls compromised found in vote tallies (307 suspicious),65,35,18,5171,2010-04-08,Chicago,False,es
85c4d1aa-da4,427a9613,james41,2024-10-29 17:31:46,polling update — official figures incoming.,43,14,18,1235,2016-06-24,Rural,False,en-US
aedfbd6c-86a,25c2f68a,zwebb,2024-11-05 16:38:04,polling update — observers reporting orderly process.,91,66,5,56,2012-11-30,Miami,False,es
c8d18d27-b7f,37461998,kimberlycalderon,2024-11-02 05:14:55,turnout update — observers reporting orderly process.,14,182,50,393,2018-09-11,Chicago,False,es
14c48bc1-2d7,1063d9b8,stewarteric,2024-11-12 18:00:47,Reports of voter rolls compromised in several precincts. Must be investigated!,56,23,5,193,2015-10-29,Chicago,True,en
4b9ef4e1-086,4d6e85ae,michael19,2024-10-31 00:00:28,ballot stuffing found in vote tallies (126 suspicious),17,31,11,333,2013-06-16,Philadelphia,True,es
6713e905-6ee,fe4ab2b7,robert16,2024-11-13 16:21:14,turnout update — observers reporting orderly process. #VoteSafe,54,23,69,76,2020-12-27,,False,en
b37c0472-365,c891418e,nathansmith,unknown,poll watchers report — observers reporting orderly process. #Election2024,59,41,62,288,2017-08-05,Rural,True,es
793dca49-093,9ac0790a,merrittmichael,2024-10-27 19:50:11,count manipulation found in vote tallies (307 suspicious) https://news.site/article,91,28,26,526,2019-06-12,Houston,False,en
ecdd9bd7-0fa,e159dc7f,taylormartin,2024-11-14 18:28:42,Reports of fraudulent tabulation in several precincts. Must be investigated!,118,381,7,174,2015-02-08,Miami,False,en-US
635be7f0-7f1,3dcdf6ce,lruiz,2024-10-30 01:21:16,poll watchers report — observers reporting orderly process.,84,59,23,8374,2014-04-25,Rural,False,es
4b7efe53-d38,fa7ea260,charles88,2024-11-13 09:59:35,Update: clean election in my precinct.,99,192,143,636,2017-02-16,New York,False,es
477f4f86-373,292699e9,tracie46,2024-10-27 23:16:06,poll watchers report — official figures incoming.,47,82,299,237,2017-10-04,Philadelphia,False,en
73fd46ce-289,fa7ea260,charles88,2024-11-10 18:20:56,ALERT: fake ballots across precincts — evidence points to fraud. #electionfraud,297,519,143,636,2017-02-16,New York,False,en-US
381aeeb6-121,a4e66988,swilliams,2024-11-12 08:10:49,poll watchers report — official figures incoming. #VoteSafe,9,8,20,809,2014-06-13,Miami,False,es
27968aa9-376,0837e781,cdavis,2024-11-14 11:53:06,Voter turnout steady in my area.,32,5,44,274,2012-04-02,Rural,False,en-US
3fcc45fd-737,00430c0c,milleramanda,2024-11-06 14:30:51,Update: smooth voting in my precinct. #VoteSafe,41,42,5,15287,2016-05-28,Chicago,False,en
79bb6fd1-534,e0527413,zwalsh,2024-11-11 04:10:25,Reports of voter rolls compromised in several precincts. Must be investigated! ¡Increíble! 🇺🇸,48,253,6,2145,2023-05-13,,False,en-US
02835563-907,8c84ec78,ogriffin,2024-11-14 23:22:22,early voting numbers — observers reporting orderly process.,88,105,107,620,2019-11-05,Miami,False,en
322728ab-10b,8ef425a4,baileychristian,2024-11-01 18:01:42,count manipulation found in vote tallies (235 suspicious) ¡Increíble! 🇺🇸,41,78,33,1446,2025-08-29,Miami,False,en-US
15f83a7a-366,ebd96487,akoch,2024-11-13 20:10:31,poll watchers report — observers reporting orderly process.,76,98,222,455,2023-01-16,Houston,False,en
db67392d-fb3,29a5330f,sshea,2024-11-12 15:06:10,early voting numbers — official figures incoming.,34,47,8,6575,2018-01-16,Los Angeles,False,en-US
7db35364-b8e,0d80ab4c,julia75,2024-10-26 09:51:49,Evidence of ballot stuffing — officials silent. Share widely!,37,59,29,3015,2020-06-15,Los Angeles,False,es
c399aba1-931,23f27f9b,dawncollins,2024-10-31 14:47:14,Evidence of ghost voters — officials silent. Share widely! ¡Increíble! 🇺🇸,190,122,30,496,2012-07-30,Rural,False,en-US
8ff23f94-919,8a14bba0,nancy80,2024-11-11 14:55:01,Update: transparent count in my precinct.,33,245,80,228,2010-01-23,Miami,False,en-US
b46daabb-945,24b04843,elizabeth04,2024-11-02 21:01:25,counting ongoing — observers reporting orderly process. https://news.site/article,44,164,0,399,2014-03-04,Rural,False,es
15b21f72-60d,7db6b14f,bcook,2024-11-09 21:07:53,Reports of ballot stuffing in several precincts. Must be investigated!,190,201,23,2746,2015-08-03,,True,en
69b22eb6-87f,478c4ca6,madisonhunt,2024-11-12 23:09:18,Update: observers confirm fairness in my precinct. https://news.site/article,97,210,0,351,2012-09-28,New York,False,en-US
c622ba11-14a,8860f4ff,jessica53,2024-10-26 12:00:33,Update: observers confirm fairness in my precinct.,68,173,282,67,2015-06-20,Los Angeles,False,es
546ca17e-7c4,8c356059,patrick96,2024-10-31 15:16:41,early voting numbers — observers reporting orderly process. https://news.site/article,93,247,477,158,2015-07-20,New York,False,en
8c2df6be-372,9a4d9530,foleylaura,2024-11-05 11:10:48,counting ongoing — observers reporting orderly process. #VoteSafe,46,44,7,445,2013-04-10,Chicago,False,en-US
bf51531c-287,37461998,kimberlycalderon,2024-11-01 11:42:29,illegal votes found in vote tallies (306 suspicious) #VoteSafe,61,329,50,393,2018-09-11,Chicago,False,es
7ab941b9-fbe,25c2f68a,zwebb,2024-10-29 02:31:55,ballot stuffing found in vote tallies (417 suspicious) https://news.site/article,119,370,5,56,2012-11-30,Miami,False,es
13454d0f-8c1,d33b0e80,jmckee,2024-11-13 12:02:12,Evidence of fraudulent tabulation — officials silent. Share widely! ¡Increíble! 🇺🇸,48,5,24,444,2013-01-11,Philadelphia,False,en
5f5108f8-861,da160248,pamela55,2024-11-06 20:07:29,early voting numbers — official figures incoming.,28,27,6,144,2019-07-09,Philadelphia,False,es
23769ecd-221,1f679327,cgiles,unknown,Update: transparent count in my precinct.,20,98,8,1423,2021-03-04,Los Angeles,False,en-US
b61ebaec-f2a,bffdef47,payneamber,2024-11-03 13:40:39,Update: transparent count in my precinct.,21,68,26,150,2024-10-12,New York,False,en
c43837a4-9c8,7f245a61,duartetammy,2024-10-27 11:06:24,turnout update — observers reporting orderly process.,97,274,464,487,2022-10-04,,True,en-US
09ec70e7-2a3,03646e8b,tracychen,2024-11-09 02:05:07,turnout update — observers reporting orderly process. https://news.site/article,85,141,72,2688,2015-02-15,Houston,False,en-US
ade4430e-945,af2126bd,lindsayjohnson,2024-10-30 12:44:19,Update: transparent count in my precinct. #Election2024,75,97,91,13606,2024-07-12,Rural,False,en
1b72dadc-16b,71d35bb6,daviddeleon,2024-11-02 01:23:33,counting ongoing — observers reporting orderly process.,21,161,6,2119,2014-06-25,Rural,True,es
ece434de-962,3b1338db,lucasmadison,2024-11-10 03:06:54,illegal votes found in vote tallies (473 suspicious) #Election2024,168,64,8,5505,2020-10-16,Miami,False,es
d7aa4581-c52,85d70bc2,marythomas,2024-11-04 06:30:46,polling update — official figures incoming. #Election2024,21,34,13,1121,2010-10-25,Houston,False,en-US
6f21efe4-83e,34845b76,gallen,2024-10-31 07:41:49,poll watchers report — observers reporting orderly process.,52,15,6,1167,2011-06-12,Miami,False,es
9832b8e9-ca4,784fbd46,qsanchez,2024-10-27 04:38:28,Reports of count manipulation in several precincts. Must be investigated!,185,314,8,422,2013-03-05,Rural,False,en-US
29c053a5-673,6b05a783,mmarsh,2024-11-02 06:29:53,ALERT: fraudulent tabulation across precincts — evidence points to fraud. #investigate,397,384,135,1736,2010-10-02,Los Angeles,True,es
e598d8fa-4fa,a1d97c99,bradybrad,2024-11-06 16:50:47,Update: trust the process in my precinct.,46,159,71,222,2024-04-18,Rural,False,en
0864f988-24a,1f7646f9,joseph76,2024-11-11 10:53:17,Update: transparent count in my precinct.,41,245,117,1121,2020-11-11,Miami,True,en-US
6bcf49c4-dc6,caa31acb,fmartinez,2024-11-07 10:03:12,ALERT: voter rolls compromised across precincts — evidence points to fraud. #investigate,361,505,30,2554,2012-02-20,New York,False,en-US
aecc86d6-bc3,cfbfc3e7,allisonann,2024-11-03 10:46:03,poll watchers report — official figures incoming.,28,47,25,200,2018-12-12,Houston,False,en-US
63936f68-d86,af53756d,mccannvalerie,2024-11-08 14:18:02,early voting numbers — observers reporting orderly process.,96,40,45,758,2011-04-29,Rural,False,en-US
f3906bc3-c1e,6b373357,xmcknight,2024-11-12 13:11:31,Reports of count manipulation in several precincts. Must be investigated!,123,79,131,35,2013-04-23,Houston,True,en-US
9687fe8f-215,c56e8841,margaretlara,2024-10-30 14:11:33,Update: clean election in my precinct. #VoteSafe,96,151,13,718,2023-06-13,Philadelphia,False,es
5ec908f9-c6d,ba898f1f,cheyenne86,2024-11-02 06:30:55,ALERT: fraudulent tabulation across precincts — evidence points to fraud. #investigate,183,720,53,974,2011-03-16,Rural,False,en-US
5907ec5c-87a,00929c7f,samueldavis,2024-11-11 20:36:09,Update: clean election in my precinct.,34,82,8,2740,2012-12-10,Miami,True,en
bd3a8c3b-3ca,0dde5ff5,clintonmcclain,2024-11-07 20:00:26,Evidence of ballot stuffing — officials silent. Share widely!,89,24,33,665,2012-03-08,Miami,False,es
06374f0e-156,6fb1b42e,whitedana,2024-11-09 07:57:19,early voting numbers — observers reporting orderly process. #VoteSafe,13,20,8,4895,2010-02-13,New York,False,en-US
42573289-38b,a056dc71,aolson,2024-11-03 17:26:01,polling update — observers reporting orderly process.,40,181,49,2705,2016-12-26,Miami,True,en
1280b6ae-e01,67c154b3,sarah67,11/10/24 06:20 PM,ALERT: fake ballots across precincts — evidence points to fraud. #investigate,113,388,320,656,2017-11-15,,False,en-US
42aad7a7-9d6,b4c42726,alexanderamy,2024-11-10 20:43:32,Voter turnout steady in my area.,7,52,63,636,2024-05-03,New York,False,es
a9e8fc80-e94,a3fa113b,debra78,11/04/24 01:51 PM,Evidence of rigged machines — officials silent. Share widely! ¡Increíble! 🇺🇸,130,396,101,376,2013-06-17,Los Angeles,False,es
e594f7dc-587,5c55df0c,pwoods,2024-10-30 18:27:35,ALERT: fake ballots across precincts — evidence points to fraud. #electionfraud,273,702,255,1269,2015-11-07,Philadelphia,False,en
5dc54ea5-e80,50ddefbd,julierhodes,2024-11-14 04:53:40,Update: clean election in my precinct.,18,153,17,728,2012-09-07,New York,False,en
69f0162e-f7e,200f4311,petersontracey,2024-11-13 14:05:15,Evidence of fake ballots — officials silent. Share widely!,111,258,51,1324,2015-11-19,Miami,True,en-US
67b63117-5d9,9c6796f0,chadwilliams,2024-11-12 05:47:29,poll watchers report — observers reporting orderly process.,93,129,62,5804,2022-06-02,Los Angeles,False,en
232ef1c4-32b,54ba74a9,mgalvan,2024-11-14 02:55:42,ghost voters found in vote tallies (217 suspicious),132,349,16,236,2015-03-27,Miami,True,es
6b7bb52d-3bd,71d35bb6,daviddeleon,2024-11-06 07:39:51,counting ongoing — observers reporting orderly process.,71,197,6,2119,2014-06-25,Rural,False,en-US
6b41bfa9-ebe,95fcb61b,malikcole,2024-11-04 13:07:10,Voter turnout steady in my area.,43,59,16,10987,2015-11-20,Houston,False,en
a3146340-8e4,a730b2ba,franksarah,2024-11-01 08:46:33,Reports of illegal votes in several precincts. Must be investigated!,113,32,185,491,2011-08-25,Philadelphia,False,en
07af6571-916,8f00341c,ureynolds,2024-11-03 23:25:09,Update: transparent count in my precinct.,48,89,33,632,2016-09-15,Los Angeles,False,en-US
c8b74150-74c,bce6f7ba,tanyalawson,2024-10-27 22:58:33,poll watchers report — observers reporting orderly process.,36,116,8,86,2025-07-23,Los Angeles,False,en-US
a02c7e7a-392,2eb6d87e,ostark,2024-11-09 23:59:01,ballot stuffing found in vote tallies (330 suspicious) ¡Increíble! 🇺🇸,98,116,9,2071,2020-07-09,Los Angeles,False,en-US
340e4b97-d54,1ec16bb3,veronica26,2024-11-07 06:17:31,Update: observers confirm fairness in my precinct.,7,11,28,222,2010-04-02,Rural,False,es
0c0cb9a8-808,34845b76,gallen,2024-11-02 00:40:42,Update: transparent count in my precinct.,35,65,6,1167,2011-06-12,Miami,False,en-US
e9867e31-cc4,708456f9,brooksjessica,2024-11-04 11:50:30,Voter turnout steady in my area.,23,17,38,52,2015-09-08,Rural,False,es
c4f4ab78-9c5,b80829f9,jamespatterson,2024-11-01 02:24:11,Voter turnout steady in my area.,4,57,6,58,2017-01-30,Houston,True,en-US
4654562f-6e0,103a8d39,vharris,2024-11-10 14:53:23,Update: observers confirm fairness in my precinct.,35,215,17,447,2014-04-26,Rural,False,es
5829ae33-654,f399e68f,mary31,2024-11-09 18:43:05,poll watchers report — official figures incoming.,18,8,64,93,2014-06-14,Philadelphia,False,en-US
ec0e702a-59d,08f91358,mkelley,2024-10-27 07:00:43,polling update — observers reporting orderly process.,55,20,241,4495,2020-02-28,Philadelphia,True,en
decad1f0-218,ba898f1f,cheyenne86,2024-10-30 09:15:07,early voting numbers — observers reporting orderly process.,97,48,53,974,2011-03-16,Rural,False,es
d6d542be-29b,4ff6ce4e,hannamichael,2024-10-31 21:09:36,Update: transparent count in my precinct.,72,137,347,2406,2009-09-06,Los Angeles,False,en-US
a30a626c-696,c1da444f,shannonnorton,2024-11-14 09:19:06,Update: clean election in my precinct.,5,203,13,753,2022-08-07,Rural,False,en
18ab1873-01b,306c3dd9,jason56,2024-11-01 21:06:21,turnout update — observers reporting orderly process. #Election2024,14,246,6,109,2015-02-17,Chicago,False,es
36f7df59-aa7,7b7aac7a,brockstephanie,unknown,Evidence of fake ballots — officials silent. Share widely!,140,307,15,92,2009-09-05,New York,True,en-US
86e50604-29c,351fbd15,darren29,2024-10-27 09:37:08,polling update — observers reporting orderly process.,15,251,76,869,2014-08-02,Miami,False,es
71cb8fd7-c32,e5baf815,david19,2024-11-12 04:52:30,Evidence of voter rolls compromised — officials silent. Share widely! ¡Increíble! 🇺🇸 #VoteSafe,22,323,73,70,2020-02-06,Philadelphia,False,en-US
9947ce43-619,a90baccb,kimberlyshepard,2024-10-28 11:13:14,Reports of ballot stuffing in several precincts. Must be investigated!,211,53,459,292,2024-05-12,Houston,False,en
6cd8458e-68f,519d2bd7,sherry07,2024-11-02 11:20:32,Update: trust the process in my precinct.,72,192,45,2527,2025-05-31,Rural,False,en
cde9fd1c-618,a9623259,kellerjustin,2024-10-29 07:27:41,fake ballots found in vote tallies (42 suspicious),93,74,284,119,2021-02-22,Los Angeles,False,en-US
f28eaf59-b96,fc6a9dea,alexaskinner,2024-11-13 10:23:25,Reports of fake ballots in several precincts. Must be investigated!,38,385,301,1885,2018-03-29,Chicago,False,en
601a73dd-08a,907f100c,rossleah,2024-11-08 17:45:42,ballot stuffing found in vote tallies (32 suspicious),168,324,50,40,2014-07-07,Chicago,False,en-US
140e9ce3-c26,03c796fb,carrie11,2024-11-04 04:50:10,Update: transparent count in my precinct.,40,11,59,346,2025-08-17,,False,en-US
5f40ff2f-633,c0088db8,jenniferwilliams,2024-11-13 21:05:35,poll watchers report — observers reporting orderly process.,25,109,108,1507,2017-06-08,Chicago,False,es
24144737-20a,00da557c,stonejeremy,11/05/24 01:36 AM,poll watchers report — official figures incoming.,35,86,61,139,2018-03-29,Philadelphia,False,en-US
0789ebaa-2b3,84016ff2,veronicastone,2024-11-03 22:37:26,Reports of ballot stuffing in several precincts. Must be investigated!,100,267,99,311,2013-05-23,New York,True,en
814ac381-e5d,de339f4a,uwilson,2024-11-01 06:40:02,counting ongoing — observers reporting orderly process.,2,42,37,794,2013-07-01,Rural,False,en
06629005-d56,e5739589,gbeck,2024-11-04 19:19:49,Evidence of rigged machines — officials silent. Share widely! #Election2024,71,228,21,89,2024-08-15,New York,False,es
a53deeab-50c,5e9cc2d5,tracy16,2024-11-01 07:35:15,Reports of fake ballots in several precincts. Must be investigated!,80,217,19,312,2015-07-14,Chicago,False,es
b3d8dc74-939,22950100,cynthiasoto,2024-11-04 01:07:30,Update: trust the process in my precinct.,91,201,24,5249,2009-10-14,Miami,False,en-US
53efb779-43c,7b0a4842,esmith,2024-11-06 09:36:10,Update: trust the process in my precinct. https://news.site/article,27,170,3,5064,2023-12-25,New York,False,en
b19c75f9-1e2,ce968842,qbrown,2024-10-28 02:24:44,Voter turnout steady in my area.,40,58,25,607,2019-12-18,Los Angeles,False,es
f889991a-7a7,871ebc51,robinperry,2024-11-02 10:46:51,Update: smooth voting in my precinct.,61,29,114,20668,2025-03-13,Rural,False,es
8ebfa898-e8b,88bf7a2b,johnstonemily,2024-11-11 03:00:53,ALERT: turnout update across precincts — evidence points to fraud. #electionfraud,60,660,16,342,2013-06-06,Los Angeles,False,en
ea5779cd-e17,9de1f226,hodgekevin,2024-10-26 09:16:40,poll watchers report — observers reporting orderly process.,22,158,36,1354,2021-05-26,Philadelphia,False,en
0a718696-0d5,f15a6716,griffindavid,2024-11-07 13:02:36,turnout update — observers reporting orderly process.,40,63,45,562,2022-09-05,Los Angeles,False,es
34b9a51e-7be,a55a2a8e,william17,2024-11-05 19:03:48,Voter turnout steady in my area.,35,21,8,564,2025-03-01,Philadelphia,False,es
47a48c7e-493,dcb70de4,michelecollier,2024-11-03 03:48:40,Voter turnout steady in my area.,30,62,90,1806,2014-06-27,Chicago,False,en
9ecfff83-fb3,d6579dbe,cmay,2024-11-14 16:39:00,Evidence of voter rolls compromised — officials silent. Share widely!,99,150,9,12643,2025-07-21,New York,False,en
b25bba6e-23c,74023412,bjackson,2024-11-10 18:38:22,Update: trust the process in my precinct.,18,196,24,19,2012-05-10,Chicago,False,en-US
66bdcf70-f49,3fc01285,sdavis,2024-11-03 13:24:18,Update: transparent count in my precinct. #Election2024,42,105,28,1472,2023-06-05,Miami,False,en-US
472f3ec0-80e,a1e7900a,tscott,2024-11-02 02:43:10,ballot stuffing found in vote tallies (273 suspicious) ¡Increíble! 🇺🇸,167,410,170,1821,2010-11-07,Miami,False,en-US
6acc0b16-4ab,85c12eb2,vanessa66,2024-10-27 15:34:51,early voting numbers — observers reporting orderly process.,59,216,20,7047,2017-04-29,,False,es
75ba1095-a66,50c91bc7,patrick11,2024-10-30 03:35:12,Update: trust the process in my precinct.,69,119,41,26897,2023-08-25,Chicago,False,en
782b0297-34f,b4f272f6,lozanojohn,2024-11-10 21:42:14,poll watchers report — observers reporting orderly process.,22,85,86,270,2025-07-01,Rural,False,en-US
c7aa930e-dd7,103a8d39,vharris,2024-11-12 13:04:20,poll watchers report — observers reporting orderly process. #VoteSafe,11,106,17,447,2014-04-26,Rural,False,es
100a11a8-2b4,31a45c0b,jessica47,2024-11-08 23:14:26,Update: trust the process in my precinct. https://news.site/article,53,26,87,2058,2015-10-03,Chicago,False,es
c4b4a72a-83a,ea508003,rholmes,2024-10-27 16:53:55,turnout update — observers reporting orderly process.,31,121,8,78,2023-04-08,Chicago,False,en
55fdfc52-5dd,27e8672c,ycrawford,2024-11-14 14:36:43,Evidence of rigged machines — officials silent. Share widely! ¡Increíble! 🇺🇸,58,380,163,427,2018-04-17,,False,en-US
291b403e-e4d,c89accba,psmith,2024-11-13 09:32:59,Reports of rigged machines in several precincts. Must be investigated!,121,281,219,26535,2024-07-26,Houston,False,en-US
40d7b791-0be,eb74abc3,dakotasmith,2024-11-04 13:52:21,Reports of fake ballots in several precincts. Must be investigated!,172,276,4,210,2013-10-13,Los Angeles,False,es
83fc6557-087,c347c322,joshua81,2024-11-03 01:33:42,Update: trust the process in my precinct.,20,246,44,45866,2025-04-04,,False,en
481d7f85-563,985ab9f2,hwallace,2024-10-27 09:38:54,early voting numbers — observers reporting orderly process.,95,8,8,746,2009-10-25,New York,False,es
9181112b-233,3626f336,nicole74,2024-11-01 06:07:46,Update: clean election in my precinct. #VoteSafe,22,117,14,513,2024-09-09,Miami,False,en-US
8a9d60b3-e8c,8095bd10,ucobb,2024-11-14 02:28:15,Reports of voter rolls compromised in several precincts. Must be investigated!,68,15,24,1345,2012-02-19,Rural,False,es
9210f465-821,6b373357,xmcknight,2024-11-13 08:48:18,illegal votes found in vote tallies (210 suspicious),193,249,131,35,2013-04-23,Houston,False,en
64f0b195-927,0e6ffea3,aroberts,2024-11-14 02:01:23,ballot stuffing found in vote tallies (473 suspicious),11,384,18,1142,2023-03-29,Rural,False,en
70a11c2e-744,4f5d5863,qglenn,2024-11-03 05:27:14,Evidence of ghost voters — officials silent. Share widely!,172,389,38,182,2018-11-24,Chicago,False,en
9ad457ad-51c,370053fd,tammyhughes,2024-10-29 20:24:18,ghost voters found in vote tallies (132 suspicious),192,73,7,1177,2024-11-30,Miami,False,es
f32df4e9-4cd,d9a69a95,ryanlee,10/28/24 10:56 AM,fake ballots found in vote tallies (87 suspicious),57,99,73,3085,2020-08-02,New York,False,en-US
f68a7c8f-368,81d9c1ce,mark77,2024-10-27 06:05:35,Update: transparent count in my precinct.,63,249,41,11960,2024-11-13,New York,False,en
bc0acd74-0b3,eb2a96ab,whart,2024-11-07 13:34:25,poll watchers report — observers reporting orderly process.,94,158,8,145,2021-05-01,Los Angeles,False,es
852b335d-076,54ba74a9,mgalvan,2024-11-02 15:58:15,Reports of fake ballots in several precincts. Must be investigated!,120,117,16,236,2015-03-27,Miami,True,es
c3f29b50-672,f9b4a316,george49,2024-10-30 16:47:46,counting ongoing — observers reporting orderly process.,33,66,224,537,2016-04-29,Chicago,False,en-US
b2f30373-c0c,6d95c6bd,johngray,10/30/24 11:42 AM,counting ongoing — observers reporting orderly process.,63,139,130,444,2023-07-09,Chicago,False,es
99527680-86e,a50def10,maria87,2024-11-05 00:49:11,ALERT: fraudulent tabulation across precincts — evidence points to fraud. #investigate,138,548,6,3362,2012-08-03,Los Angeles,False,en-US
8423df1a-2ea,5e061c8b,bmiller,2024-11-13 12:02:05,counting ongoing — observers reporting orderly process.,61,171,82,174,2025-02-21,Los Angeles,False,en-US
92129925-837,553da4a2,hudsonjoseph,2024-11-07 10:00:12,ALERT: voter rolls compromised across precincts — evidence points to fraud. #investigate,357,506,38,74,2018-09-08,New York,False,en-US
8b32ec63-f9a,eda9a8b9,aroberts,2024-11-09 09:10:30,turnout update — observers reporting orderly process.,74,75,9,28513,2021-01-24,Philadelphia,False,en
592510c5-449,3e8d2cea,ryanrichardson,2024-11-11 03:05:09,ALERT: turnout update across precincts — evidence points to fraud. #electionfraud,24,195,30,716,2025-08-31,Chicago,False,en
b530c4ec-cfd,21d1a06b,omaxwell,2024-10-30 07:50:14,polling update — observers reporting orderly process.,65,174,28,3573,2021-08-04,Chicago,False,en-US
d8340ecd-4e0,8095bd10,ucobb,2024-10-31 14:30:57,turnout update — observers reporting orderly process.,88,230,24,1345,2012-02-19,Rural,False,en
af87bae0-03a,4d6e85ae,michael19,2024-10-30 11:02:13,Reports of ballot stuffing in several precincts. Must be investigated!,101,158,11,333,2013-06-16,Philadelphia,False,en
abc288b0-e6a,519d2bd7,sherry07,2024-11-08 00:04:51,Update: transparent count in my precinct.,20,185,45,2527,2025-05-31,Rural,False,en
c195ee69-7a4,56f14741,samantha46,unknown,poll watchers report — official figures incoming.,57,59,86,409,2014-05-17,Chicago,False,es
5f0395fc-726,718c4e13,patricia62,2024-11-05 00:53:18,ALERT: fraudulent tabulation across precincts — evidence points to fraud. #investigate,344,555,152,1500,2012-09-13,Philadelphia,True,es
6dbdb1ab-dd9,a85abec9,eddiepittman,2024-11-04 17:39:00,Evidence of rigged machines — officials silent. Share widely!,127,52,171,297,2010-04-21,Houston,False,es
7c2fa1a3-ccd,aebf8c69,crystaljones,2024-11-13 14:55:23,counting ongoing — observers reporting orderly process.,93,4,32,775,2016-01-16,Chicago,False,en-US
5774e964-124,680fbbb7,gwatts,2024-11-01 16:57:21,counting ongoing — official figures incoming. #Election2024,21,19,48,650,2025-02-15,Chicago,False,en-US
72f891fb-f58,c351e340,umcguire,2024-11-02 15:51:06,Update: smooth voting in my precinct.,59,117,54,3363,2014-08-09,,True,en-US
d077b6f0-7ad,5444b826,floresheather,2024-10-27 04:20:41,Voter turnout steady in my area. #Election2024,39,21,16,440,2014-06-28,,False,en
c6273be4-c36,95fcb61b,malikcole,2024-11-12 18:12:59,Update: transparent count in my precinct. #VoteSafe,9,149,16,10987,2015-11-20,Houston,False,es
a3cd5c08-83a,543dd805,foleydavid,2024-11-01 05:51:07,early voting numbers — observers reporting orderly process.,7,54,26,917,2016-12-25,Los Angeles,False,en
b9fac467-677,a72faad1,scottdavis,2024-11-14 12:26:44,Update: clean election in my precinct.,3,153,46,532,2015-09-09,,False,es
809d1045-64b,1aeac545,peterskimberly,2024-11-07 03:52:21,Update: clean election in my precinct. #Election2024,40,147,46,520,2023-10-18,Chicago,False,en-US
03885a35-1a4,7db3c016,michelle22,2024-10-26 10:41:02,Reports of voter rolls compromised in several precincts. Must be investigated!,142,396,56,125,2022-06-26,Philadelphia,False,en
5dd24820-06d,b436b30f,robert41,2024-10-26 18:02:52,polling update — observers reporting orderly process.,69,136,67,728,2013-05-24,Miami,False,en-US
db003eee-77d,3eafd990,angela71,2024-11-01 09:06:16,polling update — observers reporting orderly process.,15,194,72,796,2020-11-09,Miami,False,en
70811ed6-ddd,fa1366de,bethdavis,2024-11-04 18:24:55,polling update — observers reporting orderly process.,3,160,30,308,2019-09-12,Houston,False,en-US
53bd332a-7aa,a828665a,josephtina,2024-11-13 21:18:25,Update: clean election in my precinct.,99,178,757,230,2017-04-07,Houston,False,en
fbadae92-a79,540f2cd3,chloefisher,2024-10-27 08:28:13,early voting numbers — official figures incoming.,31,14,46,546,2010-11-04,Philadelphia,False,en
e18d1865-683,c0952176,audreydavis,2024-11-08 18:52:13,Update: trust the process in my precinct.,92,176,25,2244,2020-05-31,Los Angeles,False,es
9e166c9f-6ce,8a4047c7,dlee,2024-11-12 19:39:30,ghost voters found in vote tallies (156 suspicious),148,395,7,145,2025-06-04,New York,False,es
f11234c7-fe3,847f6a96,jameshorton,2024-11-10 04:56:19,turnout update — observers reporting orderly process.,15,16,38,375,2025-05-23,Los Angeles,False,es
b16f6a8c-69d,2a805e45,troy73,2024-10-30 22:52:55,turnout update — observers reporting orderly process.,70,191,6,2132,2011-07-04,,False,en
7e32f085-cbe,b4a99d35,ibriggs,2024-11-01 20:48:50,Voter turnout steady in my area.,6,49,8,1438,2022-05-20,,False,es
e1226c60-ada,a9623259,kellerjustin,2024-11-07 15:01:33,Update: smooth voting in my precinct. #Election2024,63,31,284,119,2021-02-22,Los Angeles,False,es
f9fc1187-d08,4f63af45,jsanchez,2024-11-14 02:25:47,Update: transparent count in my precinct.,24,100,75,1991,2024-10-03,New York,False,es
71668dfc-db7,961da88c,bettysolomon,2024-10-27 17:52:33,polling update — observers reporting orderly process.,66,178,17,1689,2009-11-19,,False,en
da87e64c-118,edf65d6f,robertking,2024-11-05 03:22:13,Update: observers confirm fairness in my precinct.,16,154,234,14132,2009-11-29,Chicago,False,es
e4271bd8-86b,03646e8b,tracychen,2024-10-30 14:09:24,Update: observers confirm fairness in my precinct.,96,38,72,2688,2015-02-15,Houston,False,en
a8c97f76-f10,21f46f25,angela17,2024-11-13 13:03:18,early voting numbers — observers reporting orderly process. ¡Esto es falso!,78,79,105,975,2023-03-08,Philadelphia,False,es
b6db68c5-949,133c370a,obolton,2024-11-06 15:37:45,fake ballots found in vote tallies (42 suspicious),198,29,32,68,2013-08-13,Miami,False,en-US
90d06247-edf,bf3eb33d,mary57,11/01/24 02:09 AM,polling update — official figures incoming.,22,60,1,101,2023-10-15,Philadelphia,False,en-US
9e67f6de-3da,1f679327,cgiles,2024-10-27 03:27:52,Update: transparent count in my precinct.,3,146,8,1423,2021-03-04,Los Angeles,True,es
437b7274-cb2,4bf745f8,jeffreymurray,2024-11-15 05:00:28,poll watchers report — observers reporting orderly process.,36,34,2,126,2021-04-11,Chicago,False,es
a1debad9-bdb,22950100,cynthiasoto,2024-10-29 18:55:44,Evidence of ghost voters — officials silent. Share widely! ¡Increíble! 🇺🇸,67,228,24,5249,2009-10-14,Miami,False,en
dff4b516-a77,e4045c70,arobertson,2024-11-02 14:45:11,Update: observers confirm fairness in my precinct.,79,103,48,1709,2013-02-08,Miami,False,es
ea2b02b8-438,a4507883,huntkenneth,2024-10-26 07:32:31,Update: trust the process in my precinct.,78,70,62,934,2012-06-19,Rural,False,en-US
3dd484c9-80d,cc9f1599,derrick95,2024-11-10 18:21:30,ALERT: fake ballots across precincts — evidence points to fraud. #investigate,68,510,1,511,2010-09-08,New York,False,es
3c99947d-97f,9b865734,janicecurry,2024-11-06 05:55:17,poll watchers report — observers reporting orderly process.,110,220,112,1085,2014-02-01,Philadelphia,False,en
2af9616f-a69,ae2f316f,yangbrent,2024-10-26 10:44:07,fraudulent tabulation found in vote tallies (214 suspicious),164,148,4,626,2023-11-12,Houston,False,es
d9110a8e-71d,4539997f,zdiaz,2024-10-27 03:04:58,early voting numbers — observers reporting orderly process.,106,102,66,583,2025-09-19,Chicago,False,en
a0a1ad90-ca9,b9b1a438,elizabethwilliams,2024-11-10 13:37:55,poll watchers report — observers reporting orderly process.,96,119,46,3387,2014-07-25,Rural,False,en
bba3ffe8-5cb,3dcf6b84,noah90,2024-10-29 10:14:06,Update: smooth voting in my precinct.,41,143,8,242,2009-09-27,,False,en-US
1479cc37-9bb,9016bb85,justin09,2024-11-05 13:58:53,Update: smooth voting in my precinct. https://news.site/article,4,125,20,224,2015-08-27,Chicago,False,en
1bbe4105-3d1,1d83b7f7,syoung,2024-11-03 08:24:02,Update: trust the process in my precinct. #VoteSafe,3,213,66,154,2016-10-10,Los Angeles,False,en
ad47e8a1-512,838d66c7,tracyprice,2024-10-31 21:05:58,poll watchers report — observers reporting orderly process.,44,118,3,481,2017-01-02,Los Angeles,True,en
2248976a-56d,d605e978,stevenmiller,2024-11-13 14:07:05,Update: trust the process in my precinct.,51,234,37,174,2017-07-01,Miami,False,es
903ce107-1f5,ea531c69,kathryn25,2024-11-04 13:58:46,Evidence of fraudulent tabulation — officials silent. Share widely!,22,359,13,580,2022-02-08,Rural,True,es
da5a3250-2c9,201507be,foxjames,2024-10-28 02:43:45,turnout update — observers reporting orderly process.,27,92,8,80,2012-03-15,Chicago,False,en
8d3ea753-d2a,a1cd3bcf,mortonmarcus,2024-11-01 05:46:56,Update: trust the process in my precinct.,82,118,73,89,2009-11-08,Philadelphia,False,en
cb5d2b7b-44b,3dcdf6ce,lruiz,2024-11-14 20:24:27,Reports of ghost voters in several precincts. Must be investigated! ¡Increíble! 🇺🇸,34,195,23,8374,2014-04-25,Rural,False,es
6ba22f52-37a,22950100,cynthiasoto,2024-10-26 21:37:37,Evidence of voter rolls compromised — officials silent. Share widely! #VoteSafe,181,271,24,5249,2009-10-14,Miami,False,en
960b596c-393,2c5e4955,brendawoods,2024-11-06 01:02:53,rigged machines found in vote tallies (205 suspicious),175,195,364,301,2009-08-04,Chicago,False,en-US
1fc4be9e-2a2,c0088db8,jenniferwilliams,2024-11-02 19:07:11,Voter turnout steady in my area.,44,55,108,1507,2017-06-08,Chicago,False,es
dfbe2393-67c,38d65e59,abriggs,2024-10-31 20:21:37,polling update — observers reporting orderly process.,12,237,14,50,2020-08-09,Philadelphia,False,en-US
27f9d021-434,4f463492,rebeccasanders,2024-11-07 06:57:03,polling update — observers reporting orderly process.,13,219,21,652,2024-06-16,,False,en
5af86d83-0b8,10a390d1,dianaprice,2024-11-13 10:22:32,ALERT: poll watchers report across precincts — evidence points to fraud. #electionfraud,374,792,41,2160,2012-08-21,New York,False,en-US
c8a179e1-3ac,6c3bd99d,jstevens,2024-11-05 18:16:58,Reports of ballot stuffing in several precincts. Must be investigated! ¡Increíble! 🇺🇸 https://news.site/article,98,396,47,1308,2017-01-18,Houston,False,en
5fbffcd6-37a,153a083f,amygraham,2024-11-04 12:30:22,turnout update — official figures incoming.,13,29,53,17797,2024-11-03,Houston,False,en-US
e47e1a1e-f44,a1eb8b3e,benjamin81,2024-11-08 02:30:36,Evidence of illegal votes — officials silent. Share widely!,61,68,8,1517,2017-02-16,Los Angeles,True,en
50f52359-964,ad099a7e,codyjames,2024-11-12 02:02:38,Update: smooth voting in my precinct.,123,256,141,202,2011-05-08,New York,False,en
a6621f49-ab2,c9a8eab5,christine04,2024-11-05 05:24:28,turnout update — observers reporting orderly process. https://news.site/article,32,37,57,578,2023-09-30,Philadelphia,False,en-US
c994e85c-ced,3dcf6b84,noah90,2024-11-13 16:00:05,poll watchers report — observers reporting orderly process.,59,224,8,242,2009-09-27,,False,en-US
550e2c5d-34c,b23ce10f,robert01,2024-10-30 07:37:02,counting ongoing — observers reporting orderly process.,3,65,7,1723,2016-11-20,Philadelphia,False,es
77614a1f-4f3,ff4ab0b1,ssmith,2024-11-12 17:57:59,Voter turnout steady in my area.,15,39,26,120,2009-06-27,New York,False,es
2e40f496-721,3c4c951c,samuelsmith,2024-11-04 23:16:15,Voter turnout steady in my area. #Election2024,14,34,52,5483,2023-06-07,Chicago,False,en-US
9c4609a6-ea2,61b871f3,andrea51,2024-11-01 04:35:58,Update: smooth voting in my precinct.,43,118,135,369,2024-02-29,Miami,False,es
842df658-f99,bd0ee5cb,casey55,2024-11-11 01:24:15,Update: smooth voting in my precinct.,34,208,41,535,2019-12-20,Rural,False,en
2c6a1a14-449,795d6764,askinner,2024-11-05 00:12:27,polling update — observers reporting orderly process.,10,226,39,290,2022-01-15,Los Angeles,False,en
775b6514-e39,a1f717c2,rgrant,2024-10-29 05:14:48,Update: smooth voting in my precinct.,80,68,81,45,2023-01-22,Los Angeles,False,es
646293a4-52e,582878ba,caldwellkara,2024-11-15 04:56:39,polling update — official figures incoming.,32,42,1,911,2020-05-02,Philadelphia,True,es
c27039d2-3b3,47bec6db,meganrodriguez,2024-11-02 18:55:23,Evidence of fraudulent tabulation — officials silent. Share widely!,10,319,11,531,2020-03-17,Miami,True,en-US
2a1b3666-c07,96394338,blakeashley,2024-10-30 15:27:18,Reports of rigged machines in several precincts. Must be investigated!,175,285,25,401,2025-04-25,Miami,False,en
7c72fc21-b94,fda713b5,bradleyscott,2024-11-10 07:15:48,counting ongoing — observers reporting orderly process.,56,27,5,206,2018-05-03,Houston,False,en-US
5dff9588-51c,d02bbec7,amy38,2024-10-26 12:11:13,Reports of ballot stuffing in several precincts. Must be investigated! https://news.site/article,111,393,26,45,2017-03-05,Miami,False,es
6f76b792-cf6,541d49fd,cpacheco,2024-11-06 12:08:18,Update: clean election in my precinct.,25,76,12,156,2019-08-05,Rural,False,en
e6c05944-8d8,41b035bb,ryanrivera,2024-11-07 10:36:31,poll watchers report — observers reporting orderly process.,97,182,19,377,2020-11-30,Rural,False,en
2011ffde-997,961da88c,bettysolomon,2024-11-03 10:46:19,turnout update — observers reporting orderly process.,33,210,17,1689,2009-11-19,,False,en
44c667af-e23,fae67b45,jessica06,2024-11-13 23:21:13,poll watchers report — observers reporting orderly process. #VoteSafe,30,78,29,718,2023-03-09,Houston,False,en-US
e7699742-58a,e92a7f4a,gonzalezkimberly,2024-11-10 14:45:48,Evidence of ballot stuffing — officials silent. Share widely!,27,402,29,3097,2014-11-05,Miami,True,en-US
79598152-f02,ba898f1f,cheyenne86,2024-11-09 11:22:39,Update: observers confirm fairness in my precinct.,94,110,53,974,2011-03-16,Rural,False,es
39338b6e-58a,00929c7f,samueldavis,2024-11-02 05:12:24,poll watchers report — official figures incoming.,44,77,8,2740,2012-12-10,Miami,False,en-US
002cefcf-f17,98e54c35,mcclainmark,2024-11-04 15:17:59,ALERT: polling update across precincts — evidence points to fraud. #investigate,167,634,26,486,2022-06-22,,False,en
804ebefd-01c,cd9acfb3,ianmartinez,2024-10-28 03:34:17,turnout update — observers reporting orderly process.,74,54,221,698,2018-12-31,,False,en-US
f29dd6cd-979,904c53cb,carolinewood,2024-11-10 18:09:41,Update: transparent count in my precinct.,70,244,41,7825,2019-09-07,Rural,False,en-US
3fcac748-ac6,e7db7ef0,rmoody,2024-11-02 06:13:48,Update: trust the process in my precinct. #VoteSafe,30,98,7,953,2022-08-13,Rural,False,en
3b20dfbf-1f2,57ea7860,oconnorsteven,2024-10-31 17:34:10,rigged machines found in vote tallies (24 suspicious),123,298,131,2996,2016-11-02,Rural,False,en-US
977451e9-49d,314620dc,robinsonbrian,2024-11-02 13:07:34,counting ongoing — observers reporting orderly process.,85,68,37,515,2023-05-15,Miami,False,en-US
26891c92-083,167ffc1e,dmyers,2024-11-07 21:58:04,counting ongoing — official figures incoming. #Election2024,11,8,96,1961,2010-01-12,Los Angeles,False,en-US
55903b0a-26e,a9ee5994,jeffrey07,2024-10-30 06:36:37,polling update — observers reporting orderly process.,85,112,24,3138,2012-10-25,Chicago,False,en-US
4e3b6a12-9d7,56699e7a,lfox,2024-10-28 09:03:34,poll watchers report — observers reporting orderly process.,122,90,226,1608,2018-08-14,Rural,False,en
eca37c32-fc3,43fb7d66,shannonglenn,2024-11-05 09:52:24,polling update — observers reporting orderly process.,31,87,20,975,2012-05-26,Los Angeles,False,es
b86abc03-4e6,d9e156de,sbanks,2024-10-31 04:36:11,Evidence of fake ballots — officials silent. Share widely!,100,70,39,172,2012-05-10,Los Angeles,False,en-US
74ea2616-27e,99515d17,zoconnor,2024-10-29 09:20:06,Reports of ghost voters in several precincts. Must be investigated!,180,197,86,169,2016-08-17,Miami,False,es
61007d5f-c42,606a73c8,mendozafrank,2024-11-13 08:39:35,early voting numbers — observers reporting orderly process.,78,31,7,4305,2018-12-12,New York,False,es
4227932f-38a,ce968842,qbrown,2024-11-04 04:55:21,turnout update — observers reporting orderly process.,7,203,25,607,2019-12-18,Los Angeles,False,en
7de59f2e-250,839265ab,marybooth,2024-11-02 15:23:07,Evidence of ghost voters — officials silent. Share widely!,67,120,9,998,2022-11-11,Miami,False,en-US
a39d8179-502,e2441a4b,kimberlypalmer,2024-11-01 15:14:53,counting ongoing — official figures incoming.,21,92,190,2459,2024-01-28,,False,en
70f6c0e3-a8d,9f05acbd,tjones,2024-11-06 20:07:45,Voter turnout steady in my area. #VoteSafe,41,30,14,148,2021-05-22,Houston,False,es
9e9b722a-46a,4db19b1e,matkinson,2024-11-11 04:02:31,Evidence of fake ballots — officials silent. Share widely! #VoteSafe,119,303,157,5441,2010-02-11,Rural,False,es
f67a01a1-05e,9fa81bcd,henryross,2024-11-14 20:18:40,ballot stuffing found in vote tallies (332 suspicious) https://news.site/article,153,378,49,153,2022-01-15,Chicago,False,en
f8ebeb8e-833,1881c786,paul32,2024-11-10 01:14:00,Update: smooth voting in my precinct.,26,41,86,31049,2024-07-12,Chicago,False,en-US
9b3fa0e4-0ae,03e14f50,stephaniekelly,2024-11-05 00:53:00,ALERT: fraudulent tabulation across precincts — evidence points to fraud. #electionfraud,115,326,21,160,2013-03-20,New York,False,en-US
2ab13887-57f,a849c731,elizabeth60,2024-11-07 03:27:59,poll watchers report — observers reporting orderly process. #VoteSafe,53,24,26,2375,2017-05-01,Los Angeles,False,en-US
e3f4d156-47d,4539997f,zdiaz,2024-11-01 08:53:21,Evidence of ghost voters — officials silent. Share widely!,163,108,66,583,2025-09-19,Chicago,False,es
55158ee2-801,e285e9b6,betty51,2024-10-27 04:22:12,Update: smooth voting in my precinct.,48,177,4,208,2020-12-28,Chicago,False,en-US
071d1884-799,486e0131,vicki16,2024-11-03 00:17:36,counting ongoing — observers reporting orderly process.,13,28,14,138,2016-04-17,Philadelphia,False,es
ef74faea-b74,b80829f9,jamespatterson,2024-11-07 18:48:47,Update: transparent count in my precinct. #Election2024,74,94,6,58,2017-01-30,Houston,False,en-US
3b788f4f-d46,a8197a65,fcompton,2024-11-09 13:56:53,Reports of illegal votes in several precincts. Must be investigated!,20,258,66,2132,2023-12-22,New York,False,en-US
5b02d36e-0f1,f507db4b,stoneshelby,2024-11-06 06:58:08,turnout update — observers reporting orderly process.,53,107,74,286,2022-02-02,Rural,False,es
16f88b2b-f33,f84b3817,vtran,2024-10-30 05:53:00,Update: clean election in my precinct.,81,16,13,2048,2010-02-22,Chicago,True,en
49d5b0d2-3f9,5d9a7dda,markroman,2024-11-04 10:29:55,Update: transparent count in my precinct.,61,227,39,1648,2021-12-18,Miami,False,en-US
3ad02422-b1c,1b7e54f1,danielking,2024-11-02 21:26:03,Evidence of rigged machines — officials silent. Share widely! #Election2024,26,63,273,3389,2010-08-26,Los Angeles,False,en-US
8fbc955a-9fb,96394338,blakeashley,2024-10-27 02:44:52,counting ongoing — observers reporting orderly process.,100,194,25,401,2025-04-25,Miami,False,en-US
a77fc1b8-7e5,0e8c97cb,sarahrowe,2024-11-09 11:52:06,Reports of voter rolls compromised in several precincts. Must be investigated!,85,137,30,1537,2017-04-17,,False,en
9044301b-865,f36584c7,jamesjohn,2024-10-30 01:05:19,Update: trust the process in my precinct. #VoteSafe,51,96,21,57,2021-07-15,,False,en-US
6d64b780-68a,27a4a391,salazarandrew,2024-10-31 03:06:09,Update: smooth voting in my precinct.,20,91,3,4359,2015-09-30,Rural,False,es
9e90ff8b-f77,4a69f172,shanehutchinson,unknown,ALERT: fake ballots across precincts — evidence points to fraud. #electionfraud,311,86,12,1420,2014-05-16,Houston,False,en-US
a58c299f-bba,b4fb4033,susan37,2024-11-03 06:10:00,Update: clean election in my precinct. https://news.site/article,76,45,100,177,2024-12-13,Miami,False,en
bee0bac1-252,4d449991,johnlee,2024-11-12 08:22:12,Update: observers confirm fairness in my precinct.,40,225,74,2125,2024-08-09,,False,en
ee1f6f8a-a58,1b59d484,tanya13,2024-11-07 11:26:30,ghost voters found in vote tallies (92 suspicious),254,66,359,1347,2013-11-03,Rural,False,es
eafb9696-223,951eb72c,khernandez,2024-11-13 09:56:23,Update: trust the process in my precinct.,51,235,8,504,2021-10-07,Philadelphia,False,es
365b24b4-bdd,22950100,cynthiasoto,2024-10-29 10:37:58,turnout update — observers reporting orderly process. #VoteSafe,7,122,24,5249,2009-10-14,Miami,False,en-US
2fbf665f-eb0,aba29809,jordanjeff,2024-11-13 02:29:42,polling update — observers reporting orderly process.,51,81,72,31950,2023-05-21,Los Angeles,False,en
18e7a5af-d8d,951eb72c,khernandez,10/28/24 11:27 AM,Evidence of voter rolls compromised — officials silent. Share widely!,73,387,8,504,2021-10-07,Philadelphia,False,en
54510e3b-5ac,0837e781,cdavis,2024-11-14 16:25:23,early voting numbers — official figures incoming. #Election2024,45,45,44,274,2012-04-02,Rural,False,en-US
41868285-d00,3793bc35,brianaallen,2024-10-28 05:28:14,poll watchers report — observers reporting orderly process.,85,147,61,4455,2014-01-04,Los Angeles,False,en
e5a02ce5-6b5,36c991d3,justinmoore,2024-11-04 05:23:59,Evidence of count manipulation — officials silent. Share widely!,181,41,5,1404,2011-10-15,New York,False,en
dd4a03f6-a0c,34b942ca,christine35,2024-11-10 06:20:50,fraudulent tabulation found in vote tallies (338 suspicious) https://news.site/article,142,206,10,2843,2018-05-24,Miami,True,en-US
0306605a-2f6,789b1f55,spencerchristopher,2024-11-10 19:55:26,Evidence of fake ballots — officials silent. Share widely!,109,206,1034,81,2019-04-26,New York,True,es
020deb90-af8,3c4c951c,samuelsmith,2024-11-10 19:14:09,ALERT: poll watchers report across precincts — evidence points to fraud. #electionfraud,302,447,52,5483,2023-06-07,Chicago,False,en
27ee62cc-484,0a23903d,rogersgerald,2024-11-14 04:06:17,counting ongoing — observers reporting orderly process.,135,191,583,776,2017-09-24,Rural,False,en
4a343a6a-95e,dc21f7fc,audrey71,2024-11-12 06:08:59,poll watchers report — observers reporting orderly process.,45,94,33,449,2010-02-01,Chicago,False,en
5be74fb0-960,22464956,johnsontammy,2024-10-27 23:32:17,voter rolls compromised found in vote tallies (496 suspicious),120,174,10,664,2018-08-19,Houston,False,es
e43e309e-a05,65f14502,christopherelliott,unknown,poll watchers report — observers reporting orderly process.,27,2,17,276,2016-04-06,New York,False,en-US
4b98c4fe-dd3,c730b167,jacob70,2024-11-07 09:47:20,fake ballots found in vote tallies (135 suspicious),76,146,119,12317,2023-07-07,Philadelphia,False,en-US
d8e88e11-c4e,3b971fa7,jimenezgregory,2024-11-10 19:14:13,ALERT: poll watchers report across precincts — evidence points to fraud. #electionfraud,215,757,79,30285,2023-11-07,Los Angeles,False,es
c68ddbfb-c41,10e95709,oyoung,2024-10-28 08:23:40,Reports of ghost voters in several precincts. Must be investigated!,80,227,136,85,2020-07-16,Houston,True,en-US
c7001668-b6a,b1958221,kevinreyes,11/14/24 09:28 PM,Update: trust the process in my precinct.,15,180,8,656,2013-02-22,Los Angeles,False,es
3ea6ec93-3a3,46ef6dd4,yirwin,2024-11-07 15:42:45,Reports of illegal votes in several precincts. Must be investigated!,80,34,11,136,2019-06-09,Philadelphia,False,en-US
c9f58bdf-97f,43fb7d66,shannonglenn,2024-10-28 10:40:45,Evidence of voter rolls compromised — officials silent. Share widely! ¡Increíble! 🇺🇸,4,34,20,975,2012-05-26,Los Angeles,False,en
8a4ddd54-310,bf2a0585,pottssylvia,2024-11-09 05:33:11,Update: transparent count in my precinct.,66,192,45,1556,2017-10-30,Rural,False,en
b314cd16-c4c,fa489b71,zacharycarroll,2024-11-04 18:29:54,turnout update — observers reporting orderly process. #VoteSafe,81,165,180,271,2009-05-09,Rural,False,es
bfdb413c-337,869c9115,dking,2024-11-06 20:30:03,polling update — observers reporting orderly process.,74,114,29,277,2010-03-17,,True,en
78bcbd3b-e5c,f394cde9,george54,unknown,polling update — observers reporting orderly process.,46,70,91,355,2020-12-18,Rural,False,es
0c428a26-cd0,871ebc51,robinperry,2024-11-04 01:46:01,Update: clean election in my precinct. #Election2024,35,190,114,20668,2025-03-13,Rural,True,en-US
7a37eb66-8f8,ed507f07,julie71,2024-11-08 10:18:16,turnout update — observers reporting orderly process. https://news.site/article,36,136,23,79,2013-05-08,Houston,False,en
d4bb5519-d8c,5bef1bdd,delgadojohn,2024-10-31 15:10:40,Update: clean election in my precinct.,20,136,27,744,2024-09-24,Philadelphia,False,es
620889bf-ccf,62e4ec44,lisacunningham,2024-11-09 04:17:20,Update: smooth voting in my precinct.,66,123,164,237,2022-10-13,Chicago,False,en-US
e0bc609f-613,694be2eb,tyler46,2024-11-10 19:12:29,ALERT: poll watchers report across precincts — evidence points to fraud. #electionfraud,276,739,11,688,2025-02-09,Miami,False,en-US
0b4d4b0d-03c,15aedf38,mcdanielchris,2024-11-08 20:20:01,Evidence of rigged machines — officials silent. Share widely! ¡Increíble! 🇺🇸,193,159,7,481,2017-11-01,Philadelphia,False,en-US
6f900aaf-cdb,fa489b71,zacharycarroll,2024-11-07 04:34:01,Update: transparent count in my precinct.,86,157,180,271,2009-05-09,Rural,False,es
4b9f9b25-368,f9a0b58f,tdaniels,11/02/24 12:27 PM,Update: observers confirm fairness in my precinct. #VoteSafe,42,111,53,6174,2023-08-08,Houston,False,es
956f9059-484,7d0cf5af,tgonzalez,2024-11-11 22:12:39,Evidence of rigged machines — officials silent. Share widely! ¡Increíble! 🇺🇸 #VoteSafe,155,24,332,1145,2021-10-19,Houston,False,en
ce1b1eb5-e32,93f6d6c3,ricewilliam,2024-11-08 00:51:27,Update: transparent count in my precinct.,32,121,39,1719,2022-05-09,New York,False,es
6a8e177d-a70,3eb685b3,leslienavarro,2024-11-01 02:04:24,early voting numbers — observers reporting orderly process. #VoteSafe,52,133,12,56,2009-07-14,Houston,False,es
52b5d76d-ae2,c676b98b,brian92,2024-10-31 12:57:27,Update: clean election in my precinct. https://news.site/article,2,66,20,318,2022-07-01,Miami,True,en
b8dd22b1-e9e,36871186,carlsonsherri,2024-10-27 17:19:02,Evidence of ghost voters — officials silent. Share widely! ¡Increíble! 🇺🇸,28,92,54,956,2022-03-24,Los Angeles,True,en
564b9717-395,5c75b196,elizabeth76,2024-11-05 04:19:05,turnout update — observers reporting orderly process.,53,24,86,276,2024-03-30,Los Angeles,False,en-US
c13952ec-8f4,c77ee379,paul25,2024-11-07 17:01:59,fraudulent tabulation found in vote tallies (43 suspicious) ¡Increíble! 🇺🇸,94,5,19,10795,2011-09-12,Rural,False,en-US
a97cbaad-1a8,2a03a25d,warren56,2024-11-08 17:10:05,ALERT: count manipulation across precincts — evidence points to fraud. #investigate,381,600,8,994,2015-12-29,Los Angeles,False,en-US
631b613c-def,38096daf,sphillips,2024-11-12 12:27:33,Update: trust the process in my precinct.,52,121,128,1530,2013-09-26,Los Angeles,False,en-US
8b0d1109-4a1,df666350,david41,2024-11-04 14:37:50,Update: smooth voting in my precinct. https://news.site/article,38,200,17,166,2023-09-23,Philadelphia,False,en-US
515937ce-974,75b66881,kevinlewis,2024-10-29 09:26:54,early voting numbers — official figures incoming. #Election2024,9,75,15,3168,2023-07-14,New York,False,en-US
3d337ab0-bbf,4e4228fe,vnunez,2024-11-14 16:10:24,early voting numbers — observers reporting orderly process.,84,235,22,165,2022-10-23,,False,en-US
b71a13e9-d92,c4eb9079,castillorobert,2024-11-12 05:28:07,Update: smooth voting in my precinct.,70,149,36,76,2013-07-12,Los Angeles,False,en
aed6a04f-2d1,1b7e54f1,danielking,2024-11-05 11:11:42,Update: trust the process in my precinct.,57,79,273,3389,2010-08-26,Los Angeles,True,en
060ed832-236,486e0131,vicki16,2024-11-07 10:01:28,ALERT: voter rolls compromised across precincts — evidence points to fraud. #investigate,173,708,14,138,2016-04-17,Philadelphia,False,es
cff912de-079,656544e6,vhurley,2024-11-10 00:58:02,fake ballots found in vote tallies (239 suspicious) https://news.site/article,24,169,99,588,2020-09-19,Los Angeles,False,en
2a7b6309-3c9,f6ee7101,jennifermiller,2024-11-13 06:20:54,turnout update — official figures incoming.,34,67,5,2439,2009-08-20,Chicago,False,en-US
3be99b83-8ff,9ccedeee,villegascourtney,11/02/24 04:21 PM,early voting numbers — observers reporting orderly process. #VoteSafe,71,182,22,5446,2023-04-23,Philadelphia,False,es
b3607d48-3dd,2babb024,jason90,2024-11-05 17:12:45,Update: transparent count in my precinct. #VoteSafe,69,33,121,1053,2013-07-28,Rural,False,en
533da789-634,bffdef47,payneamber,2024-11-11 11:55:27,Update: observers confirm fairness in my precinct.,32,99,26,150,2024-10-12,New York,False,es
96252110-e7e,315fb146,ethanprice,2024-11-13 16:21:58,Update: clean election in my precinct.,85,52,4,632,2021-02-04,Miami,False,en-US
26c6c6c5-693,0f0cb2cd,vhall,2024-11-08 04:12:49,count manipulation found in vote tallies (487 suspicious) ¡Increíble! 🇺🇸,97,24,48,7910,2012-05-06,Miami,False,es
2bd7739c-f6e,a2cc21bf,robert99,2024-11-05 00:53:46,ALERT: fraudulent tabulation across precincts — evidence points to fraud. #electionfraud,74,398,43,2858,2017-10-12,Rural,False,en-US
f841f030-b34,76bf2c5b,douglassingh,2024-10-30 18:30:54,ALERT: fake ballots across precincts — evidence points to fraud. #electionfraud,10,266,8,663,2013-03-05,Philadelphia,False,es
a4712cd3-ccb,5e734321,xwilson,2024-11-01 20:12:24,counting ongoing — observers reporting orderly process.,7,128,88,762,2012-10-27,,False,en-US
11b0ccf0-866,4e4228fe,vnunez,2024-10-28 00:48:40,Evidence of fake ballots — officials silent. Share widely! https://news.site/article,104,257,22,165,2022-10-23,,False,es
40b5c95e-a35,9ccedeee,villegascourtney,2024-11-03 03:00:05,polling update — observers reporting orderly process.,98,116,22,5446,2023-04-23,Philadelphia,False,en-US
6559e71d-027,562374a6,kyle09,2024-10-28 07:15:05,Update: transparent count in my precinct. #Election2024,79,213,10,81,2015-11-18,Houston,False,en
80350f6c-5a5,b23ce10f,robert01,11/09/24 07:02 AM,turnout update — observers reporting orderly process.,74,39,7,1723,2016-11-20,Philadelphia,False,en-US
0d7533ba-276,e903741b,matthew24,2024-11-05 00:52:14,ALERT: fraudulent tabulation across precincts — evidence points to fraud. #investigate,375,407,16,1209,2015-05-22,Rural,False,es
bee47c9b-e7a,8860f4ff,jessica53,2024-10-30 12:00:01,early voting numbers — official figures incoming. https://news.site/article,24,46,282,67,2015-06-20,Los Angeles,False,en
8ab809a4-456,5cfd7380,chelseastewart,2024-11-10 06:09:20,Update: trust the process in my precinct.,48,107,15,171,2016-09-22,,False,es
c3ef6543-fc1,1aeac545,peterskimberly,2024-11-03 10:53:09,Update: observers confirm fairness in my precinct.,13,161,46,520,2023-10-18,Chicago,False,en-US
016999a5-eb0,9b865734,janicecurry,11/10/24 02:46 PM,turnout update — official figures incoming. https://news.site/article,47,33,112,1085,2014-02-01,Philadelphia,False,en-US
4fad5f62-d57,3dcdf6ce,lruiz,2024-10-26 19:52:26,Update: smooth voting in my precinct.,12,178,23,8374,2014-04-25,Rural,True,en-US
4757bbe3-9e0,50521282,matthew58,2024-10-29 22:10:32,Update: clean election in my precinct.,46,90,31,1995,2014-12-24,Philadelphia,False,en-US
ae78c390-1b3,50ddefbd,julierhodes,2024-10-28 15:30:59,turnout update — observers reporting orderly process.,41,96,17,728,2012-09-07,New York,False,en
732f9398-c61,5c55df0c,pwoods,2024-10-28 07:45:52,Update: observers confirm fairness in my precinct.,117,60,255,1269,2015-11-07,Philadelphia,False,en
7e72fdab-928,6d95c6bd,johngray,2024-10-28 08:27:57,Update: observers confirm fairness in my precinct.,46,77,130,444,2023-07-09,Chicago,True,es
ba897614-aae,2df7e010,porterclayton,2024-10-29 20:29:50,Update: clean election in my precinct.,21,201,79,206,2022-02-03,Philadelphia,False,es
a2f1122a-dd4,b35d32d2,tylerbryan,2024-11-12 05:53:03,Update: observers confirm fairness in my precinct.,8,19,6,2532,2024-09-08,Rural,True,es
14c7dded-671,ce981f08,vhawkins,2024-11-10 01:56:42,Reports of fake ballots in several precincts. Must be investigated!,54,366,75,749,2019-05-25,Los Angeles,False,en
8aad7026-307,c14e1db0,cassiepatel,2024-11-13 03:03:03,polling update — observers reporting orderly process.,29,32,8,4787,2021-05-16,Los Angeles,False,en-US
ab3fb94c-998,b3057248,christinebailey,2024-11-12 22:38:51,Voter turnout steady in my area.,30,47,36,389,2011-03-08,Chicago,False,en-US
1ce52bd9-aaf,062094b6,jenniferdavis,2024-10-28 10:21:17,polling update — observers reporting orderly process.,95,194,53,1852,2013-05-07,New York,False,es
a8df2ae7-468,aba29809,jordanjeff,2024-11-12 13:21:18,polling update — observers reporting orderly process.,89,57,72,31950,2023-05-21,Los Angeles,False,en
dc75aade-fd7,69f54774,theodore36,2024-10-31 05:09:15,Update: trust the process in my precinct.,59,109,45,300,2015-12-09,Chicago,False,en-US
45697a9b-49b,465d36b6,tracyterrell,2024-11-07 06:45:27,Evidence of fraudulent tabulation — officials silent. Share widely!,104,401,67,756,2012-05-30,Los Angeles,False,en
1fd5f421-10d,34151431,iknight,2024-11-03 14:40:48,Update: smooth voting in my precinct.,6,96,40,63,2021-01-21,Los Angeles,False,es
de8b4a53-4b3,ad117feb,masonjohn,2024-11-11 23:47:02,ALERT: counting ongoing across precincts — evidence points to fraud. #investigate,328,702,9,673,2015-05-19,,False,es
255689ea-2c0,573510fe,bakerdavid,2024-11-09 16:58:07,early voting numbers — official figures incoming.,49,10,14,1705,2021-03-07,Philadelphia,True,en
cf655fc7-620,44ed8748,zhenry,2024-11-09 01:54:09,Update: trust the process in my precinct.,74,173,16,15321,2025-04-10,Philadelphia,False,es
e7e23085-6c3,15aedf38,mcdanielchris,2024-11-07 00:18:37,Reports of illegal votes in several precincts. Must be investigated!,20,102,7,481,2017-11-01,Philadelphia,False,en-US
b04a2c1c-2c7,435629e3,rmarshall,2024-11-01 08:13:22,Update: smooth voting in my precinct.,97,56,97,21527,2024-06-07,Philadelphia,False,es
611f1cd3-839,2e29a7d8,michaelnash,2024-10-30 20:09:56,early voting numbers — observers reporting orderly process.,9,21,47,1096,2020-11-23,Philadelphia,False,es
959ebcdd-685,49f38cb1,kayla75,2024-11-07 07:19:58,polling update — observers reporting orderly process.,41,21,14,189,2012-10-25,Rural,False,en-US
d97c9e1a-f8c,a099d684,swise,2024-11-08 17:12:56,ALERT: count manipulation across precincts — evidence points to fraud. #investigate,206,267,33,438,2011-06-16,Houston,False,en-US
365375a1-d00,54d2a3b3,smithpamela,2024-11-03 08:02:23,Evidence of voter rolls compromised — officials silent. Share widely! #Election2024,76,200,11,43314,2025-03-30,Houston,False,en
1eae6cd5-5f9,652e69b6,mfigueroa,2024-11-05 18:05:53,counting ongoing — observers reporting orderly process.,15,101,11,146,2018-01-21,Chicago,False,es
e3845caa-c92,7233f601,bhutchinson,2024-11-13 03:57:04,Update: trust the process in my precinct.,16,62,306,850,2017-02-18,Miami,False,en
ed48d7a5-650,988f9cda,greenmelissa,2024-10-27 05:46:42,early voting numbers — observers reporting orderly process.,217,131,1078,1012,2015-09-26,Philadelphia,False,en
59cd62c9-cc7,5d104c84,lunamegan,2024-11-02 19:41:34,early voting numbers — official figures incoming.,20,19,27,871,2013-10-06,Philadelphia,True,es
ab7c3142-45d,b0995615,kellyangela,2024-10-28 18:24:06,turnout update — observers reporting orderly process.,12,116,137,483,2021-11-22,Los Angeles,False,es
47450e70-37b,604987b1,lisahoward,2024-11-13 05:08:08,Evidence of ballot stuffing — officials silent. Share widely! ¡Increíble! 🇺🇸,11,49,22,728,2021-07-24,Philadelphia,False,en-US
31650c7a-96e,1dbf2a1a,tconrad,2024-11-03 21:08:38,early voting numbers — observers reporting orderly process.,4,110,45,114,2021-06-17,Rural,False,en
dc4ef857-59e,875419eb,charlesdean,2024-11-09 10:35:40,counting ongoing — observers reporting orderly process. #Election2024,61,128,10,671,2021-08-22,Chicago,True,en-US
de4652e2-d9d,6b5012a1,yperez,2024-11-13 12:25:28,Update: observers confirm fairness in my precinct.,1,115,17,426,2021-07-10,New York,False,en-US
b4333136-422,087a923d,jacobsonpeter,2024-11-02 06:29:38,ALERT: fraudulent tabulation across precincts — evidence points to fraud. #electionfraud,302,154,119,17160,2023-11-30,Rural,False,en
48c9d2f6-94e,2fda970b,nguyenjason,unknown,ghost voters found in vote tallies (225 suspicious) ¡Increíble! 🇺🇸,89,143,51,684,2019-01-10,Philadelphia,False,es
50ebed3f-20a,41f78e3a,lucas35,2024-11-05 21:17:33,Update: observers confirm fairness in my precinct.,93,101,23,325,2017-08-08,Miami,False,es
d38a5674-81e,f29b638f,patrick08,2024-11-11 23:11:09,ballot stuffing found in vote tallies (74 suspicious) https://news.site/article,144,220,45,1479,2014-09-26,Chicago,True,es
4d566e00-ae0,066d345c,jasminethomas,2024-11-07 16:00:45,Reports of fraudulent tabulation in several precincts. Must be investigated! ¡Increíble! 🇺🇸,159,89,5,28578,2024-04-19,New York,True,en
fc3da241-89f,45d75f2b,calebhowell,2024-11-01 19:52:30,Update: clean election in my precinct.,28,90,109,793,2020-08-18,,False,es
bac1101c-4e4,f9a0b58f,tdaniels,2024-11-01 21:41:32,count manipulation found in vote tallies (344 suspicious) ¡Increíble! 🇺🇸,181,231,53,6174,2023-08-08,Houston,False,en-US
0acde00d-78c,2d7eb05a,hconner,2024-11-03 00:33:10,counting ongoing — official figures incoming.,37,20,42,791,2025-07-05,Rural,False,en-US
db49b6af-43c,a4507883,huntkenneth,2024-11-05 19:47:53,Reports of count manipulation in several precincts. Must be investigated! #VoteSafe,10,344,62,934,2012-06-19,Rural,False,es
9baf6373-ab0,10e95709,oyoung,2024-11-05 02:35:13,illegal votes found in vote tallies (403 suspicious) ¡Increíble! 🇺🇸 https://news.site/article,107,195,136,85,2020-07-16,Houston,False,en
cafa9dfb-3d1,00da557c,stonejeremy,10/28/24 12:41 AM,polling update — observers reporting orderly process.,9,118,61,139,2018-03-29,Philadelphia,False,en-US
68f035aa-677,2eb719ac,gregory15,2024-11-14 22:04:38,counting ongoing — observers reporting orderly process.,99,84,17,621,2015-01-24,Houston,False,es
d17494d6-36b,b5f531c2,andrea10,2024-11-07 10:00:13,ALERT: voter rolls compromised across precincts — evidence points to fraud. #investigate,357,35,18,146,2016-06-25,Chicago,False,es
d84c2607-4ce,a1d97c99,bradybrad,2024-11-05 16:07:45,Evidence of illegal votes — officials silent. Share widely!,100,264,71,222,2024-04-18,Rural,False,en-US
d5c05fbc-12a,3b343e05,hoffmanchad,2024-11-06 13:24:45,Evidence of ghost voters — officials silent. Share widely! ¡Increíble! 🇺🇸,2,293,59,2075,2011-11-26,Philadelphia,False,es
e3751892-0f2,b80829f9,jamespatterson,2024-10-28 01:24:38,early voting numbers — observers reporting orderly process.,25,62,6,58,2017-01-30,Houston,False,es
6df51ac6-8e5,4c5b140a,lcooper,2024-11-12 12:39:23,Update: transparent count in my precinct.,28,181,91,2093,2018-09-29,Miami,False,en
bce00cec-9c3,5e734321,xwilson,2024-11-02 01:55:08,early voting numbers — observers reporting orderly process.,26,76,88,762,2012-10-27,,True,es
12d01cb4-3c8,6afee4d6,tanya74,2024-10-29 12:41:07,early voting numbers — observers reporting orderly process.,35,75,4,198,2015-04-25,,False,es
1353ad14-f66,b1fc5f64,jcunningham,2024-10-27 05:36:45,poll watchers report — observers reporting orderly process.,133,117,654,306,2020-01-20,,False,en
1a113195-0c5,b4fb4033,susan37,2024-11-07 10:51:55,turnout update — observers reporting orderly process.,96,233,100,177,2024-12-13,Miami,False,en-US
592db2ee-a2f,012fe738,megan66,2024-11-05 02:59:34,turnout update — official figures incoming.,26,48,49,180,2016-06-29,Rural,False,es
5b234044-f70,c4eb9079,castillorobert,2024-11-07 23:36:45,Reports of ghost voters in several precincts. Must be investigated! ¡Increíble! 🇺🇸,98,402,36,76,2013-07-12,Los Angeles,False,en-US
567d1527-9ee,fc6b865a,emilyhart,2024-10-28 15:01:22,Reports of illegal votes in several precincts. Must be investigated! #VoteSafe,61,98,86,78,2020-09-17,Chicago,False,es
d5c22aa4-d99,50e3ba66,zfreeman,2024-11-02 15:48:21,early voting numbers — official figures incoming.,14,83,82,364,2010-08-19,Philadelphia,False,en
586995c8-1ce,4d6e85ae,michael19,2024-11-07 10:50:24,Update: clean election in my precinct. #VoteSafe,80,108,11,333,2013-06-16,Philadelphia,False,en-US
41757350-8c3,71cfa398,wlee,2024-11-13 02:25:07,Evidence of count manipulation — officials silent. Share widely! ¡Increíble! 🇺🇸,130,62,12,289,2016-10-24,Philadelphia,False,es
2d4efa85-3da,ecc5d893,matthewcoleman,2024-11-10 19:12:48,ALERT: poll watchers report across precincts — evidence points to fraud. #electionfraud,99,4,52,1343,2011-03-28,Chicago,False,en-US
91adab6d-bac,b1836f45,joseph30,2024-11-04 14:47:52,Update: trust the process in my precinct.,21,149,51,1705,2021-08-14,Los Angeles,False,en-US
799ea118-643,5233ca01,deannaberg,2024-11-02 04:59:14,Reports of fraudulent tabulation in several precincts. Must be investigated!,126,99,217,821,2013-05-29,,True,en
ec85fbfb-1b5,14445632,amanda27,2024-11-07 07:33:11,Update: clean election in my precinct.,60,72,53,494,2018-03-28,Los Angeles,True,en
c10d3835-69f,f9a0b58f,tdaniels,2024-10-27 07:17:38,Update: smooth voting in my precinct.,77,173,53,6174,2023-08-08,Houston,False,es
8a3095f6-a14,27a4a391,salazarandrew,unknown,counting ongoing — official figures incoming. #Election2024,41,6,3,4359,2015-09-30,Rural,False,en
5a940011-ada,50e3ba66,zfreeman,2024-10-27 18:44:27,Update: observers confirm fairness in my precinct.,96,252,82,364,2010-08-19,Philadelphia,False,en-US
337da8b0-854,681d3d51,lesterchristina,2024-11-14 13:35:40,Update: observers confirm fairness in my precinct. #Election2024,10,73,23,1002,2022-07-01,Los Angeles,False,en-US
ddcea1d9-c55,bf3eb33d,mary57,2024-11-09 00:33:05,Update: observers confirm fairness in my precinct.,5,237,1,101,2023-10-15,Philadelphia,False,en-US
8a3e3165-e30,fbf02f41,oknight,2024-11-11 13:42:49,Evidence of voter rolls compromised — officials silent. Share widely!,30,314,2,908,2017-01-26,Rural,False,en
42578dae-ba0,3b7dfa6f,tiffanyhall,2024-11-11 03:05:20,ALERT: turnout update across precincts — evidence points to fraud. #investigate,372,176,10,104,2020-05-21,New York,False,en-US
3080ec0a-300,fc6b865a,emilyhart,2024-11-02 01:47:54,poll watchers report — observers reporting orderly process.,65,128,86,78,2020-09-17,Chicago,False,en-US
bb98abb7-e1c,cc9f1599,derrick95,2024-11-08 02:23:41,turnout update — observers reporting orderly process.,90,243,1,511,2010-09-08,New York,False,en
1e61885a-b37,0c9310dd,rdouglas,2024-11-09 02:11:11,poll watchers report — observers reporting orderly process.,56,146,203,4180,2018-01-17,New York,False,en
dfaa04ef-f02,5ebc7422,lisamarquez,2024-10-28 10:24:41,rigged machines found in vote tallies (182 suspicious),68,26,87,5237,2024-03-05,Miami,False,en
3d98a79b-b6e,c52a49b9,patricia82,2024-11-06 12:32:00,Evidence of ballot stuffing — officials silent. Share widely!,77,68,38,250,2015-11-23,Chicago,True,en-US
1dde5d1a-a0d,a169d844,fostermatthew,2024-11-02 20:04:13,poll watchers report — official figures incoming.,16,38,2,1677,2024-09-23,Chicago,False,en-US
46c0df02-535,582878ba,caldwellkara,2024-11-11 23:51:48,ALERT: counting ongoing across precincts — evidence points to fraud. #electionfraud,333,391,1,911,2020-05-02,Philadelphia,False,en
695f51b0-d06,3190ea2e,clarkheather,2024-11-01 08:47:27,early voting numbers — official figures incoming.,30,5,46,569,2019-06-14,New York,False,en
69dd7a73-c0b,1b30f18a,hcox,2024-10-26 09:57:56,voter rolls compromised found in vote tallies (173 suspicious),185,124,42,184,2020-05-21,New York,False,en
ddb08fd8-bb0,5ecfa606,ymorris,2024-11-14 06:32:39,Update: clean election in my precinct.,98,177,189,2702,2020-02-18,Miami,False,es
00bb1d95-5c7,18898656,olivia21,2024-11-01 03:53:45,counting ongoing — observers reporting orderly process.,82,86,60,1431,2019-02-14,Rural,False,en
4b384911-357,3d977508,jordandarren,2024-11-11 21:27:45,turnout update — observers reporting orderly process. https://news.site/article,76,225,8,383,2011-08-11,Rural,False,es
6aaadb25-4c7,0cebe8cb,banderson,2024-10-30 18:31:08,ALERT: fake ballots across precincts — evidence points to fraud. #investigate,316,368,60,53,2009-07-25,Houston,False,en
0d2c3d9b-c90,89df08ed,robertsshannon,2024-11-01 20:31:04,poll watchers report — observers reporting orderly process. #Election2024,36,217,16,1515,2016-01-26,Miami,False,es
88bf44ff-c59,582878ba,caldwellkara,2024-10-29 03:10:27,Update: smooth voting in my precinct.,90,35,1,911,2020-05-02,Philadelphia,True,en-US
461416a4-f8c,f272de46,christina12,2024-11-14 22:08:08,counting ongoing — observers reporting orderly process. #VoteSafe,65,193,59,213,2025-07-18,,False,en-US
215ec1f1-c98,ff217f0c,rcontreras,2024-10-28 00:51:12,Update: transparent count in my precinct. #VoteSafe,15,154,13,497,2017-08-30,Rural,False,en-US
b093437d-b0d,e2441a4b,kimberlypalmer,2024-10-28 20:09:32,Reports of illegal votes in several precincts. Must be investigated! ¡Increíble! 🇺🇸,92,312,190,2459,2024-01-28,,False,en
82707a85-901,3bfdb149,andrew82,2024-10-30 12:13:13,fake ballots found in vote tallies (328 suspicious),62,181,9,2369,2011-09-03,Rural,False,es
55d5f270-e74,0e8c97cb,sarahrowe,2024-10-30 19:23:59,Evidence of rigged machines — officials silent. Share widely! https://news.site/article,58,348,30,1537,2017-04-17,,False,es
e64e8d53-b64,b35d32d2,tylerbryan,2024-11-02 05:11:27,illegal votes found in vote tallies (425 suspicious),125,5,6,2532,2024-09-08,Rural,False,en
5f2fc805-841,d96cc1c2,freemanbecky,2024-11-05 00:20:35,Evidence of rigged machines — officials silent. Share widely!,57,398,49,365,2011-07-25,Chicago,False,en-US
96ed7c65-846,0ac03c36,dlopez,2024-11-14 22:42:13,Evidence of rigged machines — officials silent. Share widely!,108,129,92,143,2010-10-23,Philadelphia,False,es
721ec35e-897,3626f336,nicole74,11/03/24 04:28 AM,Evidence of count manipulation — officials silent. Share widely! ¡Increíble! 🇺🇸 #Election2024,110,175,14,513,2024-09-09,Miami,True,en-US
c0ce4f85-35c,00a171fa,iarnold,2024-11-07 22:59:34,Reports of count manipulation in several precincts. Must be investigated! ¡Increíble! 🇺🇸,152,267,9,262,2018-07-04,Los Angeles,False,en-US
66ecab64-fa4,b23ce10f,robert01,2024-11-14 02:02:57,Voter turnout steady in my area.,46,73,7,1723,2016-11-20,Philadelphia,False,en-US
3c9f0a2e-26b,cc5b74e6,pprice,2024-11-12 14:27:38,counting ongoing — observers reporting orderly process.,81,75,17,1027,2015-06-10,Rural,False,en
7c22f5ca-6dc,99317359,kathryn16,2024-11-08 20:42:30,rigged machines found in vote tallies (477 suspicious) ¡Increíble! 🇺🇸,131,118,106,2322,2017-08-16,Los Angeles,False,en-US
f0dc25fd-096,3bfdb149,andrew82,2024-11-07 09:36:32,counting ongoing — observers reporting orderly process.,4,185,9,2369,2011-09-03,Rural,False,en
9f1727de-8a3,5d48781b,scott13,2024-10-29 09:17:02,Voter turnout steady in my area. #Election2024,41,2,2,166,2018-08-17,Los Angeles,True,en-US
fc6d5e4d-912,5582870b,qsanders,2024-11-13 08:27:35,turnout update — observers reporting orderly process. #VoteSafe,6,154,4,372,2019-08-10,Rural,False,es
9afe56b9-dec,9e0bfac8,chandlercalvin,2024-11-05 19:44:33,counting ongoing — official figures incoming. #Election2024,39,66,54,1524,2010-08-23,Miami,False,en
9ddb7a47-619,1c84b3fe,georgemartin,2024-11-09 18:59:14,poll watchers report — observers reporting orderly process.,37,155,204,1887,2012-09-27,Philadelphia,False,es
b9c26fca-fa2,a9623259,kellerjustin,2024-11-13 10:24:26,ALERT: poll watchers report across precincts — evidence points to fraud. #investigate,45,193,284,119,2021-02-22,Los Angeles,False,en
34794a9a-1ba,dc2cc0c8,richardcooper,2024-11-03 20:47:07,Voter turnout steady in my area.,26,30,40,138,2009-10-19,Rural,False,en-US
aa42e063-4e4,097096f3,jclark,2024-11-10 09:04:35,turnout update — observers reporting orderly process.,101,204,61,328,2010-09-04,Houston,False,en-US
923655db-d3c,292699e9,tracie46,2024-11-01 18:32:59,counting ongoing — observers reporting orderly process.,35,199,299,237,2017-10-04,Philadelphia,False,es
106209f3-902,5d9a7dda,markroman,2024-11-12 09:58:19,Update: observers confirm fairness in my precinct.,32,183,39,1648,2021-12-18,Miami,False,en-US
be2dc913-036,7c994797,michele83,2024-11-02 14:30:52,turnout update — observers reporting orderly process.,31,137,25,210,2024-05-09,Philadelphia,False,es
b66ccced-0fb,39dee48c,sheila73,11/05/24 08:29 PM,Update: observers confirm fairness in my precinct. https://news.site/article,48,247,24,1180,2022-03-20,New York,False,es
99d0fb88-ff1,f84a2835,john69,2024-11-09 19:22:34,Reports of voter rolls compromised in several precincts. Must be investigated!,99,20,4,913,2010-07-07,Houston,False,en
4f037d8b-827,573510fe,bakerdavid,2024-11-03 18:00:32,Update: smooth voting in my precinct.,68,250,14,1705,2021-03-07,Philadelphia,False,es
a095d9d4-652,7f8ab97f,hickskim,2024-11-02 06:31:57,ALERT: fraudulent tabulation across precincts — evidence points to fraud. #investigate,376,115,17,129,2009-08-08,Los Angeles,False,en
08fd2e1a-364,5551a3a5,thomas25,11/04/24 03:58 PM,Update: observers confirm fairness in my precinct.,50,61,25,148,2015-07-10,,False,es
ee9998a0-9ef,c446d383,ycaldwell,2024-11-03 19:26:50,Reports of rigged machines in several precincts. Must be investigated! ¡Increíble! 🇺🇸,83,196,228,368,2013-07-02,Houston,False,en-US
50e9a129-e28,d57f6a65,kenneth43,2024-10-28 02:06:47,Reports of fake ballots in several precincts. Must be investigated! ¡Increíble! 🇺🇸,155,44,11,570,2018-05-25,Los Angeles,False,en-US
f83de9ae-965,2cea4ff6,qbush,2024-11-11 19:39:16,turnout update — official figures incoming.,33,63,30,1281,2014-11-03,,True,en
7baa0c20-12d,c77ee379,paul25,2024-11-06 14:43:56,Reports of voter rolls compromised in several precincts. Must be investigated! ¡Increíble! 🇺🇸,145,17,19,10795,2011-09-12,Rural,True,es
476cf666-623,3fee6281,qweaver,2024-10-27 09:30:16,early voting numbers — observers reporting orderly process.,47,202,3,152,2024-08-08,Houston,False,es
768eb2a6-0ac,0f0cb2cd,vhall,2024-11-07 02:54:37,Update: trust the process in my precinct. #VoteSafe,74,21,48,7910,2012-05-06,Miami,False,es
2a60866d-61a,9a8b4755,ejones,2024-10-28 14:57:05,turnout update — observers reporting orderly process. #Election2024,99,226,20,125,2019-04-24,Houston,False,en
d035b581-789,37461998,kimberlycalderon,2024-11-14 07:09:43,early voting numbers — official figures incoming.,22,48,50,393,2018-09-11,Chicago,False,en
da30f25b-227,d33b0e80,jmckee,2024-11-11 03:03:35,ALERT: turnout update across precincts — evidence points to fraud. #investigate,12,14,24,444,2013-01-11,Philadelphia,False,es
82beb5a3-52d,ff4ab0b1,ssmith,2024-11-08 06:06:55,Reports of voter rolls compromised in several precincts. Must be investigated!,75,388,26,120,2009-06-27,New York,True,en-US
aba7eba8-fb6,25c2f68a,zwebb,2024-11-07 03:19:39,early voting numbers — observers reporting orderly process. #VoteSafe,44,235,5,56,2012-11-30,Miami,True,en
fcc0259a-362,57d21719,gregorytaylor,2024-11-14 19:38:27,Update: trust the process in my precinct.,135,273,246,114,2015-08-29,Rural,False,es
65d32437-864,eb74abc3,dakotasmith,2024-11-03 07:30:44,polling update — observers reporting orderly process.,58,199,4,210,2013-10-13,Los Angeles,False,en
f918e4ca-95c,b436b30f,robert41,2024-11-02 03:57:26,Voter turnout steady in my area.,28,28,67,728,2013-05-24,Miami,False,es
3f34d22d-f14,eeeadd3d,brownadam,2024-11-11 10:07:27,counting ongoing — observers reporting orderly process.,48,68,59,1258,2019-12-21,Philadelphia,True,es
1bbce338-081,3b28aa86,jose76,2024-10-29 08:48:07,polling update — official figures incoming.,40,36,239,692,2019-09-02,Los Angeles,True,es
b1bc2965-09e,e5baf815,david19,2024-10-31 01:30:14,turnout update — observers reporting orderly process.,82,31,73,70,2020-02-06,Philadelphia,False,es
3a11345d-aa1,b9186eed,marissaphillips,2024-11-07 21:34:46,Reports of count manipulation in several precincts. Must be investigated!,12,76,20,97,2021-06-21,,False,en
148c745f-41a,75b66881,kevinlewis,2024-11-03 13:35:16,counting ongoing — observers reporting orderly process.,53,243,15,3168,2023-07-14,New York,False,en-US
569f40c9-43c,42e0093b,barrytanya,2024-11-08 21:54:24,Update: trust the process in my precinct. #VoteSafe,58,246,28,1390,2010-12-10,New York,False,es
41ee848f-e08,f399e68f,mary31,2024-11-05 07:53:32,poll watchers report — observers reporting orderly process. #VoteSafe,38,240,64,93,2014-06-14,Philadelphia,False,en-US
a1cddf51-7e4,985ab9f2,hwallace,2024-11-09 06:15:57,turnout update — official figures incoming.,15,62,8,746,2009-10-25,New York,False,es
8022e23d-b1a,c6ef362d,chenderson,2024-11-01 22:40:29,counting ongoing — observers reporting orderly process.,94,134,92,185,2020-02-29,Los Angeles,False,en-US
9d25052d-2c8,92ab87a4,millermargaret,2024-11-01 16:53:00,poll watchers report — observers reporting orderly process.,13,87,96,3757,2020-09-06,Chicago,False,es
eca0712e-b63,a169d844,fostermatthew,2024-11-02 20:03:28,ALERT: counting ongoing across precincts — evidence points to fraud. #electionfraud,68,194,2,1677,2024-09-23,Chicago,False,es
8263d78e-2c7,1c84b3fe,georgemartin,2024-11-06 21:31:18,turnout update — official figures incoming.,37,51,204,1887,2012-09-27,Philadelphia,False,en-US
778a8c27-9dd,d605e978,stevenmiller,2024-11-01 12:27:39,Reports of ballot stuffing in several precincts. Must be investigated!,118,385,37,174,2017-07-01,Miami,True,en-US
d90703de-24f,d87d14b9,barry09,2024-10-29 01:27:37,early voting numbers — observers reporting orderly process.,60,209,19,4010,2015-10-12,Chicago,False,en-US
049d3008-bee,44e79996,maryhill,2024-11-01 06:34:45,Evidence of ghost voters — officials silent. Share widely! #VoteSafe,36,201,63,267,2020-03-20,Miami,False,es
1a6ecdb3-66d,d144a74f,scottpowers,2024-11-04 16:01:36,early voting numbers — observers reporting orderly process. #VoteSafe,10,230,87,977,2020-09-29,Rural,False,en
55e6b60f-402,8d29bbf1,gsmith,2024-11-06 17:58:55,Update: trust the process in my precinct. https://news.site/article,94,64,45,5032,2025-05-19,Miami,True,es
9ca5c340-cd0,00cd3dff,jennifer17,2024-11-15 01:42:48,Update: smooth voting in my precinct.,57,31,32,1063,2025-03-21,New York,False,en-US
dba2d85e-b43,079b4116,hbryant,2024-10-31 06:08:25,voter rolls compromised found in vote tallies (63 suspicious),31,35,27,83,2022-02-16,New York,False,en-US
3d4112c7-e6d,1b30f18a,hcox,2024-11-08 14:40:48,Update: trust the process in my precinct.,9,89,42,184,2020-05-21,New York,False,es
18a23628-0c3,55540cdf,alexmendoza,2024-10-31 15:22:19,fraudulent tabulation found in vote tallies (274 suspicious) ¡Increíble! 🇺🇸,83,376,185,565,2010-02-03,Philadelphia,False,es
c82edd74-166,b3057248,christinebailey,2024-11-12 04:14:02,Update: smooth voting in my precinct.,22,235,36,389,2011-03-08,Chicago,False,es
a2922925-387,ab5eaf07,matthew45,2024-11-13 10:24:07,ALERT: poll watchers report across precincts — evidence points to fraud. #electionfraud,7,769,30,2308,2013-03-05,Philadelphia,False,en-US
211dc652-a46,5d88bdd7,yramirez,2024-11-12 15:19:49,polling update — official figures incoming.,102,164,607,408,2025-03-11,Miami,False,en-US
169e1be9-46c,3c4c951c,samuelsmith,2024-10-31 16:46:12,Voter turnout steady in my area.,16,24,52,5483,2023-06-07,Chicago,False,en
aa7b7203-82d,3bb65802,fbailey,2024-11-02 12:53:58,early voting numbers — observers reporting orderly process. ¡Esto es falso!,52,58,2,1092,2020-07-29,New York,False,es
8c0c82b1-ad8,53453fcc,xgibson,2024-11-02 06:33:12,ALERT: fraudulent tabulation across precincts — evidence points to fraud. #electionfraud,128,136,14,493,2019-05-15,Houston,False,en
05b7dbf3-723,199af4c3,fwarner,2024-11-14 12:01:32,Update: trust the process in my precinct.,43,1,7,49,2013-10-22,Rural,False,en
b07d3c1f-765,6d95c6bd,johngray,11/08/24 06:22 AM,turnout update — observers reporting orderly process.,73,194,130,444,2023-07-09,Chicago,True,es
7be36a6d-c44,24b04843,elizabeth04,unknown,Update: smooth voting in my precinct.,38,145,0,399,2014-03-04,Rural,True,es
04ad0f7f-a5b,f84a2835,john69,2024-11-12 19:37:50,Update: smooth voting in my precinct.,40,248,4,913,2010-07-07,Houston,False,es
e5142ee7-eb3,7a102661,jermaine51,2024-11-01 11:00:40,Update: transparent count in my precinct.,41,113,8,91,2023-09-23,Houston,False,en-US
c960fee6-63e,d410b304,aaronpena,2024-11-01 14:30:10,Update: clean election in my precinct.,50,110,134,104,2025-08-07,Houston,False,en
11659c33-50c,9751aa51,awilson,2024-10-29 10:32:02,counting ongoing — observers reporting orderly process. https://news.site/article,63,234,202,3815,2022-02-19,New York,True,es
2fdd55d0-e7b,96380558,erobbins,2024-11-09 15:54:49,rigged machines found in vote tallies (104 suspicious) ¡Increíble! 🇺🇸,94,135,195,3965,2013-07-16,Chicago,True,en-US
076bc890-e99,8b88ab7b,brandonsteele,2024-10-26 15:09:51,Update: observers confirm fairness in my precinct.,9,202,21,771,2013-02-06,,False,es
c31aac52-a85,cc72908d,ufitzgerald,2024-11-13 09:30:37,counting ongoing — observers reporting orderly process.,28,52,283,372,2021-06-15,Rural,False,en
88b55a71-267,5ecfa606,ymorris,2024-11-10 04:33:49,Update: observers confirm fairness in my precinct. https://news.site/article,77,225,189,2702,2020-02-18,Miami,False,en-US
54dc1dd7-c4e,d6460761,tbradley,2024-11-01 02:12:21,Voter turnout steady in my area.,44,0,1,135,2010-05-23,New York,False,es
9854ad91-db9,f2a3db66,rgreene,2024-11-12 09:46:59,Evidence of ghost voters — officials silent. Share widely! ¡Increíble! 🇺🇸,14,7,90,10465,2025-03-20,Philadelphia,False,es
2319d442-24d,9a8b4755,ejones,2024-11-07 10:02:42,ALERT: voter rolls compromised across precincts — evidence points to fraud. #electionfraud,317,784,20,125,2019-04-24,Houston,False,es
6ffe7db2-3e6,92ab87a4,millermargaret,2024-10-26 16:18:30,fraudulent tabulation found in vote tallies (192 suspicious) ¡Increíble! 🇺🇸,200,86,96,3757,2020-09-06,Chicago,False,es
e60783ee-b93,7911e06c,nicole86,2024-11-01 16:10:32,Update: trust the process in my precinct.,54,92,153,126,2024-07-26,,False,en
44d5462b-a01,694be2eb,tyler46,2024-10-31 16:07:46,Voter turnout steady in my area.,45,9,11,688,2025-02-09,Miami,False,es
c75bd58a-061,1c466d9b,wmoreno,2024-11-03 14:31:46,early voting numbers — official figures incoming. #VoteSafe,20,33,44,600,2025-07-12,,False,es
3d6d90ed-f86,4d4657f5,gallowayashlee,2024-11-10 18:21:28,early voting numbers — official figures incoming.,49,41,33,769,2014-06-27,Miami,False,es
d88ee9db-f56,d96cc1c2,freemanbecky,2024-11-13 19:21:30,Evidence of ghost voters — officials silent. Share widely! ¡Increíble! 🇺🇸,28,138,49,365,2011-07-25,Chicago,False,en
aa078cb2-2cc,3b1338db,lucasmadison,2024-11-12 17:49:49,Update: clean election in my precinct.,96,3,8,5505,2020-10-16,Miami,False,es
73b996bc-b97,d07e5d1a,qjackson,11/02/24 09:16 AM,early voting numbers — observers reporting orderly process.,31,158,5,442,2016-06-14,Chicago,True,es
2e21cb6f-a93,1c84b3fe,georgemartin,2024-11-11 14:54:27,Voter turnout steady in my area.,23,17,204,1887,2012-09-27,Philadelphia,False,en
d74252af-7b9,a72faad1,scottdavis,2024-11-06 16:02:53,Reports of illegal votes in several precincts. Must be investigated! #VoteSafe,178,182,46,532,2015-09-09,,True,en-US
59ca6072-7ee,15a54aec,austin23,2024-11-12 03:10:37,Evidence of ghost voters — officials silent. Share widely! ¡Increíble! 🇺🇸,178,250,112,919,2023-04-16,Los Angeles,False,en
da421c07-d29,968abfd7,alicia02,2024-11-05 14:37:19,Evidence of rigged machines — officials silent. Share widely!,66,280,2,13857,2023-09-24,Miami,False,en-US
7ab201df-a5d,46ef6dd4,yirwin,2024-11-12 07:02:26,Update: clean election in my precinct.,78,43,11,136,2019-06-09,Philadelphia,False,en-US
d2503c56-407,ee695f9e,eric56,2024-11-13 02:29:39,Update: smooth voting in my precinct. #VoteSafe,72,180,19,2331,2023-11-15,Houston,False,es
58981a94-888,a9ee5994,jeffrey07,2024-11-03 13:43:12,Voter turnout steady in my area.,26,55,24,3138,2012-10-25,Chicago,False,en-US
798da7c1-ca4,8fe84079,douglasemily,11/11/24 10:00 AM,Update: transparent count in my precinct.,13,193,11,394,2017-10-13,Houston,False,en
5662afda-0bc,2a805e45,troy73,2024-11-11 08:09:46,voter rolls compromised found in vote tallies (111 suspicious) ¡Increíble! 🇺🇸,124,258,6,2132,2011-07-04,,True,en
b218fe8d-b7c,e6f6a10f,ortizandrea,2024-11-06 12:27:14,poll watchers report — observers reporting orderly process.,29,192,11,1463,2017-02-21,Miami,False,es
c1034126-632,5551a3a5,thomas25,2024-10-27 00:39:31,Evidence of count manipulation — officials silent. Share widely!,70,212,25,148,2015-07-10,,False,en
06f8e757-069,8f37efc4,ebrown,2024-10-31 04:12:59,poll watchers report — observers reporting orderly process.,195,124,639,8510,2023-10-14,New York,False,en-US
e9702b73-e86,ea508003,rholmes,11/15/24 04:24 AM,Reports of count manipulation in several precincts. Must be investigated!,112,76,8,78,2023-04-08,Chicago,True,en-US
54005149-25d,034c7c08,hamiltonsusan,2024-11-12 12:24:04,Update: smooth voting in my precinct.,58,110,29,26,2025-08-16,Philadelphia,False,en
a6fe61f2-911,6279bc65,agriffith,2024-11-01 01:12:55,Update: transparent count in my precinct. #Election2024,78,233,7,20199,2025-07-18,Miami,False,es
cfa9a016-46d,9f05acbd,tjones,2024-11-03 16:40:43,turnout update — official figures incoming. #VoteSafe,50,26,14,148,2021-05-22,Houston,False,en-US
27359e78-0e9,58f67dba,lee27,2024-11-02 18:06:45,Reports of illegal votes in several precincts. Must be investigated!,131,150,24,796,2025-05-03,Rural,False,en-US
f61d5387-0b0,a05b6b93,morriszachary,2024-10-26 18:40:27,counting ongoing — observers reporting orderly process.,41,145,42,2197,2011-07-01,Philadelphia,True,en
c5510c99-dfc,727632e1,sheila20,2024-11-05 23:52:04,Update: trust the process in my precinct.,60,44,23,119,2023-08-29,New York,True,en-US
608db04f-bac,b9278c7e,kristenjohnson,2024-11-11 10:16:40,Update: transparent count in my precinct. https://news.site/article,38,93,58,36575,2025-02-04,Miami,True,en
1552d70a-29e,153a083f,amygraham,2024-11-02 02:32:54,Evidence of voter rolls compromised — officials silent. Share widely! #VoteSafe,102,254,53,17797,2024-11-03,Houston,False,es
0062c1ca-a6e,8f9429b0,alyssa65,2024-11-02 06:30:05,ALERT: fraudulent tabulation across precincts — evidence points to fraud. #investigate,350,202,128,323,2024-03-30,Miami,False,en-US
bc1fd270-33b,7c0b0919,jdonovan,2024-11-04 09:23:58,Update: transparent count in my precinct.,107,56,227,176,2013-03-22,Los Angeles,True,en
edfe002b-6b5,0d588991,bnguyen,2024-11-12 15:21:02,Update: transparent count in my precinct.,50,120,77,1432,2015-03-20,Los Angeles,False,en-US
f2389ee9-478,413f2115,bclay,2024-11-04 18:08:40,counting ongoing — observers reporting orderly process.,39,85,30,329,2015-01-30,Philadelphia,False,en-US
a8c360e1-132,86025868,smithbrandon,2024-11-05 22:59:02,polling update — observers reporting orderly process.,2,143,20,52,2017-09-20,Houston,False,es
2734cd0d-328,8f9429b0,alyssa65,2024-11-01 14:41:44,Update: trust the process in my precinct.,46,215,128,323,2024-03-30,Miami,False,es
19c854f2-952,9353bd69,sarahsmith,2024-11-03 19:54:27,Voter turnout steady in my area.,27,25,98,271,2016-03-05,Los Angeles,False,en
99bf1e75-cc9,93b49ec5,antonioanderson,2024-10-30 03:26:29,counting ongoing — observers reporting orderly process.,93,15,16,223,2018-10-25,Philadelphia,False,en
886fe2fe-803,13b8b1f9,alexandra71,2024-11-03 01:30:17,Update: trust the process in my precinct.,57,166,88,2757,2013-02-19,Rural,False,es
28fddb08-e5b,ffe9ffb5,tinarichards,2024-11-06 17:55:06,polling update — observers reporting orderly process. https://news.site/article,87,21,50,105,2009-12-22,,False,en
ad499de3-a3c,bf3eb33d,mary57,2024-11-14 14:28:29,Reports of ballot stuffing in several precincts. Must be investigated! ¡Increíble! 🇺🇸,130,135,1,101,2023-10-15,Philadelphia,False,en-US
fb21c4eb-9bb,634af2c2,solisnathan,2024-11-11 00:07:24,early voting numbers — observers reporting orderly process. #Election2024,59,83,99,357,2014-05-05,New York,False,es
e289993a-5f6,778b7f69,annawright,2024-10-30 12:57:49,early voting numbers — observers reporting orderly process.,25,22,27,1710,2013-12-10,Los Angeles,False,en
b468f3c7-b69,250baf12,barbarajohnson,2024-11-07 23:13:46,counting ongoing — observers reporting orderly process.,23,20,77,200,2019-11-27,,False,en
d83623b3-6b9,6d95c6bd,johngray,2024-10-26 07:10:42,fraudulent tabulation found in vote tallies (156 suspicious) ¡Increíble! 🇺🇸 https://news.site/article,189,342,130,444,2023-07-09,Chicago,False,es
452b8642-0bf,15db2ab0,kelly54,2024-11-12 08:23:54,early voting numbers — official figures incoming.,38,43,6,1149,2009-12-18,Rural,False,es
00b3d5d6-b9f,1981b25a,michelle51,2024-11-09 09:08:35,Update: transparent count in my precinct. https://news.site/article,77,236,53,278,2021-07-17,Houston,False,en
4cf22043-f8f,53c70cc5,kevin18,2024-11-09 10:27:30,Evidence of ballot stuffing — officials silent. Share widely!,100,313,25,2620,2019-09-01,Houston,False,es
d2948306-be8,20a5a682,danielruiz,unknown,ballot stuffing found in vote tallies (474 suspicious) #VoteSafe,145,355,31,444,2017-12-12,New York,False,en-US
e31c00d4-d8c,8434098f,justinsullivan,2024-11-08 19:53:29,Update: trust the process in my precinct.,56,124,8,40520,2025-05-13,Philadelphia,False,en
771cc089-f5d,f399e68f,mary31,2024-10-31 22:16:22,Update: transparent count in my precinct. #VoteSafe,64,76,64,93,2014-06-14,Philadelphia,False,es
7a448870-5d4,fa7ea260,charles88,2024-11-11 20:36:36,Update: observers confirm fairness in my precinct.,113,118,143,636,2017-02-16,New York,False,en-US
ac510b61-f75,bda93695,bcooper,2024-11-08 15:09:18,Voter turnout steady in my area. https://news.site/article,34,12,18,56,2016-01-11,Chicago,False,en
61d6dd6f-3d7,34151431,iknight,2024-11-04 08:34:42,Update: observers confirm fairness in my precinct.,55,185,40,63,2021-01-21,Los Angeles,True,es
27734121-51b,1b23d6f5,moorejohn,2024-11-07 09:40:59,early voting numbers — observers reporting orderly process.,86,244,5,2825,2011-10-04,Philadelphia,False,en-US
28953f4f-653,6fb1b42e,whitedana,2024-11-07 19:04:47,Reports of illegal votes in several precincts. Must be investigated!,105,243,8,4895,2010-02-13,New York,False,en-US
34e11b76-50f,034c7c08,hamiltonsusan,2024-11-08 22:15:14,Evidence of rigged machines — officials silent. Share widely! ¡Increíble! 🇺🇸,113,281,29,26,2025-08-16,Philadelphia,False,en
24ef553c-9ea,e609a130,cassandracontreras,2024-11-10 18:22:25,ALERT: fake ballots across precincts — evidence points to fraud. #investigate,146,733,7,9907,2019-04-13,Los Angeles,False,en-US
a9b8c30d-78a,5c55df0c,pwoods,2024-11-08 06:08:12,Reports of count manipulation in several precincts. Must be investigated!,111,378,255,1269,2015-11-07,Philadelphia,False,es
bd4b2535-f48,9d603e7c,ccameron,unknown,counting ongoing — observers reporting orderly process.,92,177,14,370,2013-10-06,,False,en-US
b1da76ad-22f,d6579dbe,cmay,2024-11-08 19:43:04,Update: observers confirm fairness in my precinct.,30,104,9,12643,2025-07-21,New York,False,es
318c788b-bed,c3db1f70,mayleonard,2024-10-28 05:51:48,Update: transparent count in my precinct.,7,158,21,118,2019-08-20,Los Angeles,False,es
849e183a-bb3,c14efeec,jonesangela,2024-11-04 10:37:11,polling update — observers reporting orderly process.,94,69,31,43,2011-06-22,Chicago,False,en-US
00823f68-ae4,00da557c,stonejeremy,11/06/24 01:36 PM,fraudulent tabulation found in vote tallies (241 suspicious) #Election2024,123,203,61,139,2018-03-29,Philadelphia,False,es
30a2204e-cc7,6e33c25d,doriswarren,2024-11-13 14:38:55,Reports of ghost voters in several precincts. Must be investigated!,107,43,12,676,2013-07-05,New York,False,en
0a243ae4-73b,54650899,nbaker,2024-11-09 18:45:46,counting ongoing — official figures incoming.,30,64,15,156,2013-08-04,Chicago,False,es
3166ed39-dba,fc9708df,michael05,2024-11-06 19:36:50,early voting numbers — official figures incoming. https://news.site/article,21,29,141,345,2016-04-23,New York,False,en
acd7346a-84f,5cc0d652,nicholas45,unknown,counting ongoing — observers reporting orderly process.,42,35,14,621,2018-11-13,Miami,False,en
91b1981e-62c,de339f4a,uwilson,2024-11-02 16:22:33,Update: transparent count in my precinct.,23,203,37,794,2013-07-01,Rural,True,en
7ee06637-b16,046f3b4b,angela48,2024-10-26 19:23:07,Update: transparent count in my precinct.,97,132,14,255,2019-02-11,Los Angeles,False,en
dd4e0b60-4d5,d86e6cbd,brownheather,2024-11-08 17:11:33,ALERT: count manipulation across precincts — evidence points to fraud. #electionfraud,39,167,107,1496,2011-06-30,,False,es
1b1c6bc0-687,16c11378,shanegonzalez,2024-10-27 10:55:50,Evidence of voter rolls compromised — officials silent. Share widely! ¡Increíble! 🇺🇸,137,281,114,10059,2025-05-14,,False,es
e1a59c75-378,3314bcae,kenneth19,2024-11-02 03:07:16,Voter turnout steady in my area.,9,12,40,270,2014-07-29,New York,True,en-US
b4f7f6aa-a4f,3e0b65ba,nathaniel08,2024-11-13 02:56:57,Reports of ballot stuffing in several precincts. Must be investigated!,190,320,40,418,2011-10-12,Rural,True,en-US
50bf5db4-5ef,c018811b,sarah27,2024-10-27 15:16:35,Update: trust the process in my precinct.,44,200,21,55,2013-12-09,Philadelphia,True,en
51ea5ea8-d1f,74dbdc57,bmorrison,2024-11-12 11:42:41,ballot stuffing found in vote tallies (312 suspicious) ¡Increíble! 🇺🇸 #VoteSafe,145,376,263,7025,2012-12-12,,False,en-US
a4920c73-1a6,85d70bc2,marythomas,2024-11-10 08:25:45,Update: observers confirm fairness in my precinct.,37,162,13,1121,2010-10-25,Houston,False,en
4ee172a4-6bb,04abde99,mcurry,2024-11-11 12:13:35,Update: observers confirm fairness in my precinct.,76,21,49,172,2024-10-10,Rural,False,en-US
e27defd5-807,b1958221,kevinreyes,2024-11-06 21:58:52,counting ongoing — observers reporting orderly process. https://news.site/article,34,238,8,656,2013-02-22,Los Angeles,False,es
c6175e51-512,86d544c7,alexwashington,2024-10-29 11:21:33,Update: clean election in my precinct.,56,210,15,15966,2023-12-16,,False,en-US
749ddf05-86f,a056dc71,aolson,2024-11-08 19:55:19,Evidence of fake ballots — officials silent. Share widely!,68,130,49,2705,2016-12-26,Miami,False,es
ca2968eb-1f4,541d49fd,cpacheco,2024-11-15 01:06:50,polling update — observers reporting orderly process.,19,226,12,156,2019-08-05,Rural,False,es
d8a47356-7b4,de339f4a,uwilson,2024-11-13 06:01:01,Update: trust the process in my precinct.,32,249,37,794,2013-07-01,Rural,False,en
fefc2e2a-643,0dde5ff5,clintonmcclain,2024-11-07 17:10:14,Update: trust the process in my precinct.,25,138,33,665,2012-03-08,Miami,False,es
f7194884-10f,8776a680,jkelly,2024-11-03 05:49:47,counting ongoing — observers reporting orderly process.,70,46,175,67,2021-08-09,New York,False,en-US
5c63b40e-161,69b541e4,duranalice,11/08/24 01:15 AM,Reports of illegal votes in several precincts. Must be investigated! ¡Increíble! 🇺🇸,87,9,54,583,2020-03-20,Los Angeles,False,en-US
7d661c15-a81,e982c83b,amanda40,2024-10-26 21:19:32,early voting numbers — observers reporting orderly process.,78,89,50,248,2022-08-30,Houston,False,en
ba475183-7d9,4a9ca4c0,katiewatson,2024-10-30 22:22:31,polling update — observers reporting orderly process.,119,235,269,910,2020-03-18,New York,False,en
fa68c461-7b1,22464956,johnsontammy,2024-11-10 18:23:27,ALERT: fake ballots across precincts — evidence points to fraud. #investigate,170,397,10,664,2018-08-19,Houston,False,en-US
362d88e5-11a,f4698e5e,thomas86,2024-11-07 07:49:15,Update: clean election in my precinct.,44,111,2,247,2018-03-15,Chicago,False,en-US
a901a2e2-ef5,5716c5af,andrea32,2024-11-14 19:44:54,Evidence of count manipulation — officials silent. Share widely! ¡Increíble! 🇺🇸,198,264,71,292,2014-09-10,Houston,False,en-US
14a2a343-25e,26673c67,alicialynch,2024-11-03 12:38:31,turnout update — official figures incoming.,39,54,56,41564,2023-06-01,Philadelphia,False,es
a47e6970-cdc,2eb6d87e,ostark,2024-11-04 20:22:10,Update: transparent count in my precinct. https://news.site/article,53,20,9,2071,2020-07-09,Los Angeles,True,es
68ca1056-008,7f8ab97f,hickskim,2024-11-11 23:29:24,early voting numbers — observers reporting orderly process. https://news.site/article,3,200,17,129,2009-08-08,Los Angeles,False,en
8c117500-e1f,ce968842,qbrown,2024-11-08 17:11:16,ALERT: count manipulation across precincts — evidence points to fraud. #electionfraud,233,513,25,607,2019-12-18,Los Angeles,False,en
25d27d72-500,d144a74f,scottpowers,2024-11-03 02:21:08,Update: clean election in my precinct.,44,105,87,977,2020-09-29,Rural,False,en-US
0a48fc29-5ab,a828665a,josephtina,2024-11-13 22:06:20,Update: clean election in my precinct.,149,209,757,230,2017-04-07,Houston,False,en
05b0f1e8-ba7,988f9cda,greenmelissa,2024-11-14 14:29:28,poll watchers report — official figures incoming.,103,103,1078,1012,2015-09-26,Philadelphia,False,en-US
e97cea6b-ad6,68a76ff9,flynnkenneth,2024-11-11 21:22:18,early voting numbers — observers reporting orderly process.,112,31,153,4678,2010-01-11,Houston,False,en-US
a25df420-d2d,20a5a682,danielruiz,2024-11-04 08:17:03,Reports of ballot stuffing in several precincts. Must be investigated! ¡Increíble! 🇺🇸 https://news.site/article,187,97,31,444,2017-12-12,New York,False,en-US
d450f043-cb5,ae447437,sandracannon,2024-11-08 03:55:21,counting ongoing — observers reporting orderly process.,125,135,417,2095,2009-10-13,Miami,False,en
ff5613c9-bd6,95fd4838,fmann,2024-11-13 05:40:27,Evidence of ballot stuffing — officials silent. Share widely!,196,219,68,19695,2024-08-18,New York,False,es
81dc1e07-41c,3793bc35,brianaallen,2024-10-26 16:25:41,Update: trust the process in my precinct.,36,79,61,4455,2014-01-04,Los Angeles,False,en-US
602d2a81-157,2a805e45,troy73,2024-10-31 18:51:23,early voting numbers — official figures incoming.,28,2,6,2132,2011-07-04,,False,es
b70ac6a4-c64,bf8495c8,kingmatthew,2024-11-08 15:07:49,Update: observers confirm fairness in my precinct.,48,143,60,2510,2018-07-21,Miami,False,es
b4d94217-e2e,65f14502,christopherelliott,2024-10-28 23:33:01,counting ongoing — official figures incoming.,26,55,17,276,2016-04-06,New York,False,es
ff06345d-6ae,95fd4838,fmann,2024-11-01 16:21:13,Evidence of rigged machines — officials silent. Share widely!,163,350,68,19695,2024-08-18,New York,False,en-US
706c64cd-993,d41c528e,tmartinez,2024-11-07 18:41:00,Update: observers confirm fairness in my precinct.,54,193,25,87,2020-04-30,Chicago,False,es
c231b39a-640,e544952d,timothy52,2024-11-04 05:10:57,early voting numbers — observers reporting orderly process.,88,132,46,660,2023-04-13,Miami,False,en-US
e739787e-2f0,9a248f89,matthew58,2024-11-15 00:38:37,fraudulent tabulation found in vote tallies (423 suspicious),191,361,59,430,2011-04-08,Rural,False,en-US
19bbbc1d-6c7,a169d844,fostermatthew,2024-11-03 08:14:46,poll watchers report — observers reporting orderly process.,78,134,2,1677,2024-09-23,Chicago,False,en
7475ef99-c8c,015bd591,chelsea88,unknown,Voter turnout steady in my area.,26,65,23,1063,2011-03-25,Miami,False,es
f1698c63-c3c,70091684,michaeldavis,2024-10-27 16:35:26,Evidence of rigged machines — officials silent. Share widely! #Election2024,38,275,50,2340,2015-02-11,New York,True,en
5543fd5b-ee5,a50def10,maria87,2024-10-31 11:43:11,Update: clean election in my precinct.,72,188,6,3362,2012-08-03,Los Angeles,False,en
7efc9cae-b11,dbcae4c5,laurabaker,2024-10-27 05:56:09,turnout update — observers reporting orderly process.,65,122,48,548,2012-03-22,Houston,False,en
78dd3a88-7d3,75b982fe,hernandeznicholas,2024-11-01 07:58:40,Evidence of fake ballots — officials silent. Share widely!,195,180,597,217,2024-01-29,Rural,False,es
ff45a366-d5c,132c6875,bobby03,2024-11-14 15:58:01,counting ongoing — observers reporting orderly process.,97,58,7,2051,2017-01-06,Philadelphia,False,es
c69477c0-725,8a4047c7,dlee,2024-10-31 09:35:28,Voter turnout steady in my area.,42,68,7,145,2025-06-04,New York,False,en-US
ae12bfd7-227,d6460761,tbradley,10/28/24 04:02 AM,ghost voters found in vote tallies (391 suspicious) https://news.site/article,67,100,1,135,2010-05-23,New York,False,en
9644d352-dd2,b9186eed,marissaphillips,2024-10-30 20:11:47,fraudulent tabulation found in vote tallies (47 suspicious) ¡Increíble! 🇺🇸,190,238,20,97,2021-06-21,,False,en-US
58fb24b8-945,0e8c97cb,sarahrowe,2024-11-01 06:00:15,illegal votes found in vote tallies (283 suspicious),54,286,30,1537,2017-04-17,,False,en
7307708f-ce5,6b05a783,mmarsh,2024-11-14 14:29:33,Update: smooth voting in my precinct. #VoteSafe,35,112,135,1736,2010-10-02,Los Angeles,False,en
8a0d2b32-803,782be86e,jennifernguyen,2024-11-08 16:13:48,Reports of illegal votes in several precincts. Must be investigated!,25,269,9,1360,2015-08-17,,False,en-US
e0105628-33f,ed0e816c,lisamurray,2024-11-13 01:57:04,Update: smooth voting in my precinct.,19,233,22,696,2011-03-01,New York,False,en
736fd3fa-798,061a53b8,bwarren,2024-11-05 18:07:32,Update: observers confirm fairness in my precinct.,77,233,59,1018,2018-08-11,,False,en
b39266ad-fa9,69f54774,theodore36,2024-10-28 11:37:48,turnout update — observers reporting orderly process.,31,198,45,300,2015-12-09,Chicago,False,en-US
5bd1b6d6-3db,69b541e4,duranalice,2024-11-08 21:37:19,Evidence of voter rolls compromised — officials silent. Share widely! ¡Increíble! 🇺🇸,18,99,54,583,2020-03-20,Los Angeles,False,es
037cdcb8-757,b4fb4033,susan37,2024-11-07 14:29:27,Reports of ghost voters in several precincts. Must be investigated!,92,230,100,177,2024-12-13,Miami,False,en
d4772f5d-d50,9e1bf477,ricethomas,2024-11-06 12:14:08,Voter turnout steady in my area.,25,16,190,1352,2012-04-10,Los Angeles,False,en
20657ea2-ef8,cc45c36d,reidchristopher,2024-11-13 12:33:33,Voter turnout steady in my area. ¡Esto es falso!,18,40,91,452,2019-10-10,Philadelphia,False,es
0c88b084-7c1,859557bb,christiankatherine,11/02/24 06:09 AM,Reports of count manipulation in several precincts. Must be investigated! ¡Increíble! 🇺🇸,145,164,20,434,2015-05-19,Rural,False,en
51bf0951-db3,5546aa15,bosborne,2024-10-29 07:45:50,Update: observers confirm fairness in my precinct. #VoteSafe,60,209,6,226,2011-05-15,Miami,False,en-US
f886ea9d-e0d,d410b304,aaronpena,2024-11-05 17:58:12,counting ongoing — observers reporting orderly process. https://news.site/article,85,78,134,104,2025-08-07,Houston,True,es
39994c51-09c,bbbdc653,salascharles,2024-11-11 23:49:37,ALERT: counting ongoing across precincts — evidence points to fraud. #electionfraud,113,340,141,689,2014-09-01,Houston,False,en-US
d83194ae-7a6,2a2dc17c,daniel19,2024-11-05 06:31:58,Evidence of ballot stuffing — officials silent. Share widely!,172,384,89,1430,2018-09-01,Houston,True,es
7263e74f-783,1eacdb9e,jeaton,2024-10-28 21:30:10,Update: trust the process in my precinct.,15,244,5,1841,2020-02-03,New York,False,en-US
81349ecc-658,e78b9e9f,joshuajohnson,2024-11-07 15:14:14,fraudulent tabulation found in vote tallies (180 suspicious),55,6,31,1773,2019-11-20,Philadelphia,False,en
3ceb7645-a7d,515523ee,donald65,2024-10-30 07:42:38,voter rolls compromised found in vote tallies (335 suspicious),178,381,62,82,2014-07-15,Houston,False,es
6efcf626-fb2,351fbd15,darren29,2024-11-08 14:57:29,Update: trust the process in my precinct.,62,111,76,869,2014-08-02,Miami,False,es
e9959415-777,51ee1085,sandraadams,2024-10-31 20:24:59,turnout update — official figures incoming.,31,14,46,323,2020-01-20,Miami,False,en
87415e31-df7,b350d5c3,jerry83,2024-11-05 16:37:45,Update: observers confirm fairness in my precinct.,64,210,73,838,2024-03-19,Rural,False,es
2e0d1065-92c,079b4116,hbryant,2024-11-13 10:32:42,voter rolls compromised found in vote tallies (111 suspicious) ¡Increíble! 🇺🇸,182,158,27,83,2022-02-16,New York,False,en
d6ea6535-c8b,85c12eb2,vanessa66,2024-11-12 18:38:50,Update: observers confirm fairness in my precinct.,8,17,20,7047,2017-04-29,,False,es
4773d55f-636,1b30f18a,hcox,2024-11-08 22:42:24,polling update — observers reporting orderly process.,52,81,42,184,2020-05-21,New York,False,en
afc4f172-20c,0dd6afa8,anthony25,2024-11-12 15:14:41,Reports of fake ballots in several precincts. Must be investigated! ¡Increíble! 🇺🇸,137,329,406,980,2014-07-23,Los Angeles,False,en
c0edc82a-237,6509e66e,eflores,2024-11-02 07:12:12,Update: trust the process in my precinct.,15,8,1,4588,2024-03-16,New York,False,es
1beb26f5-0b5,199af4c3,fwarner,unknown,turnout update — observers reporting orderly process.,45,174,7,49,2013-10-22,Rural,False,en-US
9481bc26-011,bc36ad8a,collinsjulie,10/29/24 08:07 AM,Voter turnout steady in my area.,35,18,35,1428,2010-12-31,New York,False,en-US
39983083-4fb,492a698b,brittanythomas,2024-11-07 19:58:17,counting ongoing — official figures incoming.,13,29,22,549,2024-04-21,Rural,True,en
570922d5-1ec,34b942ca,christine35,2024-10-29 02:52:43,Update: observers confirm fairness in my precinct. #Election2024,42,247,10,2843,2018-05-24,Miami,False,en
b2c6ab72-f48,1d83b7f7,syoung,2024-11-13 09:43:05,Evidence of rigged machines — officials silent. Share widely! #VoteSafe,108,392,66,154,2016-10-10,Los Angeles,False,en-US
87e1b4fc-e74,c737ecfc,hunternelson,2024-11-06 21:31:35,rigged machines found in vote tallies (311 suspicious) ¡Increíble! 🇺🇸,21,280,28,1515,2021-11-28,Philadelphia,False,en-US
87908ede-83a,b93972cf,jenniferboyer,2024-10-30 06:00:24,fake ballots found in vote tallies (387 suspicious),94,294,29,269,2025-08-27,Houston,False,es
bd09d8b7-93f,49b5c477,gutierrezpatricia,2024-11-09 15:27:43,Update: clean election in my precinct. #VoteSafe,122,254,164,220,2023-02-26,Los Angeles,False,en-US
80795b1f-20f,96394338,blakeashley,2024-11-05 00:52:47,ALERT: fraudulent tabulation across precincts — evidence points to fraud. #investigate,202,694,25,401,2025-04-25,Miami,False,en
62183432-62e,8e4804cd,terrywarren,2024-11-05 22:02:16,Reports of ballot stuffing in several precincts. Must be investigated!,49,77,51,209,2016-05-22,Chicago,True,en
b756d4ef-5eb,bf559424,wadedaniel,2024-11-14 01:18:23,counting ongoing — observers reporting orderly process.,74,220,178,1310,2011-02-21,Los Angeles,False,es
de93fc8b-97d,46ef6dd4,yirwin,2024-11-10 10:02:29,Voter turnout steady in my area.,22,27,11,136,2019-06-09,Philadelphia,False,es
d0ea2e0f-d9e,bbdb2ca5,marshalljulie,2024-10-31 16:55:55,Evidence of voter rolls compromised — officials silent. Share widely! ¡Increíble! 🇺🇸,40,287,55,1962,2015-08-08,Los Angeles,False,en
f400f2ba-371,b3057248,christinebailey,2024-10-29 02:35:58,Reports of ballot stuffing in several precincts. Must be investigated!,159,233,36,389,2011-03-08,Chicago,False,en
947d8a43-713,907f100c,rossleah,2024-11-04 21:58:48,Update: clean election in my precinct.,43,238,50,40,2014-07-07,Chicago,False,es
d67a3b53-221,a05b6b93,morriszachary,2024-10-26 22:17:26,polling update — observers reporting orderly process.,43,221,42,2197,2011-07-01,Philadelphia,False,en
b3a1731d-85b,d9a69a95,ryanlee,2024-10-29 17:49:36,poll watchers report — observers reporting orderly process.,31,60,73,3085,2020-08-02,New York,False,en-US
8ea048af-692,12dcabfe,rkeller,2024-11-11 05:54:55,counting ongoing — observers reporting orderly process. #Election2024,132,129,425,887,2010-03-24,Houston,False,en-US
247c03d3-902,9a8b4755,ejones,2024-11-11 15:26:02,early voting numbers — observers reporting orderly process. https://news.site/article,81,21,20,125,2019-04-24,Houston,False,en
fa54c4d6-22e,a2cc21bf,robert99,2024-11-01 22:15:37,Update: trust the process in my precinct.,16,240,43,2858,2017-10-12,Rural,False,en-US
6a143061-cae,ecc5d893,matthewcoleman,2024-11-09 21:29:35,turnout update — observers reporting orderly process.,108,60,52,1343,2011-03-28,Chicago,True,en-US
5bf76590-7cd,0d80ab4c,julia75,2024-11-06 20:00:32,Update: smooth voting in my precinct.,19,239,29,3015,2020-06-15,Los Angeles,True,en
d0e67e3e-da4,58f67dba,lee27,2024-11-12 11:39:16,poll watchers report — observers reporting orderly process.,92,29,24,796,2025-05-03,Rural,False,en-US
04259bb9-7aa,8f9429b0,alyssa65,2024-11-15 06:56:17,Update: smooth voting in my precinct.,52,168,128,323,2024-03-30,Miami,False,en
5cab3494-230,4730148a,zgamble,2024-11-14 07:21:15,Update: smooth voting in my precinct.,46,59,293,437,2024-07-05,,False,en-US
a3ecf35e-362,4ef017bc,ynorton,2024-11-02 06:33:26,ALERT: fraudulent tabulation across precincts — evidence points to fraud. #electionfraud,184,74,152,214,2022-02-19,Chicago,False,en-US
5d4455f7-909,57ea7860,oconnorsteven,2024-11-09 23:16:37,ghost voters found in vote tallies (217 suspicious) ¡Increíble! 🇺🇸,23,249,131,2996,2016-11-02,Rural,False,en-US
920d0d0c-97e,3508d88b,alexandriamoss,2024-11-04 13:26:53,early voting numbers — official figures incoming.,18,19,43,22359,2021-05-19,Chicago,False,en
beab62e3-810,048918a1,edwin89,2024-11-09 08:27:01,Voter turnout steady in my area.,24,14,18,258,2018-08-27,Miami,False,en-US
8abdedcc-e72,34b942ca,christine35,2024-11-08 17:11:58,ALERT: count manipulation across precincts — evidence points to fraud. #investigate,327,227,10,2843,2018-05-24,Miami,False,en
1665cc3c-5a2,3fcd5ad1,deanshepard,2024-11-07 16:40:49,Evidence of fake ballots — officials silent. Share widely! ¡Increíble! 🇺🇸,107,47,322,2528,2010-05-22,Los Angeles,False,en
35f86730-c67,a399c02c,elizabethwilson,2024-10-27 08:57:33,Update: transparent count in my precinct.,47,206,221,15496,2016-07-26,Miami,False,en
02dc197a-934,397be3a1,rebeccajohnston,2024-10-29 23:19:25,Update: observers confirm fairness in my precinct.,99,74,21,425,2012-08-30,Miami,True,en
d6c9270a-9da,874cbcc3,rsalinas,2024-11-06 13:10:42,polling update — official figures incoming.,83,96,197,497,2021-02-23,Miami,False,es
2edb2a32-638,50e3ba66,zfreeman,2024-10-26 14:54:59,Voter turnout steady in my area. #VoteSafe,45,8,82,364,2010-08-19,Philadelphia,False,en
1522c7e8-539,650fa8d8,wrightlindsay,2024-11-07 10:00:02,ALERT: voter rolls compromised across precincts — evidence points to fraud. #electionfraud,73,340,134,2256,2020-02-15,New York,False,en
38e1e248-e6d,694be2eb,tyler46,2024-11-08 12:01:47,counting ongoing — official figures incoming. #VoteSafe,3,59,11,688,2025-02-09,Miami,False,en-US
c45acd15-076,8e4804cd,terrywarren,2024-10-31 18:12:21,poll watchers report — observers reporting orderly process.,100,11,51,209,2016-05-22,Chicago,False,es
bdb4eb54-80c,046f3b4b,angela48,2024-11-14 13:42:21,fake ballots found in vote tallies (455 suspicious),41,231,14,255,2019-02-11,Los Angeles,False,en-US
07c2bcc7-3b9,ebc3dae2,harrisshawn,2024-10-27 19:30:53,Voter turnout steady in my area.,23,45,12,292,2021-06-24,,False,en
29aa4c53-1a8,c3180778,gpetersen,2024-11-05 19:23:49,Update: clean election in my precinct.,7,50,59,385,2022-12-03,Chicago,False,en-US
6585d042-b5e,103a8d39,vharris,2024-10-31 17:19:56,polling update — observers reporting orderly process.,17,111,17,447,2014-04-26,Rural,False,es
8aa74728-64e,d9a69a95,ryanlee,2024-11-14 21:39:20,Reports of illegal votes in several precincts. Must be investigated! #VoteSafe,139,391,73,3085,2020-08-02,New York,True,es
2175efc2-114,4499676c,lrodriguez,2024-10-29 06:31:44,early voting numbers — observers reporting orderly process. #Election2024,51,145,28,188,2011-01-27,Miami,True,en
68885a71-b52,ba898f1f,cheyenne86,2024-10-28 00:05:06,Update: trust the process in my precinct.,74,62,53,974,2011-03-16,Rural,False,es
24b6ccc2-125,6b5012a1,yperez,2024-11-06 07:14:18,turnout update — observers reporting orderly process.,21,223,17,426,2021-07-10,New York,False,en-US
a27a6780-c2f,7c035eb1,briansmith,2024-10-28 07:43:31,Reports of voter rolls compromised in several precincts. Must be investigated!,13,147,45,4355,2024-07-17,Houston,False,es
6613ee7b-409,b5fdcc87,seanray,2024-11-09 06:47:36,poll watchers report — observers reporting orderly process.,60,176,38,194,2013-06-16,Chicago,False,es
974e3bd4-469,5cc0d652,nicholas45,2024-11-05 23:11:24,Update: smooth voting in my precinct.,18,32,14,621,2018-11-13,Miami,False,es
bd4733f3-ea5,9061305d,bradystout,2024-10-30 12:39:53,early voting numbers — official figures incoming.,35,44,4,227,2025-01-08,Rural,False,en
b7bfc737-0b6,48b5c50f,william09,2024-10-28 17:11:52,Update: observers confirm fairness in my precinct.,38,114,51,428,2022-09-01,Rural,False,en-US
13b9c8ab-97c,651482ac,dorisroberts,2024-11-09 16:23:29,polling update — observers reporting orderly process.,16,11,34,307,2018-05-15,,True,en
1f0a065d-417,5b21767e,jeanette17,2024-11-13 04:29:33,Voter turnout steady in my area. #VoteSafe,41,44,124,1342,2023-09-16,Miami,False,es
3306b461-4a0,4cdfcaba,mary83,2024-11-10 02:01:33,poll watchers report — observers reporting orderly process. #VoteSafe,52,52,33,33932,2025-06-05,Rural,False,en-US
91f78706-5b8,ec645d5c,amberdrake,2024-10-31 22:31:49,counting ongoing — observers reporting orderly process.,39,156,9,560,2011-03-29,Houston,False,en-US
53aa7037-4e0,26776c00,xfernandez,2024-11-12 05:47:46,counting ongoing — observers reporting orderly process.,96,84,26,747,2023-09-09,New York,False,en
da186fd3-af5,6fdf9d15,mariawhite,2024-11-03 08:54:24,poll watchers report — official figures incoming.,13,15,15,344,2010-03-22,Miami,False,es
439cd6d3-3cc,b93fde51,alicia80,2024-10-31 15:27:09,early voting numbers — official figures incoming. #Election2024,39,7,19,199,2017-01-20,Philadelphia,False,en
aaa29a89-134,869c9115,dking,2024-11-02 02:47:33,Update: clean election in my precinct.,55,40,29,277,2010-03-17,,False,es
093ec080-0a3,df5373af,solislisa,2024-11-05 14:30:02,Evidence of ghost voters — officials silent. Share widely! #VoteSafe,136,369,53,101,2017-12-02,Philadelphia,False,en
ba047d85-5f2,a730b2ba,franksarah,10/31/24 05:30 AM,Update: trust the process in my precinct.,104,65,185,491,2011-08-25,Philadelphia,False,en
eddd3ad8-0e0,c9a8eab5,christine04,2024-10-28 10:02:54,poll watchers report — official figures incoming.,18,82,57,578,2023-09-30,Philadelphia,False,en
738272c6-c23,d7580437,zallen,2024-10-28 13:46:38,Reports of ghost voters in several precincts. Must be investigated!,193,299,488,1049,2014-07-12,Miami,False,es
3027d64b-1af,0387c892,karen19,2024-10-28 13:01:36,early voting numbers — observers reporting orderly process.,66,161,37,44829,2024-03-02,Los Angeles,False,en-US
ffb71e70-856,61b871f3,andrea51,2024-11-07 05:57:45,Update: smooth voting in my precinct.,22,195,135,369,2024-02-29,Miami,False,es
0a2d0385-366,6afee4d6,tanya74,2024-11-08 13:55:20,fraudulent tabulation found in vote tallies (48 suspicious),80,144,4,198,2015-04-25,,False,en
b689e378-ec8,d037925f,maria52,2024-11-06 00:04:58,Update: observers confirm fairness in my precinct.,35,85,31,3026,2016-05-04,Chicago,False,en-US
4cd22896-33e,42b2c5d6,djohnson,2024-10-29 12:54:43,Voter turnout steady in my area.,31,56,22,1939,2024-02-23,Miami,False,es
09979b48-cb7,019e29ce,steven60,2024-10-29 15:23:47,Update: transparent count in my precinct. https://news.site/article,92,31,32,134,2016-06-06,Rural,False,en-US
aa1fef7f-193,aebf8c69,crystaljones,10/29/24 02:04 PM,polling update — official figures incoming.,4,81,32,775,2016-01-16,Chicago,False,en
27e794a0-d3e,5e4ddef0,nunezemily,2024-11-14 10:51:47,Update: trust the process in my precinct.,72,138,33,200,2011-11-20,New York,False,es
80f6b076-3e2,da160248,pamela55,2024-11-10 01:51:51,Evidence of voter rolls compromised — officials silent. Share widely!,146,220,6,144,2019-07-09,Philadelphia,True,en
6444d8b6-ae9,8d3ae91e,copelandglenn,2024-11-12 11:52:31,Evidence of count manipulation — officials silent. Share widely!,16,69,165,651,2014-09-17,Rural,False,en
9921c9fe-c51,b34b75c1,austinbennett,2024-11-13 20:47:04,turnout update — observers reporting orderly process. #VoteSafe,70,141,161,848,2017-09-30,Los Angeles,False,en-US
55bcbc3c-b8e,3efc584c,ericcampbell,2024-11-05 07:54:54,Evidence of ballot stuffing — officials silent. Share widely!,100,90,227,149,2012-02-14,Houston,False,en-US
70a79026-f24,c77ee379,paul25,2024-10-29 23:13:45,Update: trust the process in my precinct.,0,118,19,10795,2011-09-12,Rural,False,en-US
8552a054-2f3,ab0fbbd2,valenciaalan,2024-11-07 07:34:50,Update: observers confirm fairness in my precinct.,6,95,25,8858,2022-01-02,Philadelphia,False,en
66ec8f6d-a5f,6b373357,xmcknight,2024-11-06 04:01:51,early voting numbers — observers reporting orderly process.,89,260,131,35,2013-04-23,Houston,True,en-US
e0ac23ab-061,00da557c,stonejeremy,2024-10-29 12:43:03,Update: smooth voting in my precinct.,10,122,61,139,2018-03-29,Philadelphia,False,en-US
74f8c377-7f8,c12dabf2,robersonlaura,2024-11-05 12:22:56,count manipulation found in vote tallies (335 suspicious),88,130,88,245,2017-12-06,Philadelphia,False,es
37bb6e24-ee8,ff5aa241,duartemegan,2024-11-01 01:33:28,Reports of fraudulent tabulation in several precincts. Must be investigated!,17,244,133,7955,2015-08-15,New York,False,en
97f02cdc-cc2,a828665a,josephtina,2024-11-06 00:35:28,counting ongoing — observers reporting orderly process.,139,239,757,230,2017-04-07,Houston,False,es
a18e130b-eaf,ca077ed8,hfranklin,2024-11-03 16:12:32,early voting numbers — official figures incoming.,6,20,4,1342,2014-12-15,Rural,False,en
6384f43c-6f5,5b309df5,kristi49,2024-11-08 12:19:27,Update: transparent count in my precinct.,4,224,45,284,2021-02-23,Los Angeles,False,es
9f5229cb-1fd,39dee48c,sheila73,2024-10-30 18:30:52,ALERT: fake ballots across precincts — evidence points to fraud. #investigate,327,291,24,1180,2022-03-20,New York,False,es
32b7a8c4-f41,fcd12de5,younglindsey,2024-10-26 14:54:03,Evidence of fake ballots — officials silent. Share widely!,147,245,87,1170,2012-04-07,Los Angeles,False,en
14223a47-ce3,fc6b865a,emilyhart,2024-11-05 14:52:04,Update: observers confirm fairness in my precinct.,53,53,86,78,2020-09-17,Chicago,False,en
0f765414-8ce,75efecc9,teresa87,2024-11-11 12:23:47,turnout update — observers reporting orderly process.,84,229,37,141,2016-07-11,Los Angeles,False,en
ea4fb7e1-0df,6a7ae958,pmccoy,2024-11-12 09:04:37,turnout update — observers reporting orderly process.,72,72,15,1490,2020-07-13,Miami,False,en
167e65e0-360,423834a0,danny36,2024-11-02 06:51:52,counting ongoing — observers reporting orderly process.,40,103,33,3302,2012-08-14,Miami,False,es
4bca1b18-58a,a399c02c,elizabethwilson,2024-11-10 11:25:10,early voting numbers — observers reporting orderly process.,79,142,221,15496,2016-07-26,Miami,False,es
7c985152-f6e,0fb97f73,hoodkaren,2024-10-29 04:37:21,poll watchers report — observers reporting orderly process.,41,194,37,1842,2012-01-01,Chicago,False,en-US
12b31831-9f8,a4be43da,cynthia49,2024-11-08 02:48:09,Update: transparent count in my precinct.,94,179,40,603,2013-11-01,New York,True,en-US
fc85230b-871,51f9034c,michaelmarquez,2024-11-15 00:48:22,Evidence of voter rolls compromised — officials silent. Share widely!,195,252,105,8329,2024-12-07,Philadelphia,True,en-US
4a477e11-a73,858a5c9c,ctaylor,2024-10-28 10:52:18,poll watchers report — official figures incoming.,36,12,3,482,2019-04-17,Houston,False,es
f6649378-655,8f00341c,ureynolds,2024-10-30 01:15:57,Evidence of fraudulent tabulation — officials silent. Share widely! ¡Increíble! 🇺🇸 https://news.site/article,4,272,33,632,2016-09-15,Los Angeles,False,en-US
dea3edc0-e24,144c29de,oellis,2024-10-31 02:28:16,Update: smooth voting in my precinct. https://news.site/article,52,112,27,142,2012-02-04,Houston,True,en
311194da-18b,167ffc1e,dmyers,10/31/24 12:18 PM,Reports of fraudulent tabulation in several precincts. Must be investigated!,192,317,96,1961,2010-01-12,Los Angeles,False,es
4060b42b-ed6,f4d473e2,dwalker,2024-10-28 12:55:19,poll watchers report — observers reporting orderly process.,39,204,15,872,2018-02-16,Los Angeles,False,es
19c7f8d5-f50,60b5011e,fcruz,2024-11-10 18:23:14,ALERT: fake ballots across precincts — evidence points to fraud. #electionfraud,299,435,30,2054,2024-03-16,Philadelphia,False,es
3b3969a3-898,6ba8004f,cwade,2024-11-10 18:24:02,ALERT: fake ballots across precincts — evidence points to fraud. #electionfraud,342,674,25,173,2010-01-10,Houston,False,en
cd053508-376,4f6f1fac,warrenrichard,2024-11-14 23:07:31,poll watchers report — observers reporting orderly process.,0,233,24,5577,2022-03-20,Houston,False,en
6cbd4ceb-51a,a3fa113b,debra78,2024-11-03 18:47:28,Evidence of count manipulation — officials silent. Share widely! https://news.site/article,69,186,101,376,2013-06-17,Los Angeles,False,es
77a35ae2-1e9,b8ce94e7,alexanderhines,2024-11-11 10:15:43,Update: smooth voting in my precinct.,15,108,44,3441,2024-08-02,Chicago,False,en
92fa1a5d-b6d,36871186,carlsonsherri,2024-11-11 03:01:31,ALERT: turnout update across precincts — evidence points to fraud. #investigate,231,451,54,956,2022-03-24,Los Angeles,False,en
8c0a443f-c40,b4fb4033,susan37,2024-11-12 18:00:38,Reports of ballot stuffing in several precincts. Must be investigated!,19,147,100,177,2024-12-13,Miami,False,en
c59c727f-ddc,6b8cd6fd,jessica11,2024-11-01 21:10:45,turnout update — observers reporting orderly process.,89,32,29,186,2010-03-27,Rural,False,en
ac2317de-359,4ef017bc,ynorton,2024-11-11 03:03:13,ALERT: turnout update across precincts — evidence points to fraud. #electionfraud,339,752,152,214,2022-02-19,Chicago,False,es
f0b1ae19-fcc,ab4d9121,byang,2024-11-07 22:37:16,Evidence of fake ballots — officials silent. Share widely! ¡Increíble! 🇺🇸,151,297,260,852,2009-05-13,Los Angeles,True,es
425cd8d4-db2,3bb65802,fbailey,2024-11-05 08:27:30,Evidence of count manipulation — officials silent. Share widely!,65,144,2,1092,2020-07-29,New York,False,en
684a87c8-224,26673c67,alicialynch,2024-11-07 00:07:07,poll watchers report — official figures incoming. https://news.site/article,39,48,56,41564,2023-06-01,Philadelphia,False,en
f6c6dd29-82c,7e5c74f0,kimlarry,2024-11-10 19:12:09,ALERT: poll watchers report across precincts — evidence points to fraud. #investigate,257,64,66,267,2009-09-14,Philadelphia,False,es
f73286e4-f3c,edcbb561,daviskara,2024-10-26 11:15:35,Update: smooth voting in my precinct. https://news.site/article,22,7,45,613,2016-01-06,Los Angeles,False,en-US
41105d52-91f,f545fa73,brandon85,2024-10-30 21:21:54,Update: smooth voting in my precinct.,61,245,29,5129,2020-05-24,Miami,False,en-US
aed0be45-835,eb2a96ab,whart,2024-11-07 18:36:58,poll watchers report — official figures incoming.,28,15,8,145,2021-05-01,Los Angeles,False,es
600b01d4-78a,153a083f,amygraham,2024-11-08 19:12:49,Update: clean election in my precinct. #Election2024,102,115,53,17797,2024-11-03,Houston,False,es
03431402-e87,c6a3ba1a,schan,2024-10-31 13:35:09,turnout update — observers reporting orderly process.,4,195,19,1274,2016-09-07,New York,False,en-US
5e87e09f-70a,465d36b6,tracyterrell,2024-11-15 04:52:25,Voter turnout steady in my area.,34,11,67,756,2012-05-30,Los Angeles,True,en-US
43ea1472-47e,0cebe8cb,banderson,2024-10-31 08:19:18,count manipulation found in vote tallies (111 suspicious),130,137,60,53,2009-07-25,Houston,False,en-US
3e91cb96-d60,5d45d091,greenrhonda,2024-11-14 15:32:22,Voter turnout steady in my area. #Election2024,6,44,25,5182,2016-03-17,Chicago,False,en-US
d6ae8688-ced,022e2d83,barnesdennis,unknown,poll watchers report — observers reporting orderly process.,7,13,5,257,2010-08-06,,False,en-US
257a7c41-4a7,75801300,frank79,2024-11-11 03:01:51,ALERT: turnout update across precincts — evidence points to fraud. #investigate,254,48,34,3085,2012-05-23,Philadelphia,False,en-US
2d04f28e-b22,5ebc7422,lisamarquez,2024-11-04 02:38:54,Update: observers confirm fairness in my precinct.,6,81,87,5237,2024-03-05,Miami,False,es
58da78ed-289,0d222a94,lisahurley,2024-10-27 20:01:15,polling update — observers reporting orderly process. #Election2024,42,62,12,428,2012-03-11,Philadelphia,False,es
03728027-db0,ad63c418,elizabeth76,2024-11-08 21:33:09,polling update — observers reporting orderly process.,37,155,48,521,2020-02-10,Los Angeles,False,es
b29e995a-af6,9de1f226,hodgekevin,2024-11-07 00:26:37,Voter turnout steady in my area.,21,77,36,1354,2021-05-26,Philadelphia,False,es
aa625006-229,38d65e59,abriggs,2024-11-10 11:40:57,Update: observers confirm fairness in my precinct.,5,45,14,50,2020-08-09,Philadelphia,True,en
112ebe17-fe1,76863e98,andrewlambert,2024-10-26 23:13:18,ballot stuffing found in vote tallies (268 suspicious) ¡Increíble! 🇺🇸 #Election2024,50,158,20,1266,2014-11-08,Philadelphia,False,en-US
d7e629f2-b9d,4502dfd2,dustin09,2024-11-09 21:18:25,Voter turnout steady in my area.,2,63,32,5793,2016-05-30,Miami,False,es
8df5047b-8b6,7139264c,ryanjohnson,2024-11-15 05:21:28,fake ballots found in vote tallies (497 suspicious),55,284,16,363,2018-09-18,,False,es
36a052ba-99d,6d9797ac,nnguyen,2024-11-14 16:54:11,Voter turnout steady in my area.,33,75,242,6844,2016-11-18,Los Angeles,False,en-US
cf103b29-786,1d2f5bf6,shawkelly,2024-11-12 12:31:33,polling update — observers reporting orderly process.,99,235,15,287,2011-04-09,Chicago,False,es
989acb36-f11,c3591660,kathrynjackson,2024-11-08 20:30:57,Evidence of voter rolls compromised — officials silent. Share widely!,136,280,6,237,2017-01-02,Houston,False,en
df9c4dd5-79a,8e4804cd,terrywarren,2024-10-30 18:07:35,Reports of illegal votes in several precincts. Must be investigated!,147,380,51,209,2016-05-22,Chicago,False,es
82b35ecc-fc5,5970e633,xhughes,2024-11-12 18:10:53,Reports of rigged machines in several precincts. Must be investigated!,106,143,40,595,2022-01-29,Houston,False,en-US
e6dadfa9-7ee,61a39b9e,denise14,2024-11-11 23:51:19,ALERT: counting ongoing across precincts — evidence points to fraud. #electionfraud,101,624,2,198,2023-08-10,Chicago,False,en-US
3ba06088-b29,3b7dfa6f,tiffanyhall,unknown,Voter turnout steady in my area.,25,44,10,104,2020-05-21,New York,False,en
03dce494-57b,9c3fea72,adkinsmarcus,2024-10-30 13:31:56,polling update — observers reporting orderly process.,81,5,61,986,2016-08-06,Philadelphia,False,en-US
674e4d6c-24d,a9ee5994,jeffrey07,2024-11-02 06:31:59,ALERT: fraudulent tabulation across precincts — evidence points to fraud. #electionfraud,348,675,24,3138,2012-10-25,Chicago,True,es
70b9263e-8d5,5ee2ce1b,joneslaura,2024-10-27 05:27:00,Update: observers confirm fairness in my precinct.,4,46,11,2899,2016-12-02,Houston,False,es
c2a73545-e8b,d76e0276,ferrellmegan,2024-11-03 18:13:10,Evidence of fraudulent tabulation — officials silent. Share widely!,173,363,65,49,2017-09-15,,False,en-US
0c2fbfa6-db3,7e2dfeaa,mstephens,2024-11-09 06:02:55,Evidence of voter rolls compromised — officials silent. Share widely!,8,22,20,794,2022-02-25,Miami,True,en-US
23e99028-c03,103a8d39,vharris,2024-11-14 00:29:27,polling update — official figures incoming.,10,22,17,447,2014-04-26,Rural,False,es
0d86a5e9-d47,edae0561,audrey32,2024-11-03 21:20:02,counting ongoing — official figures incoming. #Election2024,5,80,14,627,2024-02-08,,False,es
870ae71c-b08,4f5d5863,qglenn,2024-11-09 21:02:41,polling update — observers reporting orderly process.,35,117,38,182,2018-11-24,Chicago,False,en
6fcb5041-dc6,450a79b7,wdavis,2024-11-10 10:21:14,poll watchers report — official figures incoming. #VoteSafe,27,49,75,2250,2020-01-06,New York,False,en-US
ac175e6d-3fb,b0c1e4ff,cherrera,2024-11-11 03:03:08,ALERT: turnout update across precincts — evidence points to fraud. #investigate,333,334,29,3933,2024-07-16,Philadelphia,True,en
f789019b-fa9,94a43148,tracy92,2024-11-06 01:45:29,Update: observers confirm fairness in my precinct.,47,176,46,941,2012-01-07,Rural,False,es
5b845531-c55,844c477c,toddchristopher,2024-11-09 01:49:23,Update: clean election in my precinct.,68,104,29,470,2013-08-25,Los Angeles,False,en
00edc334-09f,1eb4dda2,shannonkeith,2024-10-27 04:32:14,counting ongoing — official figures incoming.,27,76,14,445,2016-02-01,Miami,False,en
06f9e3c0-42e,61b871f3,andrea51,2024-11-02 05:32:04,Update: smooth voting in my precinct. https://news.site/article,90,119,135,369,2024-02-29,Miami,False,en-US
277ee8e7-49e,ea9e17e0,christiancampbell,2024-10-28 05:23:41,ballot stuffing found in vote tallies (325 suspicious),137,136,107,254,2021-04-11,New York,False,en-US
2d4bb6e3-c06,988f9cda,greenmelissa,2024-11-09 23:45:52,polling update — observers reporting orderly process.,240,326,1078,1012,2015-09-26,Philadelphia,False,en-US
1269f0ce-fab,e74aec7c,ellen37,2024-11-05 14:20:38,Reports of rigged machines in several precincts. Must be investigated! https://news.site/article,150,169,105,293,2023-12-02,Los Angeles,False,en
0913bd89-38c,2345721a,drew79,2024-11-11 05:44:03,Update: observers confirm fairness in my precinct.,26,187,4,2001,2021-06-02,Philadelphia,False,en-US
becf8164-062,314620dc,robinsonbrian,2024-11-08 02:52:58,early voting numbers — observers reporting orderly process.,41,233,37,515,2023-05-15,Miami,False,en-US
8025243a-0c7,10a390d1,dianaprice,2024-11-13 06:50:09,Reports of count manipulation in several precincts. Must be investigated! https://news.site/article,126,118,41,2160,2012-08-21,New York,False,en-US
f4bc5a4d-729,4ba9c9da,nathanlloyd,2024-11-13 09:02:20,Voter turnout steady in my area.,41,73,2,838,2011-05-21,,False,es
721949d6-f0e,00929c7f,samueldavis,2024-11-13 10:05:44,turnout update — observers reporting orderly process.,92,89,8,2740,2012-12-10,Miami,True,en
a1aa0213-bc3,d76e0276,ferrellmegan,2024-11-06 15:29:58,counting ongoing — observers reporting orderly process.,84,243,65,49,2017-09-15,,False,en-US
e4de40a3-33f,29411fe6,jessica26,2024-11-08 06:54:04,Reports of ballot stuffing in several precincts. Must be investigated! ¡Increíble! 🇺🇸,177,226,21,871,2010-01-27,Philadelphia,False,en
9f94f670-106,839265ab,marybooth,2024-10-30 09:02:03,early voting numbers — observers reporting orderly process. #Election2024,34,4,9,998,2022-11-11,Miami,False,en
91945426-387,8dd2fb4f,pittmanrichard,2024-10-26 11:09:32,polling update — official figures incoming.,27,49,12,109,2009-06-13,Chicago,False,en
0d634435-000,d6167b97,fosterbrian,2024-11-05 00:51:44,ALERT: fraudulent tabulation across precincts — evidence points to fraud. #investigate,247,90,36,17160,2024-01-20,Philadelphia,False,es
0e2cb363-669,cc9f1599,derrick95,2024-11-01 12:05:03,early voting numbers — observers reporting orderly process.,37,132,1,511,2010-09-08,New York,True,es
d6ae6673-1cb,bf3eb33d,mary57,2024-11-01 15:34:31,counting ongoing — observers reporting orderly process.,24,92,1,101,2023-10-15,Philadelphia,True,en-US
4845c032-5aa,c62daa47,sean22,10/29/24 11:24 PM,turnout update — observers reporting orderly process.,64,211,343,401,2010-05-19,Houston,True,es
30cf8c42-563,315fb146,ethanprice,2024-10-26 14:10:55,Reports of ballot stuffing in several precincts. Must be investigated!,39,257,4,632,2021-02-04,Miami,False,en-US
4c53631e-030,77fefec2,jasmindavis,2024-11-13 19:23:18,fake ballots found in vote tallies (65 suspicious) #VoteSafe,55,90,110,701,2014-08-25,Los Angeles,False,en-US
c31f0f0e-6fb,7233f601,bhutchinson,2024-11-13 09:40:25,Voter turnout steady in my area. #Election2024,26,51,306,850,2017-02-18,Miami,False,en
805ecbf7-cf4,4ba9c9da,nathanlloyd,2024-10-28 12:50:52,Evidence of ballot stuffing — officials silent. Share widely!,131,138,2,838,2011-05-21,,False,en-US
fceadbd1-eb0,b80829f9,jamespatterson,2024-11-08 12:29:05,poll watchers report — observers reporting orderly process.,51,121,6,58,2017-01-30,Houston,False,en
a704545a-30d,6ba8004f,cwade,2024-11-14 20:48:19,Update: observers confirm fairness in my precinct.,12,105,25,173,2010-01-10,Houston,False,es
daebd1c4-12b,81392e02,kanematthew,2024-11-10 17:58:18,count manipulation found in vote tallies (268 suspicious) ¡Increíble! 🇺🇸,51,265,26,23225,2010-12-05,Philadelphia,False,en
fdfa2291-823,b2721281,owensanna,2024-10-31 04:25:17,Update: observers confirm fairness in my precinct. #VoteSafe,106,158,144,1761,2011-10-31,Rural,True,en-US
68971b1a-773,d45b364d,donaldmartinez,2024-10-29 20:18:16,Evidence of ghost voters — officials silent. Share widely! ¡Increíble! 🇺🇸,26,79,10,439,2017-04-09,Houston,False,en
849a0a61-8d4,04f7eb0d,carolynkeith,2024-11-06 01:53:03,illegal votes found in vote tallies (460 suspicious) #Election2024,100,33,15,466,2017-03-05,Philadelphia,True,en-US
19a88dd6-df1,c523d625,mark18,2024-11-01 21:42:25,Update: transparent count in my precinct. #Election2024,45,221,16,32779,2025-03-04,Philadelphia,False,es
1cd8d588-940,0a23903d,rogersgerald,2024-11-12 18:09:39,Reports of ghost voters in several precincts. Must be investigated! ¡Increíble! 🇺🇸,230,308,583,776,2017-09-24,Rural,False,es
d4dc89c1-7f7,756d9221,johnsonmatthew,2024-10-29 22:28:56,Voter turnout steady in my area.,56,29,58,740,2023-09-05,Philadelphia,False,en
b152c2cf-366,4502dfd2,dustin09,2024-11-09 01:47:33,Update: trust the process in my precinct.,87,80,32,5793,2016-05-30,Miami,False,es
1fe4bf05-1f8,d6460761,tbradley,2024-11-04 19:14:22,Update: clean election in my precinct.,61,75,1,135,2010-05-23,New York,False,en-US
34c9ad4c-1cb,20a5a682,danielruiz,2024-11-04 17:09:21,Evidence of fake ballots — officials silent. Share widely! ¡Increíble! 🇺🇸,98,331,31,444,2017-12-12,New York,False,es
8e4a3f38-916,3fcd5ad1,deanshepard,2024-10-30 12:40:55,early voting numbers — observers reporting orderly process.,67,244,322,2528,2010-05-22,Los Angeles,True,en
85070c2a-b41,4f63af45,jsanchez,2024-11-09 15:13:45,early voting numbers — official figures incoming. #VoteSafe,21,78,75,1991,2024-10-03,New York,False,en
239c6a1b-cac,52b74a4c,falvarado,2024-11-01 23:57:19,polling update — observers reporting orderly process.,64,47,15,828,2025-07-02,Houston,False,en
31b94ffe-a05,ebacfed5,meghanfritz,2024-11-05 20:05:21,Evidence of rigged machines — officials silent. Share widely! ¡Increíble! 🇺🇸,57,204,54,280,2009-06-28,Chicago,False,es
c0722648-37c,beacfe8d,darrell04,2024-11-13 18:25:58,Evidence of fake ballots — officials silent. Share widely! ¡Increíble! 🇺🇸,176,112,8,845,2025-02-20,Chicago,False,es
3ac0620d-d8d,a0f28277,bryan47,2024-11-05 06:10:08,Update: smooth voting in my precinct.,6,141,51,4050,2014-07-04,Philadelphia,False,en-US
30121caf-bd6,988f9cda,greenmelissa,2024-11-11 23:49:24,ALERT: counting ongoing across precincts — evidence points to fraud. #electionfraud,208,612,1078,1012,2015-09-26,Philadelphia,True,en
d3142048-671,29a5330f,sshea,2024-11-04 17:20:29,Reports of ghost voters in several precincts. Must be investigated! #Election2024,14,53,8,6575,2018-01-16,Los Angeles,False,en
02ee99bf-d90,2cea4ff6,qbush,2024-11-05 17:57:50,Update: transparent count in my precinct.,14,37,30,1281,2014-11-03,,False,en
a7c09e71-e39,4a69f172,shanehutchinson,2024-10-29 06:38:33,voter rolls compromised found in vote tallies (388 suspicious),64,44,12,1420,2014-05-16,Houston,False,es
7862977a-a56,571ea087,hjohnson,2024-10-30 18:32:35,ALERT: fake ballots across precincts — evidence points to fraud. #investigate,297,528,50,24230,2024-12-12,Los Angeles,False,en
497dbdf4-c79,b35d32d2,tylerbryan,2024-11-02 09:01:34,Evidence of fraudulent tabulation — officials silent. Share widely! ¡Increíble! 🇺🇸,160,194,6,2532,2024-09-08,Rural,False,en-US
e8654234-dc5,7ed611fb,gregarnold,2024-10-27 20:40:47,count manipulation found in vote tallies (307 suspicious) ¡Increíble! 🇺🇸,172,246,13,80,2016-11-01,Miami,True,en
566b20b3-f4a,ebf9bf33,fieldsstephen,2024-11-14 23:47:12,polling update — official figures incoming.,22,17,35,1412,2021-04-27,Miami,False,en-US
88447c68-263,2f5dede9,kmartinez,2024-11-03 01:30:07,turnout update — observers reporting orderly process.,71,61,11,6051,2018-05-19,Philadelphia,False,es
15c02fa7-87c,75fe06f1,moorematthew,2024-11-11 22:43:38,polling update — observers reporting orderly process. #Election2024,98,220,50,3107,2021-01-20,Philadelphia,False,es
857860fc-96a,166b8ee3,willismonica,2024-11-02 09:19:21,Evidence of fake ballots — officials silent. Share widely! ¡Increíble! 🇺🇸,138,222,13,193,2015-09-06,Chicago,False,es
dbb2aa5c-1c3,face526c,amandaporter,2024-10-28 05:56:09,Update: observers confirm fairness in my precinct.,73,131,47,315,2010-09-15,Houston,False,en
87d1b13b-eea,680fbbb7,gwatts,2024-11-13 10:26:59,ALERT: poll watchers report across precincts — evidence points to fraud. #electionfraud,235,38,48,650,2025-02-15,Chicago,False,en-US
c905a8fa-f14,85c3880d,aaronwang,2024-11-10 18:21:58,ALERT: fake ballots across precincts — evidence points to fraud. #investigate,33,556,10,4093,2021-11-29,New York,False,es
be407517-1af,eef33a3a,smithnicholas,2024-11-05 15:31:47,Reports of ballot stuffing in several precincts. Must be investigated! ¡Increíble! 🇺🇸,155,191,44,1660,2018-07-26,Miami,False,es
852c9c62-385,f394cde9,george54,2024-11-06 07:59:38,counting ongoing — observers reporting orderly process.,102,220,91,355,2020-12-18,Rural,False,es
4e449908-458,01b0dd3a,mwilliams,2024-11-13 17:21:14,polling update — observers reporting orderly process.,53,50,233,519,2013-09-29,,False,en
c313cdca-157,1f679327,cgiles,2024-11-03 13:28:23,Update: transparent count in my precinct.,44,182,8,1423,2021-03-04,Los Angeles,False,en
a9dc7f78-994,5e061c8b,bmiller,2024-11-13 11:18:49,polling update — official figures incoming.,36,5,82,174,2025-02-21,Los Angeles,False,en-US
3c9791f9-986,51bd3c20,bryantvictoria,2024-10-27 06:48:16,poll watchers report — observers reporting orderly process.,95,157,384,432,2022-03-04,Houston,False,es
962e5b67-853,31a45c0b,jessica47,2024-10-28 23:32:35,illegal votes found in vote tallies (482 suspicious),30,331,87,2058,2015-10-03,Chicago,True,en
2ba47017-b26,01e06196,tinacoleman,2024-10-30 01:16:57,Reports of count manipulation in several precincts. Must be investigated!,115,371,93,313,2019-07-10,Houston,False,en
fcb624e7-69c,7db3c016,michelle22,2024-11-05 05:07:46,poll watchers report — official figures incoming.,51,49,56,125,2022-06-26,Philadelphia,False,en-US
d999f771-534,2bae31a8,lucas27,2024-11-04 13:06:27,Reports of count manipulation in several precincts. Must be investigated!,118,98,45,2177,2023-02-19,New York,False,es
50545877-c5d,cc5b74e6,pprice,2024-11-04 15:06:27,early voting numbers — observers reporting orderly process.,28,80,17,1027,2015-06-10,Rural,False,en-US
e9b8f6b9-d87,0e6ffea3,aroberts,2024-11-01 20:30:23,Update: observers confirm fairness in my precinct.,39,50,18,1142,2023-03-29,Rural,False,en-US
8f88e27c-589,4cdfcaba,mary83,2024-10-30 21:38:50,poll watchers report — observers reporting orderly process.,8,225,33,33932,2025-06-05,Rural,False,es
f30b41c2-49f,bce6f7ba,tanyalawson,2024-10-29 16:19:19,turnout update — observers reporting orderly process.,31,11,8,86,2025-07-23,Los Angeles,False,en-US
211818ad-f7e,fc6a9dea,alexaskinner,2024-11-13 08:30:49,Evidence of fake ballots — officials silent. Share widely! ¡Increíble! 🇺🇸,130,42,301,1885,2018-03-29,Chicago,False,en
af2c5313-bef,b8ce94e7,alexanderhines,2024-11-11 23:49:48,ALERT: counting ongoing across precincts — evidence points to fraud. #electionfraud,106,162,44,3441,2024-08-02,Chicago,False,en
04147221-560,9e593def,huntmatthew,2024-10-26 14:53:33,Update: trust the process in my precinct.,37,228,53,413,2025-06-17,Chicago,False,en-US
be06a122-a1f,f394cde9,george54,unknown,polling update — observers reporting orderly process.,13,190,91,355,2020-12-18,Rural,True,es
bc7b2168-1c1,88de6314,rruiz,2024-11-08 22:18:31,Voter turnout steady in my area. #VoteSafe,25,69,18,135,2019-08-17,Chicago,False,en-US
79f4fa2b-0f5,bcada9c2,savagedaniel,2024-11-15 00:04:01,Reports of ballot stuffing in several precincts. Must be investigated!,54,316,12,4513,2014-01-13,Philadelphia,False,en-US
51b260ec-324,dfe13fcf,qsnyder,2024-11-08 04:46:59,Voter turnout steady in my area.,21,58,3,473,2011-01-13,Rural,False,en
f8e598ee-2a6,1b5abd8d,lauraramirez,2024-10-28 13:52:03,counting ongoing — observers reporting orderly process.,85,66,7,281,2022-08-31,Los Angeles,False,es
f720880c-9b9,b0cd4856,maria60,2024-11-02 18:55:02,counting ongoing — official figures incoming.,42,69,73,17547,2017-10-14,New York,False,en
7aa74194-6db,bc36ad8a,collinsjulie,2024-11-11 23:23:47,early voting numbers — observers reporting orderly process.,24,97,35,1428,2010-12-31,New York,False,en-US
eddbaab1-3da,066d345c,jasminethomas,2024-10-31 20:52:44,turnout update — observers reporting orderly process.,86,128,5,28578,2024-04-19,New York,False,en-US
46c91773-d1e,2f525491,sarahsullivan,2024-11-03 07:58:04,Update: trust the process in my precinct.,45,40,17,1333,2018-12-01,Rural,False,es
3a10b87c-db5,81d9c1ce,mark77,2024-10-27 20:01:35,Update: trust the process in my precinct.,16,193,41,11960,2024-11-13,New York,False,en-US
bb1553ba-4f0,801dc72c,gporter,2024-11-08 00:50:29,Update: smooth voting in my precinct.,28,203,111,1615,2010-04-06,,False,en
6a845743-03f,49b5c477,gutierrezpatricia,2024-11-04 19:19:06,Update: trust the process in my precinct.,103,230,164,220,2023-02-26,Los Angeles,False,en
703387b0-400,56bdc200,vmorgan,2024-11-02 01:37:44,Reports of fraudulent tabulation in several precincts. Must be investigated! ¡Increíble! 🇺🇸 #VoteSafe,6,321,18,71,2021-11-11,Houston,False,es
65221ca4-2ca,24d44932,whiteashley,2024-11-01 23:53:13,poll watchers report — observers reporting orderly process.,66,59,162,96,2015-11-20,,False,en
7f87bb4a-0a2,82629993,samueljohnson,2024-11-01 16:04:06,Update: clean election in my precinct.,94,229,13,4908,2022-11-01,Miami,False,en
d31ae36f-7f8,52322f9f,todd49,2024-11-05 00:51:00,ALERT: fraudulent tabulation across precincts — evidence points to fraud. #investigate,383,429,104,614,2015-01-29,Chicago,False,es
caa51850-0ca,869c9115,dking,2024-11-03 13:58:03,Update: observers confirm fairness in my precinct. #VoteSafe,57,71,29,277,2010-03-17,,True,en
648a756c-898,ffe9ffb5,tinarichards,2024-10-30 23:29:09,counting ongoing — observers reporting orderly process. #Election2024,90,135,50,105,2009-12-22,,True,en
1892222f-9e4,50635767,xmeyers,2024-11-09 08:47:01,Update: observers confirm fairness in my precinct.,16,253,32,4181,2015-01-31,Houston,False,es
99a3b92d-09e,82629993,samueljohnson,2024-11-01 02:45:01,counting ongoing — observers reporting orderly process.,4,243,13,4908,2022-11-01,Miami,True,es
8e678474-21e,1b645874,asimmons,11/06/24 07:32 PM,Reports of count manipulation in several precincts. Must be investigated!,4,133,48,485,2012-08-24,Los Angeles,False,es
7ee9accd-be3,5408d0f8,dillonreyes,2024-11-02 07:57:31,Evidence of rigged machines — officials silent. Share widely!,174,273,62,4229,2021-06-15,Miami,False,en
3ac1d12f-7ec,7ae49a2e,nballard,2024-11-10 19:02:41,Update: clean election in my precinct.,104,113,102,319,2021-07-18,Los Angeles,False,en-US
00c85ef9-711,95fcb61b,malikcole,11/11/24 05:55 PM,polling update — observers reporting orderly process.,90,26,16,10987,2015-11-20,Houston,False,en-US
88ba1ba1-bfc,1ec16bb3,veronica26,2024-11-09 14:09:23,Reports of ballot stuffing in several precincts. Must be investigated! ¡Increíble! 🇺🇸,4,87,28,222,2010-04-02,Rural,False,es
1ee07099-718,4ef017bc,ynorton,2024-11-04 17:58:23,Update: clean election in my precinct. https://news.site/article,83,197,152,214,2022-02-19,Chicago,False,es
532e4d2f-f73,eef33a3a,smithnicholas,2024-11-12 19:47:11,Update: trust the process in my precinct.,65,103,44,1660,2018-07-26,Miami,False,es
ba799bf7-fe6,0387c892,karen19,2024-11-03 11:46:05,early voting numbers — observers reporting orderly process.,40,30,37,44829,2024-03-02,Los Angeles,False,es
3f06ff69-80b,e586e546,rogersantonio,2024-11-04 01:19:59,Update: transparent count in my precinct.,72,250,67,75,2017-06-21,Philadelphia,False,es
34e5174a-68f,c5c72fe9,vanessa96,2024-10-28 23:35:00,early voting numbers — observers reporting orderly process.,53,181,42,140,2014-08-06,Rural,False,en
678e82e5-817,1ec16bb3,veronica26,2024-11-04 23:12:02,early voting numbers — observers reporting orderly process.,80,32,28,222,2010-04-02,Rural,False,es
c841c05d-325,656544e6,vhurley,2024-10-29 03:14:59,Reports of ballot stuffing in several precincts. Must be investigated!,201,137,99,588,2020-09-19,Los Angeles,True,en-US
1242929d-d33,758d368f,bennettcynthia,2024-10-30 23:47:21,turnout update — observers reporting orderly process.,52,103,9,786,2014-04-20,Rural,False,es
8fac01b2-317,2140acbf,richardwatkins,2024-11-03 21:48:10,polling update — official figures incoming.,8,47,22,1939,2019-11-09,Philadelphia,False,en
af8f515d-e4f,bc36ad8a,collinsjulie,2024-11-02 14:50:16,polling update — observers reporting orderly process. #VoteSafe,16,131,35,1428,2010-12-31,New York,False,en-US
f8bfb5ac-feb,dfeeab87,qsharp,2024-11-05 08:20:05,polling update — official figures incoming.,3,77,66,683,2012-03-30,Rural,False,es
3ea740bd-4c3,20135f7a,christopher40,2024-11-08 22:03:29,Update: clean election in my precinct.,3,78,11,594,2022-03-11,Rural,False,en-US
8e9a587b-32d,8c96cf18,michele06,2024-11-14 05:55:24,Update: trust the process in my precinct.,40,144,21,29,2011-04-30,Miami,False,en
90e1ead2-5a9,034c7c08,hamiltonsusan,2024-11-02 05:04:07,fake ballots found in vote tallies (123 suspicious),88,172,29,26,2025-08-16,Philadelphia,False,en
6b96fdd8-7bd,17a66ce1,zthompson,2024-11-04 19:31:12,Update: transparent count in my precinct.,61,109,61,379,2018-11-07,Rural,False,en
3d00db97-f4c,fe4ab2b7,robert16,2024-11-14 18:50:35,poll watchers report — observers reporting orderly process.,16,214,69,76,2020-12-27,,False,en-US
4fb8d4b8-e26,01eb37bb,gwendolyn74,2024-10-27 13:49:03,poll watchers report — observers reporting orderly process. https://news.site/article,70,140,78,520,2024-07-07,Chicago,False,en
74170e0d-ec4,1d2f5bf6,shawkelly,2024-11-05 00:50:47,ALERT: fraudulent tabulation across precincts — evidence points to fraud. #investigate,242,77,15,287,2011-04-09,Chicago,False,es
027804ce-671,8095bd10,ucobb,2024-10-31 04:04:21,Evidence of count manipulation — officials silent. Share widely! ¡Increíble! 🇺🇸,15,260,24,1345,2012-02-19,Rural,False,en-US
6f28e5be-1c1,90a37f4b,carolyn59,2024-11-03 11:55:11,fake ballots found in vote tallies (418 suspicious),46,215,129,596,2016-07-13,,False,en-US
086178ed-a9c,29411fe6,jessica26,2024-11-13 19:27:14,Update: smooth voting in my precinct.,85,46,21,871,2010-01-27,Philadelphia,True,es
92acf914-b5a,fda713b5,bradleyscott,2024-11-04 17:17:14,Reports of ballot stuffing in several precincts. Must be investigated!,19,386,5,206,2018-05-03,Houston,False,en-US
0a7209e1-87f,3b971fa7,jimenezgregory,2024-10-29 13:15:31,Evidence of ghost voters — officials silent. Share widely! #VoteSafe,147,142,79,30285,2023-11-07,Los Angeles,False,es
8ac6141a-9fa,a4343100,amendoza,2024-10-31 15:43:06,poll watchers report — observers reporting orderly process.,21,190,13,568,2017-09-11,Houston,False,en
a6c31fdb-938,22464956,johnsontammy,2024-11-08 19:18:17,Update: trust the process in my precinct.,23,193,10,664,2018-08-19,Houston,False,en
df68e88a-a61,cd862dbc,hdavis,2024-11-10 16:57:47,Update: observers confirm fairness in my precinct.,60,54,32,1812,2018-10-19,Philadelphia,False,es
00975035-b81,2e5df72e,ngrant,2024-11-12 17:46:09,polling update — observers reporting orderly process.,66,74,50,4458,2024-09-12,New York,False,es
db8123ea-84e,f545fa73,brandon85,2024-11-04 17:02:10,Reports of voter rolls compromised in several precincts. Must be investigated! ¡Increíble! 🇺🇸,198,69,29,5129,2020-05-24,Miami,False,en
3e8a5188-178,0cea9b83,qshelton,2024-11-06 06:16:39,counting ongoing — observers reporting orderly process.,99,10,64,1114,2015-10-26,,False,en-US
0866ccaf-582,26e45372,fstrickland,2024-11-12 15:37:57,polling update — observers reporting orderly process.,68,34,20,185,2014-06-19,Miami,False,es
3bf5250f-a44,a4dd53ab,kayladennis,11/04/24 06:43 PM,Voter turnout steady in my area.,22,66,6,1048,2019-12-31,,False,en-US
4ca25d26-b1a,582878ba,caldwellkara,2024-11-05 20:15:29,Update: smooth voting in my precinct.,44,139,1,911,2020-05-02,Philadelphia,False,en-US
72dd4cb6-353,26e45372,fstrickland,2024-10-31 22:29:28,early voting numbers — observers reporting orderly process.,34,68,20,185,2014-06-19,Miami,False,es
35aed316-35a,9c3757f2,higginscheryl,2024-11-10 19:13:18,ALERT: poll watchers report across precincts — evidence points to fraud. #investigate,345,719,33,767,2009-05-29,Miami,False,en-US
57756a81-59d,3b343e05,hoffmanchad,2024-10-28 08:41:15,Reports of ghost voters in several precincts. Must be investigated!,188,362,59,2075,2011-11-26,Philadelphia,False,en-US
6c1dde60-39f,c26b5d58,jamesmoyer,2024-11-09 11:47:59,counting ongoing — observers reporting orderly process.,63,4,2,9796,2023-03-21,Rural,False,es
dd707672-c03,60b5011e,fcruz,2024-11-08 17:11:02,ALERT: count manipulation across precincts — evidence points to fraud. #investigate,284,414,30,2054,2024-03-16,Philadelphia,False,es
8d175e31-4ad,0570f1f4,favila,2024-11-03 11:23:23,voter rolls compromised found in vote tallies (474 suspicious) #VoteSafe,185,75,46,78,2013-02-22,Los Angeles,False,es
706c6e66-aff,450a79b7,wdavis,2024-11-04 00:23:59,illegal votes found in vote tallies (459 suspicious) https://news.site/article,64,44,75,2250,2020-01-06,New York,False,en-US
35dccf48-59e,5e734321,xwilson,2024-11-06 10:55:48,poll watchers report — observers reporting orderly process.,35,79,88,762,2012-10-27,,False,en-US
a000ee31-d72,e78b9e9f,joshuajohnson,2024-11-07 08:07:14,turnout update — official figures incoming.,21,64,31,1773,2019-11-20,Philadelphia,False,en-US
613b5dcb-7c0,53453fcc,xgibson,2024-10-31 10:53:44,Voter turnout steady in my area. #Election2024,37,63,14,493,2019-05-15,Houston,False,en-US
68c1e152-3d1,2d211352,marisafisher,2024-11-07 02:02:09,Update: trust the process in my precinct.,52,229,52,586,2021-01-03,Los Angeles,False,en-US
1ebd32d7-14c,05ce2dad,rbenson,2024-11-06 14:04:15,Evidence of ghost voters — officials silent. Share widely! ¡Increíble! 🇺🇸,141,29,130,1244,2017-12-30,New York,False,en
010fc132-028,c25bc673,stephanieharding,2024-10-30 22:14:10,early voting numbers — observers reporting orderly process.,60,4,68,593,2009-09-08,,True,en
82dd0217-f53,b4fb4033,susan37,2024-11-07 05:17:14,Update: smooth voting in my precinct. #Election2024,23,247,100,177,2024-12-13,Miami,False,en
cd0c2cb4-9f2,f79dc0b1,weaverjonathan,2024-11-03 07:47:20,Update: smooth voting in my precinct.,77,118,106,2994,2020-02-24,Houston,False,en-US
a6366264-1ba,d1bb4029,william46,2024-11-11 12:34:04,polling update — observers reporting orderly process.,33,247,13,388,2012-09-22,Rural,False,en
379a2252-462,3b2e4390,adrian11,2024-10-31 20:43:54,voter rolls compromised found in vote tallies (379 suspicious),172,271,23,383,2021-05-07,New York,False,en-US
d8d85b5d-d9b,f84a2835,john69,2024-10-28 10:11:55,Update: observers confirm fairness in my precinct.,12,39,4,913,2010-07-07,Houston,False,en
eb0f8333-317,00da557c,stonejeremy,2024-10-29 20:27:52,Reports of count manipulation in several precincts. Must be investigated!,68,56,61,139,2018-03-29,Philadelphia,False,es
dc21cbbf-e48,ebacfed5,meghanfritz,2024-11-09 18:22:08,Update: trust the process in my precinct.,60,21,54,280,2009-06-28,Chicago,False,es
98c94f29-4ad,4f63af45,jsanchez,2024-11-05 23:41:15,Evidence of illegal votes — officials silent. Share widely! ¡Increíble! 🇺🇸,63,248,75,1991,2024-10-03,New York,False,en
bc20b845-e71,98e54c35,mcclainmark,2024-10-29 12:16:39,polling update — observers reporting orderly process.,35,11,26,486,2022-06-22,,False,en
d9f1623a-5e8,8df9b401,qhanson,2024-11-14 18:58:19,Update: trust the process in my precinct. #Election2024,36,152,29,4209,2024-07-01,,False,es
c5593947-d91,1eb4dda2,shannonkeith,2024-11-14 12:32:36,turnout update — observers reporting orderly process.,0,38,14,445,2016-02-01,Miami,False,en
c5cb58a5-b8a,50e3ba66,zfreeman,2024-10-31 02:08:39,turnout update — observers reporting orderly process.,98,203,82,364,2010-08-19,Philadelphia,False,en-US
f0b90c66-5ff,69f54774,theodore36,2024-11-07 21:45:39,Voter turnout steady in my area. https://news.site/article,21,85,45,300,2015-12-09,Chicago,False,en
49f10f5a-124,eb280959,william55,2024-11-14 03:42:34,Update: transparent count in my precinct. #VoteSafe,81,158,25,1432,2018-04-10,Chicago,False,es
504fb177-390,604987b1,lisahoward,2024-11-13 10:25:13,ALERT: poll watchers report across precincts — evidence points to fraud. #investigate,217,381,22,728,2021-07-24,Philadelphia,True,es
eb690bc9-6f4,5ebc7422,lisamarquez,11/13/24 08:48 AM,count manipulation found in vote tallies (379 suspicious),35,191,87,5237,2024-03-05,Miami,False,en
f161e223-c26,7f245a61,duartetammy,2024-10-31 03:37:34,poll watchers report — observers reporting orderly process.,80,98,464,487,2022-10-04,,False,es
ee1c8ab5-1ea,de339f4a,uwilson,2024-11-05 12:35:44,poll watchers report — observers reporting orderly process.,49,74,37,794,2013-07-01,Rural,False,es
8097a3fa-4d4,1b23d6f5,moorejohn,2024-11-09 18:13:55,early voting numbers — observers reporting orderly process.,38,249,5,2825,2011-10-04,Philadelphia,False,es
595087a7-460,f539ca55,wyatttiffany,2024-11-12 15:13:08,Reports of ghost voters in several precincts. Must be investigated! #VoteSafe,151,135,5,1771,2018-09-23,New York,False,en
0a51634c-b57,582878ba,caldwellkara,2024-11-06 02:35:25,Update: trust the process in my precinct. https://news.site/article,77,224,1,911,2020-05-02,Philadelphia,False,en-US
b0c927aa-383,5b21767e,jeanette17,2024-10-28 10:28:55,Update: transparent count in my precinct.,37,207,124,1342,2023-09-16,Miami,False,en-US
acf0739c-4f3,9a248f89,matthew58,2024-11-07 18:11:00,Update: observers confirm fairness in my precinct. #Election2024,14,187,59,430,2011-04-08,Rural,False,en-US
7b6e444d-147,875419eb,charlesdean,2024-11-14 05:22:16,Reports of fake ballots in several precincts. Must be investigated!,7,173,10,671,2021-08-22,Chicago,False,en
fdb874ec-0d9,6b5012a1,yperez,2024-11-02 06:29:58,ALERT: fraudulent tabulation across precincts — evidence points to fraud. #investigate,176,565,17,426,2021-07-10,New York,False,en
58f77ae6-e1a,cd862dbc,hdavis,2024-11-10 03:58:56,Reports of rigged machines in several precincts. Must be investigated!,8,188,32,1812,2018-10-19,Philadelphia,True,en
ae5789b4-785,6d95c6bd,johngray,2024-10-30 01:38:30,fake ballots found in vote tallies (468 suspicious),150,148,130,444,2023-07-09,Chicago,False,en-US
f2d444ef-654,81d9c1ce,mark77,2024-11-05 15:33:13,polling update — official figures incoming.,50,8,41,11960,2024-11-13,New York,False,es
abe83227-c67,a099d684,swise,2024-11-10 11:20:52,polling update — observers reporting orderly process.,73,47,33,438,2011-06-16,Houston,True,en-US
5d3c032f-cc6,2e29a7d8,michaelnash,2024-11-06 08:12:30,fraudulent tabulation found in vote tallies (148 suspicious),162,125,47,1096,2020-11-23,Philadelphia,False,en-US
0d679157-a31,087ce3f1,mwest,2024-11-13 17:06:36,Voter turnout steady in my area.,24,61,44,340,2010-11-16,Rural,False,es
49492ce2-9d7,8eff1639,gloversandra,2024-11-14 23:27:43,early voting numbers — official figures incoming.,30,25,49,111,2014-08-13,Los Angeles,False,en
97d6d89a-58e,2bae31a8,lucas27,2024-11-13 14:37:39,Evidence of ghost voters — officials silent. Share widely!,67,225,45,2177,2023-02-19,New York,False,es
8cf37e1f-11a,3eafd990,angela71,2024-10-29 02:39:06,poll watchers report — observers reporting orderly process.,13,256,72,796,2020-11-09,Miami,False,es
d1910133-37c,e903741b,matthew24,2024-10-28 07:08:36,Reports of voter rolls compromised in several precincts. Must be investigated!,27,287,16,1209,2015-05-22,Rural,False,es
20e26911-82d,50ddefbd,julierhodes,2024-10-30 19:13:05,Evidence of voter rolls compromised — officials silent. Share widely!,173,144,17,728,2012-09-07,New York,False,es
976031f2-809,10a390d1,dianaprice,2024-11-03 23:44:08,poll watchers report — official figures incoming.,4,62,41,2160,2012-08-21,New York,False,es
9d11e020-713,1aedd255,brian78,10/30/24 11:01 AM,poll watchers report — observers reporting orderly process.,55,220,29,4030,2014-05-23,New York,False,en-US
8dc4a18a-d89,7b230ef0,fleminglisa,2024-10-27 08:19:03,turnout update — official figures incoming.,22,83,278,159,2010-11-05,Los Angeles,False,en
8d297fc2-4c7,e61b6a07,zwalker,2024-11-05 05:30:33,Evidence of ghost voters — officials silent. Share widely! ¡Increíble! 🇺🇸,144,344,46,530,2021-07-26,Philadelphia,False,es
6af1288b-dfb,e1cf740b,thomas29,2024-11-12 20:50:19,Update: clean election in my precinct. #Election2024,99,77,90,546,2012-10-15,Los Angeles,False,en
0d219158-247,d6460761,tbradley,2024-11-04 08:15:25,Voter turnout steady in my area.,31,11,1,135,2010-05-23,New York,True,en-US
17f4f77e-cf3,fa1366de,bethdavis,2024-11-02 17:41:38,Update: clean election in my precinct.,41,236,30,308,2019-09-12,Houston,False,es
022bb5f1-839,6fb1b42e,whitedana,11/03/24 04:06 PM,counting ongoing — official figures incoming.,27,20,8,4895,2010-02-13,New York,False,en-US
bef313f4-de6,306c3dd9,jason56,2024-11-12 04:57:24,Evidence of ghost voters — officials silent. Share widely!,128,232,6,109,2015-02-17,Chicago,False,es
8a21c306-2f3,5ebc7422,lisamarquez,2024-11-03 07:59:10,voter rolls compromised found in vote tallies (264 suspicious),76,250,87,5237,2024-03-05,Miami,False,en
26499079-854,a02fa49a,jennifer31,2024-10-27 11:33:58,Reports of count manipulation in several precincts. Must be investigated! ¡Increíble! 🇺🇸,6,168,14,121,2023-08-30,New York,False,en-US
7fe34894-cc1,1294f36c,lking,2024-11-12 08:00:27,counting ongoing — official figures incoming.,33,29,5,323,2019-12-30,,False,es
bbcf888c-5a4,2af0bbb6,ddixon,2024-11-11 02:06:07,voter rolls compromised found in vote tallies (24 suspicious) #Election2024,153,308,41,3242,2025-09-16,Chicago,False,en
ec8eb5fb-e8d,63c32746,rdavis,2024-10-27 08:14:32,poll watchers report — observers reporting orderly process.,42,10,121,452,2021-02-09,Philadelphia,False,en-US
641cd4c8-d12,079b4116,hbryant,2024-10-26 21:29:49,Update: smooth voting in my precinct. #VoteSafe,5,48,27,83,2022-02-16,New York,False,es
631ffa61-0a8,694be2eb,tyler46,11/06/24 01:35 PM,turnout update — observers reporting orderly process.,53,77,11,688,2025-02-09,Miami,False,es
ce937fce-9b7,9751aa51,awilson,2024-11-06 05:47:46,polling update — observers reporting orderly process.,63,51,202,3815,2022-02-19,New York,False,es
902903c7-011,7c0341f7,jamesgonzales,2024-11-06 16:32:45,early voting numbers — official figures incoming.,16,15,0,2243,2025-04-25,Los Angeles,True,en-US
10c6504d-69b,979b2f39,chavezjake,2024-11-12 20:27:05,ballot stuffing found in vote tallies (40 suspicious) #VoteSafe,180,368,31,186,2020-12-28,Chicago,True,en
fbab4d64-5f7,5c92236d,markstimothy,2024-11-07 06:23:42,Update: clean election in my precinct.,27,142,20,465,2021-07-10,Rural,True,en-US
076d882f-330,3a9a5e91,kathryn19,2024-11-06 20:53:27,Reports of ballot stuffing in several precincts. Must be investigated!,172,245,61,12872,2024-08-01,Rural,False,en-US
1c37f5a0-8ec,56786522,apeterson,2024-11-01 05:08:30,Voter turnout steady in my area.,28,8,9,149,2010-12-18,Chicago,False,es
80edf422-b0c,37d58615,kimberly68,2024-11-05 13:23:46,Update: clean election in my precinct.,42,224,14,36334,2023-05-26,Los Angeles,False,en
2ec1e63b-2f0,ea307b96,kaylee03,2024-11-01 01:35:32,turnout update — observers reporting orderly process. #Election2024,62,65,7,164,2019-07-18,Miami,False,en-US
02ca06d4-f1c,306c3dd9,jason56,2024-11-01 02:45:38,Update: trust the process in my precinct.,71,105,6,109,2015-02-17,Chicago,True,es
4a8532df-c7d,eb2a96ab,whart,unknown,counting ongoing — observers reporting orderly process.,77,227,8,145,2021-05-01,Los Angeles,False,en-US
c80c91dc-f3e,af51b09e,scott49,2024-11-03 13:06:24,polling update — observers reporting orderly process.,40,136,48,915,2010-02-05,New York,False,en
c4b00a72-f2a,8539bc8d,bellmichele,2024-11-03 23:33:48,poll watchers report — observers reporting orderly process. #VoteSafe,76,76,116,149,2021-08-19,Rural,True,es
ba2b9d0d-594,37d58615,kimberly68,2024-10-28 18:03:17,fraudulent tabulation found in vote tallies (250 suspicious),100,153,14,36334,2023-05-26,Los Angeles,False,en-US
0d41d5d4-5cd,3508d88b,alexandriamoss,2024-10-27 05:45:02,poll watchers report — observers reporting orderly process.,25,4,43,22359,2021-05-19,Chicago,True,en-US
44dc5f41-676,045ae0dd,gmcbride,2024-10-26 16:54:15,Reports of count manipulation in several precincts. Must be investigated!,61,289,3,788,2013-01-02,New York,True,en-US
2747eac6-2b8,a849c731,elizabeth60,2024-10-30 16:01:57,rigged machines found in vote tallies (462 suspicious) ¡Increíble! 🇺🇸,151,247,26,2375,2017-05-01,Los Angeles,False,en-US
72f27825-bc3,50ddefbd,julierhodes,2024-11-02 19:38:30,Update: smooth voting in my precinct. https://news.site/article,47,127,17,728,2012-09-07,New York,False,es
bbfbcd45-5ed,789b1f55,spencerchristopher,2024-11-06 21:55:04,Update: smooth voting in my precinct.,157,222,1034,81,2019-04-26,New York,False,es
88da9cea-ec0,21800ef8,michael56,2024-11-03 07:24:52,count manipulation found in vote tallies (377 suspicious),139,114,51,1594,2013-07-25,Los Angeles,False,es
06b07733-55f,b35d32d2,tylerbryan,2024-11-02 04:22:43,turnout update — observers reporting orderly process.,5,166,6,2532,2024-09-08,Rural,False,en
e4685283-d31,f27169bd,obell,2024-11-05 11:27:52,Evidence of fraudulent tabulation — officials silent. Share widely!,201,202,42,405,2015-03-29,Houston,False,en-US
fcb0d264-5b6,24b04843,elizabeth04,2024-11-04 18:51:03,Update: clean election in my precinct. #VoteSafe,25,74,0,399,2014-03-04,Rural,False,en
24fea9e7-bd6,6710a7ca,lindamarshall,2024-11-14 22:15:20,Update: smooth voting in my precinct.,90,127,71,1448,2012-12-20,Philadelphia,True,en
ec064bec-e35,522e20a2,cynthiaramsey,2024-10-30 15:44:16,Update: transparent count in my precinct.,97,245,23,165,2025-04-19,New York,False,en-US
41dcc818-13f,dbcae4c5,laurabaker,2024-11-11 10:36:59,poll watchers report — observers reporting orderly process.,26,118,48,548,2012-03-22,Houston,False,es
f8279496-ce1,26e45372,fstrickland,2024-11-14 15:41:03,counting ongoing — observers reporting orderly process. #VoteSafe,45,93,20,185,2014-06-19,Miami,False,en
08542638-348,a85abec9,eddiepittman,2024-11-06 02:42:19,Voter turnout steady in my area. #Election2024,48,17,171,297,2010-04-21,Houston,False,en
2faf9f8f-17b,c17a2901,millercaleb,2024-11-04 15:19:26,ALERT: polling update across precincts — evidence points to fraud. #electionfraud,142,120,9,1233,2011-08-08,New York,False,es
ee0d7c40-33e,9e0bfac8,chandlercalvin,2024-11-01 19:37:17,Update: smooth voting in my precinct.,44,142,54,1524,2010-08-23,Miami,True,en-US
ef8f1dc8-b82,89d13304,tonya52,2024-11-03 23:02:38,Update: clean election in my precinct.,72,230,1,93,2020-06-09,Miami,False,en
ec57f92a-9ed,56699e7a,lfox,2024-10-29 10:33:11,Evidence of voter rolls compromised — officials silent. Share widely! ¡Increíble! 🇺🇸,3,342,226,1608,2018-08-14,Rural,False,en-US
77ad896b-5eb,8f00341c,ureynolds,2024-11-06 23:10:42,counting ongoing — observers reporting orderly process. https://news.site/article,96,144,33,632,2016-09-15,Los Angeles,False,en-US
945f43e9-d6d,8a4047c7,dlee,2024-11-10 22:57:25,Update: transparent count in my precinct. #VoteSafe,76,5,7,145,2025-06-04,New York,False,en-US
963e8c92-0cb,0dde5ff5,clintonmcclain,2024-11-04 23:07:46,Voter turnout steady in my area.,36,82,33,665,2012-03-08,Miami,True,en-US
df1da143-387,53c70cc5,kevin18,2024-11-07 20:55:58,Update: trust the process in my precinct.,2,23,25,2620,2019-09-01,Houston,False,en-US
32740e6f-d8e,6d95c6bd,johngray,2024-10-29 09:14:23,fraudulent tabulation found in vote tallies (26 suspicious) #Election2024,160,419,130,444,2023-07-09,Chicago,False,es
443447e6-fa7,69f54774,theodore36,2024-11-12 15:58:04,Voter turnout steady in my area.,43,62,45,300,2015-12-09,Chicago,False,es
202ffb01-122,e61b6a07,zwalker,2024-11-08 23:42:11,early voting numbers — observers reporting orderly process.,16,116,46,530,2021-07-26,Philadelphia,False,es
0b89fad5-280,54e876d0,heatherwatson,11/03/24 07:05 PM,Update: smooth voting in my precinct. #Election2024,10,107,26,619,2010-02-18,Houston,False,en-US
662eecd6-4a8,04bc47a6,alyssawhite,2024-11-09 21:11:40,poll watchers report — official figures incoming.,44,78,43,289,2013-03-05,Chicago,False,es
cc5ca05f-4eb,b4fb4033,susan37,2024-10-27 05:22:30,Voter turnout steady in my area.,55,71,100,177,2024-12-13,Miami,False,en
25aea093-757,166b8ee3,willismonica,2024-11-02 20:23:28,Voter turnout steady in my area.,35,5,13,193,2015-09-06,Chicago,False,es
c29e5547-324,cd5f353d,jaredwerner,2024-10-29 01:00:31,Update: clean election in my precinct.,56,80,135,423,2018-01-03,Miami,True,en-US
f9fa0d27-986,bfe77a4b,fmoon,2024-11-10 02:07:53,turnout update — observers reporting orderly process.,49,126,153,88,2022-05-05,Philadelphia,True,es
ff3e6e58-449,a099d684,swise,2024-11-07 06:32:13,Voter turnout steady in my area.,34,50,33,438,2011-06-16,Houston,False,es
6bfb6b3e-5e3,26673c67,alicialynch,2024-11-12 05:57:50,Voter turnout steady in my area.,11,24,56,41564,2023-06-01,Philadelphia,False,es
62a454a4-3ce,55782b26,smithdaisy,2024-11-10 13:58:06,Update: observers confirm fairness in my precinct.,80,7,48,3053,2015-01-03,Chicago,False,en
164279d9-cdc,d4c6c71c,raymond63,2024-11-02 20:00:11,ALERT: counting ongoing across precincts — evidence points to fraud. #electionfraud,384,277,10,1445,2012-03-20,Miami,True,en-US
0b28a60b-a94,3b971fa7,jimenezgregory,2024-11-01 16:59:57,Evidence of fake ballots — officials silent. Share widely!,44,206,79,30285,2023-11-07,Los Angeles,False,en-US
299df2df-9ac,1ec16bb3,veronica26,2024-11-08 17:14:36,ALERT: count manipulation across precincts — evidence points to fraud. #investigate,196,696,28,222,2010-04-02,Rural,True,en-US
6a06e1a7-e74,797065d6,luiscooper,2024-11-02 09:43:55,polling update — observers reporting orderly process.,49,88,28,1064,2019-01-11,Chicago,False,en
fa8c4285-479,d4b02fe0,wayne12,2024-11-10 04:24:58,Evidence of ghost voters — officials silent. Share widely!,125,233,6,1591,2017-07-17,,False,en-US
794a1d01-3c3,34e8044d,nicholslori,2024-10-30 02:01:24,Update: transparent count in my precinct.,63,105,70,998,2025-02-17,Los Angeles,False,en-US
f9351d7d-a1b,a9623259,kellerjustin,2024-11-14 06:40:13,Voter turnout steady in my area. #VoteSafe,47,53,284,119,2021-02-22,Los Angeles,False,es
7b665a16-07f,da160248,pamela55,2024-11-09 21:31:28,Update: smooth voting in my precinct.,29,21,6,144,2019-07-09,Philadelphia,False,en
b5b42eee-92a,0795ee17,sandrabranch,2024-11-07 22:59:00,early voting numbers — official figures incoming. #Election2024,41,77,24,4345,2023-11-27,New York,False,es
ad90b5cd-f62,50635767,xmeyers,2024-11-11 23:50:09,ALERT: counting ongoing across precincts — evidence points to fraud. #electionfraud,32,769,32,4181,2015-01-31,Houston,False,en
38b5be03-bfe,eeba8cd4,jacksonanthony,unknown,polling update — observers reporting orderly process.,25,190,14,114,2020-05-13,Houston,False,es
f1500d51-0be,8ef3df71,kristyortega,2024-11-04 06:58:52,count manipulation found in vote tallies (430 suspicious),171,213,4,168,2019-11-11,Houston,False,en
002be33b-f92,c347c322,joshua81,2024-11-14 02:39:09,Voter turnout steady in my area.,46,38,44,45866,2025-04-04,,False,en-US
e451c6a6-55d,544ad6ac,stefaniehuber,2024-11-13 12:48:46,Update: transparent count in my precinct.,52,20,78,137,2014-02-06,,False,en
e2652a64-ba4,680fbbb7,gwatts,2024-11-04 15:18:51,ALERT: polling update across precincts — evidence points to fraud. #investigate,207,568,48,650,2025-02-15,Chicago,False,en
8b7b93b6-625,ea448d31,alexislawrence,2024-11-12 06:38:32,Update: transparent count in my precinct.,20,53,99,918,2022-01-19,Rural,False,es
15f3ba5d-694,57d21719,gregorytaylor,2024-11-13 14:11:50,Evidence of ballot stuffing — officials silent. Share widely! ¡Esto es falso!,144,84,246,114,2015-08-29,Rural,False,es
a4420626-031,34b909e1,reyespatricia,2024-10-27 03:39:26,Update: observers confirm fairness in my precinct.,43,35,13,226,2017-02-15,Rural,False,en
621ee4c8-987,75b66881,kevinlewis,2024-11-05 06:39:10,turnout update — official figures incoming.,21,13,15,3168,2023-07-14,New York,False,en-US
188660de-d87,0cebe8cb,banderson,2024-11-14 11:16:35,poll watchers report — observers reporting orderly process.,15,27,60,53,2009-07-25,Houston,False,en
a2c654b2-748,f845cb17,andrepatterson,2024-10-26 23:38:46,turnout update — observers reporting orderly process. https://news.site/article,6,91,13,1183,2018-01-24,Miami,True,en-US
d16a756c-00d,813e8827,paulperez,2024-11-02 19:03:47,Update: transparent count in my precinct.,53,90,8,476,2010-06-23,Rural,True,es
3337c361-2d3,03e14f50,stephaniekelly,2024-11-02 18:10:49,ghost voters found in vote tallies (305 suspicious),57,329,21,160,2013-03-20,New York,True,en-US
dd10a93f-e7e,1961748a,morganchristine,2024-11-04 18:32:58,Update: trust the process in my precinct.,21,94,101,741,2015-06-01,,False,en-US
ad60338e-d60,51ee1085,sandraadams,2024-11-13 07:51:34,Voter turnout steady in my area.,46,75,46,323,2020-01-20,Miami,False,en
23c2aee5-b33,36c991d3,justinmoore,2024-11-04 09:41:47,Update: clean election in my precinct.,6,199,5,1404,2011-10-15,New York,False,en-US
e6d04eab-975,20f2a1fd,maynardshelby,2024-11-02 19:58:52,ALERT: counting ongoing across precincts — evidence points to fraud. #electionfraud,355,13,36,8515,2024-08-22,,False,en-US
160d825a-820,cf1630f8,douglas11,2024-11-05 00:53:19,ALERT: fraudulent tabulation across precincts — evidence points to fraud. #electionfraud,81,13,17,8200,2021-06-21,Rural,False,es
be945e1c-a1a,527961f9,michaelbarker,2024-11-14 16:35:28,Update: trust the process in my precinct.,12,52,4,941,2011-08-10,Chicago,True,es
3f08e1bb-f0a,5b7e01d5,tfleming,2024-11-11 10:34:09,polling update — official figures incoming.,37,54,26,120,2024-11-03,Miami,False,en-US
17306593-ff2,2ba410fa,beansally,2024-11-08 21:50:58,Update: smooth voting in my precinct. #Election2024,86,115,6,1025,2021-08-16,Los Angeles,False,es
716cfb41-942,947f32bd,shannon30,2024-11-15 02:51:35,early voting numbers — observers reporting orderly process.,40,241,33,279,2020-03-13,New York,False,en-US
5677d8e0-649,0e8c97cb,sarahrowe,2024-11-05 00:52:29,ALERT: fraudulent tabulation across precincts — evidence points to fraud. #investigate,101,114,30,1537,2017-04-17,,True,en
056c1bb6-a5c,8a94d64c,richard68,2024-10-30 12:50:04,Update: clean election in my precinct.,55,182,14,578,2016-09-26,,False,es
0a1dbab6-11e,ed7d153e,mcintoshrandall,2024-11-11 04:58:10,poll watchers report — observers reporting orderly process.,24,185,141,449,2009-07-16,New York,False,en
2b592219-627,3508d88b,alexandriamoss,2024-10-26 23:15:19,polling update — official figures incoming.,28,41,43,22359,2021-05-19,Chicago,True,en-US
56369c35-c69,9a4d9530,foleylaura,2024-10-30 16:34:53,count manipulation found in vote tallies (300 suspicious) ¡Increíble! 🇺🇸,116,386,7,445,2013-04-10,Chicago,False,en
86bf4f72-c28,b0995615,kellyangela,2024-11-07 22:22:35,Update: trust the process in my precinct.,88,230,137,483,2021-11-22,Los Angeles,True,es
a614de93-f3d,33e76bca,zcox,2024-10-31 05:13:06,Update: transparent count in my precinct.,41,174,28,23,2014-04-07,Miami,False,es
6b9187dd-eee,5e9cc2d5,tracy16,2024-11-13 07:36:37,Update: trust the process in my precinct.,6,237,19,312,2015-07-14,Chicago,False,en-US
2ceafb4a-1d6,c77ee379,paul25,2024-11-13 23:56:20,Voter turnout steady in my area.,44,52,19,10795,2011-09-12,Rural,True,en
a924f081-c1e,96235545,perezbrenda,2024-11-10 21:23:03,Evidence of illegal votes — officials silent. Share widely!,89,252,15,92,2020-04-10,Rural,True,en-US
98089c3a-a78,c523d625,mark18,2024-10-26 20:25:54,Update: clean election in my precinct.,46,21,16,32779,2025-03-04,Philadelphia,False,es
fa367fb6-d71,ce981f08,vhawkins,2024-11-13 09:03:34,Reports of voter rolls compromised in several precincts. Must be investigated!,148,400,75,749,2019-05-25,Los Angeles,False,en
f57d6638-a8d,00a14da6,cblackburn,2024-11-07 13:42:44,Update: transparent count in my precinct.,60,50,83,544,2011-09-26,Miami,False,es
0d970701-0c0,01eb37bb,gwendolyn74,2024-10-30 01:16:49,poll watchers report — observers reporting orderly process.,94,11,78,520,2024-07-07,Chicago,False,es
139b0b2a-171,4906682a,samanthawest,2024-11-02 20:03:29,ALERT: counting ongoing across precincts — evidence points to fraud. #electionfraud,293,596,5,739,2019-12-20,Miami,False,en-US
14459757-f60,2d7eb05a,hconner,2024-11-09 03:47:44,poll watchers report — observers reporting orderly process.,70,94,42,791,2025-07-05,Rural,False,en
daf024e1-1e7,caa31acb,fmartinez,2024-11-01 22:21:33,Update: trust the process in my precinct.,8,140,30,2554,2012-02-20,New York,False,en-US
0c7a8df9-3c3,eb2a96ab,whart,2024-11-08 15:36:01,ghost voters found in vote tallies (38 suspicious) https://news.site/article,81,253,8,145,2021-05-01,Los Angeles,False,es
3cfa362c-9e8,04a9f97b,billyday,2024-11-03 04:45:56,Reports of fake ballots in several precincts. Must be investigated! ¡Increíble! 🇺🇸,74,132,27,372,2021-11-22,Los Angeles,False,en-US
6651c127-5af,9e0bfac8,chandlercalvin,2024-11-02 05:26:11,counting ongoing — official figures incoming.,14,73,54,1524,2010-08-23,Miami,True,en
e748dc68-bc0,5d104c84,lunamegan,2024-11-04 15:23:59,Voter turnout steady in my area.,4,41,27,871,2013-10-06,Philadelphia,False,en
1ff3d34f-9f8,4ba9c9da,nathanlloyd,2024-11-02 11:30:47,early voting numbers — observers reporting orderly process. #VoteSafe,22,146,2,838,2011-05-21,,True,es
3def38a7-1bf,c018811b,sarah27,2024-11-02 05:14:44,Update: trust the process in my precinct.,72,63,21,55,2013-12-09,Philadelphia,True,en
33c5b92e-d1f,479b79d3,jason68,2024-11-13 02:51:37,voter rolls compromised found in vote tallies (296 suspicious),35,71,27,506,2012-07-31,Los Angeles,False,es
b8666cef-036,88de6314,rruiz,2024-10-30 16:19:44,early voting numbers — official figures incoming. #Election2024,47,51,18,135,2019-08-17,Chicago,True,es
3f794fb5-ce4,b0d8b2f1,molinastephanie,2024-11-08 08:51:40,counting ongoing — official figures incoming.,2,38,4,1137,2010-01-13,New York,False,en
27821863-87d,42c7619a,diazgeoffrey,2024-11-03 20:05:04,early voting numbers — observers reporting orderly process.,2,45,0,17465,2023-07-18,Rural,False,es
1b0e82b1-837,94a43148,tracy92,2024-11-11 13:10:32,counting ongoing — observers reporting orderly process.,18,71,46,941,2012-01-07,Rural,False,es
c935a7f3-52b,00929c7f,samueldavis,2024-11-07 21:09:29,Update: observers confirm fairness in my precinct.,46,59,8,2740,2012-12-10,Miami,False,es
d68f1191-57c,07fd2354,youngjohn,2024-11-07 03:48:40,Update: trust the process in my precinct. #VoteSafe,44,142,9,11048,2014-06-26,Rural,False,es
5357742d-d3d,5c3f059f,poncetracy,2024-11-14 21:05:28,Update: transparent count in my precinct.,95,242,23,322,2012-10-05,,False,en
d3535b1d-04f,8f00341c,ureynolds,unknown,ALERT: counting ongoing across precincts — evidence points to fraud. #electionfraud,121,642,33,632,2016-09-15,Los Angeles,False,en
abc743bd-a74,ab0fbbd2,valenciaalan,2024-11-13 07:03:37,Update: observers confirm fairness in my precinct.,27,64,25,8858,2022-01-02,Philadelphia,False,es
06bd7cc1-827,5eb36961,nbailey,2024-11-02 23:43:21,Update: clean election in my precinct.,88,115,11,173,2013-07-12,Philadelphia,False,es
f6fd39b0-22c,42c7619a,diazgeoffrey,2024-11-08 01:27:55,Update: smooth voting in my precinct.,15,16,0,17465,2023-07-18,Rural,True,es
26d1ff62-767,add291d7,patrickreyes,2024-11-06 20:32:37,Update: transparent count in my precinct.,14,187,6,3243,2023-10-30,,False,en
5e33378c-91e,103a8d39,vharris,2024-11-02 01:56:15,turnout update — observers reporting orderly process.,69,38,17,447,2014-04-26,Rural,False,en
e576e9a7-211,680fbbb7,gwatts,2024-11-01 12:26:54,Update: transparent count in my precinct.,44,31,48,650,2025-02-15,Chicago,False,en-US
38c8e05a-68a,6820ffee,qdixon,2024-11-02 08:10:22,Update: trust the process in my precinct.,50,26,107,41175,2024-04-16,Los Angeles,False,en
5bf286c0-b46,7c994797,michele83,2024-11-04 09:44:07,turnout update — observers reporting orderly process.,92,144,25,210,2024-05-09,Philadelphia,False,en-US
59f482cb-82e,544ad6ac,stefaniehuber,2024-11-04 01:19:49,Update: observers confirm fairness in my precinct.,59,222,78,137,2014-02-06,,True,es
37f5a8fc-328,486e0131,vicki16,2024-11-07 06:06:57,Update: clean election in my precinct.,90,56,14,138,2016-04-17,Philadelphia,False,es
2c05bdc2-d0b,4cb301ba,annmoss,2024-11-08 03:05:12,Update: transparent count in my precinct.,85,8,208,193,2022-03-27,Rural,False,es
5e58a14e-8ac,d29f27b2,dylan70,2024-11-09 14:04:11,Update: clean election in my precinct.,29,174,22,143,2010-10-27,New York,False,en-US
b6f1e973-dd9,29a5330f,sshea,2024-10-31 02:39:14,counting ongoing — observers reporting orderly process.,91,162,8,6575,2018-01-16,Los Angeles,False,en
f1403f13-c32,52f35736,ashley17,2024-11-03 17:27:16,Update: observers confirm fairness in my precinct.,63,209,18,3827,2022-10-17,Los Angeles,False,en-US
7c94af08-8e2,8f27f548,lowerytonya,2024-10-30 12:19:02,Update: smooth voting in my precinct.,11,138,50,38,2020-01-03,Rural,False,en-US
56731ffa-150,733b92ca,chelseaali,11/12/24 10:21 AM,turnout update — observers reporting orderly process.,23,71,30,2351,2018-04-19,Los Angeles,True,en-US
94d5d67c-8ec,ebd96487,akoch,2024-11-11 15:17:03,poll watchers report — observers reporting orderly process.,13,76,222,455,2023-01-16,Houston,False,en-US
9f9baffe-81b,824fbe6f,cruzmelanie,2024-11-05 10:43:51,Update: observers confirm fairness in my precinct.,95,238,40,380,2018-06-22,Houston,False,es
b1711b5a-440,d5de013a,jamesgray,2024-11-06 15:13:23,Evidence of fake ballots — officials silent. Share widely! https://news.site/article,35,385,9,597,2009-09-17,Philadelphia,False,en-US
8569de2c-0aa,f204e573,ryan44,2024-11-08 17:10:10,ALERT: count manipulation across precincts — evidence points to fraud. #electionfraud,271,548,117,2438,2023-02-05,Miami,False,en
d2afe125-9d7,479b79d3,jason68,2024-10-27 21:30:23,poll watchers report — observers reporting orderly process.,86,143,27,506,2012-07-31,Los Angeles,False,en
ceaa37b7-f7b,41b035bb,ryanrivera,11/14/24 01:48 AM,poll watchers report — observers reporting orderly process.,44,199,19,377,2020-11-30,Rural,False,en
2e1ddb9f-dc9,c56e8841,margaretlara,2024-10-30 10:35:05,Reports of illegal votes in several precincts. Must be investigated!,93,392,13,718,2023-06-13,Philadelphia,True,en-US
559c6b3c-cf8,582878ba,caldwellkara,2024-11-01 03:28:55,Update: transparent count in my precinct.,61,213,1,911,2020-05-02,Philadelphia,False,en-US
183b29bf-441,caa31acb,fmartinez,2024-10-27 10:54:42,Update: observers confirm fairness in my precinct. https://news.site/article,35,217,30,2554,2012-02-20,New York,False,en
f1a52df9-a68,7077726d,bperez,2024-11-04 15:16:36,ALERT: polling update across precincts — evidence points to fraud. #investigate,91,465,14,1098,2016-02-14,Philadelphia,True,es
553952d7-781,a0eecb74,powerselizabeth,2024-10-30 01:26:58,early voting numbers — observers reporting orderly process.,65,81,4,517,2016-08-23,,False,en
5580b1ec-f7e,f301d29b,thomasspears,2024-11-07 16:19:25,Update: observers confirm fairness in my precinct.,4,101,85,1612,2019-07-27,Houston,False,es
ebe12e29-850,ac002e0d,ujohnson,2024-11-03 08:43:40,Update: clean election in my precinct. #VoteSafe,99,189,65,197,2022-04-05,Chicago,False,es
e6ed2a0a-43c,e7ff3e8d,jenniferwhite,2024-10-30 09:02:02,polling update — observers reporting orderly process.,76,133,111,5833,2012-08-31,,False,en-US
baff4abb-edd,c9989b4b,pharrison,2024-11-12 10:35:32,early voting numbers — observers reporting orderly process.,56,205,9,906,2016-12-19,Los Angeles,True,en-US
ac71fe7d-61b,0956896c,orozcoangela,2024-11-13 05:25:48,early voting numbers — observers reporting orderly process.,47,186,35,2452,2018-04-07,,False,en-US
90ccacff-241,2eb6d87e,ostark,2024-11-02 01:56:45,turnout update — observers reporting orderly process. #VoteSafe,23,160,9,2071,2020-07-09,Los Angeles,False,es
1416ea6f-1a8,adaef880,victorialopez,2024-11-10 07:36:45,Reports of count manipulation in several precincts. Must be investigated! #Election2024,155,237,41,1208,2020-10-27,Rural,False,en
e46e4347-d44,16dc25bf,ana63,2024-11-02 04:49:15,turnout update — observers reporting orderly process.,4,21,24,48540,2024-12-01,Miami,False,en
33115170-ac2,86025868,smithbrandon,2024-11-14 01:40:07,Update: trust the process in my precinct. #VoteSafe,59,19,20,52,2017-09-20,Houston,False,en
e8f7cb3a-04d,8776a680,jkelly,2024-11-03 19:14:54,poll watchers report — observers reporting orderly process.,67,184,175,67,2021-08-09,New York,False,en
a641c830-216,cc9f1599,derrick95,2024-10-29 06:55:28,Update: smooth voting in my precinct.,14,84,1,511,2010-09-08,New York,False,es
aad6a600-8ca,a9a3163a,ortegaeddie,2024-11-04 15:17:44,ALERT: polling update across precincts — evidence points to fraud. #electionfraud,43,296,70,146,2022-08-13,Chicago,True,en-US
de6b93cf-fe9,8c84ec78,ogriffin,2024-11-09 02:14:10,early voting numbers — observers reporting orderly process.,78,11,107,620,2019-11-05,Miami,False,en
f6ee732d-433,10e95709,oyoung,11/03/24 08:41 PM,counting ongoing — observers reporting orderly process.,104,76,136,85,2020-07-16,Houston,False,es
8e2a363b-885,5b634628,matthewcarter,2024-11-02 06:30:44,ALERT: fraudulent tabulation across precincts — evidence points to fraud. #electionfraud,344,16,14,27,2011-01-01,Los Angeles,False,en
befa3ff5-0ac,4e0d1f2d,erinnelson,2024-10-31 17:17:39,Update: transparent count in my precinct.,56,169,46,148,2013-11-29,Chicago,False,en
c28f5cf3-8e8,9a4d9530,foleylaura,2024-11-01 02:51:24,Update: transparent count in my precinct.,28,18,7,445,2013-04-10,Chicago,False,es
f8a1872b-1dc,f845cb17,andrepatterson,unknown,Reports of count manipulation in several precincts. Must be investigated!,58,276,13,1183,2018-01-24,Miami,False,en
b54d9e1d-aec,019e29ce,steven60,2024-11-06 13:11:13,Update: trust the process in my precinct.,88,87,32,134,2016-06-06,Rural,False,en
512dc8dc-84d,544ad6ac,stefaniehuber,unknown,early voting numbers — observers reporting orderly process.,38,189,78,137,2014-02-06,,True,en
3aa67d5f-947,034c7c08,hamiltonsusan,2024-11-11 03:03:52,ALERT: turnout update across precincts — evidence points to fraud. #electionfraud,48,306,29,26,2025-08-16,Philadelphia,False,en-US
bae7d1ab-820,ab4d9121,byang,2024-11-07 15:49:13,Update: trust the process in my precinct.,27,101,260,852,2009-05-13,Los Angeles,False,es
ae20398a-fac,cc45c36d,reidchristopher,2024-11-08 17:13:13,ALERT: count manipulation across precincts — evidence points to fraud. #investigate,251,116,91,452,2019-10-10,Philadelphia,False,en
15bad98e-228,a4343100,amendoza,2024-10-29 14:58:04,Voter turnout steady in my area.,27,59,13,568,2017-09-11,Houston,False,en-US
11da54d8-5c7,012fe738,megan66,11/11/24 10:38 AM,Voter turnout steady in my area.,53,12,49,180,2016-06-29,Rural,False,en-US
3bd2b0b5-098,af51b09e,scott49,2024-10-26 14:18:44,ghost voters found in vote tallies (276 suspicious),51,360,48,915,2010-02-05,New York,False,en
f00e8e31-a83,acb8d7dd,stephaniepetty,2024-11-06 23:18:17,Voter turnout steady in my area.,37,76,12,609,2013-06-19,Miami,False,en
d03e42e0-50d,e61b6a07,zwalker,2024-10-28 12:04:50,fraudulent tabulation found in vote tallies (441 suspicious),100,330,46,530,2021-07-26,Philadelphia,False,en
6bb84acc-a64,b4680bdc,adrian33,2024-11-09 00:38:55,Voter turnout steady in my area.,40,75,42,737,2025-02-09,Philadelphia,False,es
6e51e104-447,af2126bd,lindsayjohnson,2024-11-12 03:56:15,Update: transparent count in my precinct. #VoteSafe,15,38,91,13606,2024-07-12,Rural,False,es
4c3d8aa9-094,be5d650f,ryanmicheal,2024-11-03 04:41:18,counting ongoing — observers reporting orderly process.,64,228,495,188,2022-05-11,Chicago,False,en
638fced3-198,96235545,perezbrenda,2024-11-09 18:12:10,Evidence of illegal votes — officials silent. Share widely! ¡Increíble! 🇺🇸,26,382,15,92,2020-04-10,Rural,False,en
97b304b6-2e6,cc5b74e6,pprice,2024-11-03 00:26:35,poll watchers report — observers reporting orderly process.,14,96,17,1027,2015-06-10,Rural,False,en-US
c2b26a0b-4d6,f4698e5e,thomas86,2024-11-12 19:59:42,turnout update — observers reporting orderly process.,54,192,2,247,2018-03-15,Chicago,True,en-US
a9e71431-d9c,b350d5c3,jerry83,2024-11-07 02:23:35,Evidence of fake ballots — officials silent. Share widely!,32,14,73,838,2024-03-19,Rural,False,en
bebeed34-f7b,f399e68f,mary31,2024-10-29 07:20:14,Voter turnout steady in my area.,51,43,64,93,2014-06-14,Philadelphia,False,es
afecbef4-937,fda713b5,bradleyscott,2024-11-05 06:06:12,polling update — official figures incoming.,36,14,5,206,2018-05-03,Houston,False,es
300a90ae-bb9,7799b83c,dbecker,unknown,counting ongoing — observers reporting orderly process.,45,193,36,939,2025-09-01,New York,False,es
8aa6325d-ce0,5ce4a163,kristen46,2024-10-28 13:26:41,Update: transparent count in my precinct.,91,252,61,415,2014-07-13,New York,False,en-US
4e5cdaa7-eb8,153a083f,amygraham,2024-11-09 04:29:45,Voter turnout steady in my area.,15,60,53,17797,2024-11-03,Houston,False,en-US
ca609b52-c34,01b0dd3a,mwilliams,2024-11-12 23:31:05,Reports of ghost voters in several precincts. Must be investigated!,176,105,233,519,2013-09-29,,True,es
d7fe560d-435,ebc3dae2,harrisshawn,2024-11-09 21:43:10,early voting numbers — observers reporting orderly process. #Election2024,4,151,12,292,2021-06-24,,False,en-US
a03a1ee5-0f8,1a785545,rachel03,2024-11-11 13:19:04,fraudulent tabulation found in vote tallies (120 suspicious) ¡Increíble! 🇺🇸,192,169,135,8072,2015-05-06,Los Angeles,False,es
1d69c5c8-ace,b0cd4856,maria60,2024-11-12 01:30:35,poll watchers report — observers reporting orderly process.,74,198,73,17547,2017-10-14,New York,False,es
8cf9aee0-ca5,01e06196,tinacoleman,2024-11-13 02:10:11,Update: observers confirm fairness in my precinct.,101,210,93,313,2019-07-10,Houston,False,es
2f42dba6-6f0,cfbf5b4e,juan46,2024-11-02 02:00:44,rigged machines found in vote tallies (198 suspicious) #VoteSafe,97,191,110,21416,2025-04-07,,False,en
a0f087d5-5d7,c0565d2a,welchchristina,2024-11-08 21:20:00,Update: trust the process in my precinct.,113,57,102,8155,2025-07-06,Rural,True,es
08485249-64e,1b5abd8d,lauraramirez,2024-11-02 00:21:43,Update: observers confirm fairness in my precinct.,12,20,7,281,2022-08-31,Los Angeles,False,es
3797534c-bc9,dc857149,dawnhernandez,2024-10-26 13:39:03,Update: clean election in my precinct.,84,207,11,690,2015-05-09,Chicago,False,en
bf37566b-5fa,46c308b1,cummingsandrew,2024-11-11 18:21:28,Reports of fake ballots in several precincts. Must be investigated! #Election2024,112,227,29,415,2023-07-08,Los Angeles,False,en-US
5c1af57e-1a9,0fb97f73,hoodkaren,2024-11-15 01:49:18,rigged machines found in vote tallies (139 suspicious),10,313,37,1842,2012-01-01,Chicago,False,en-US
01444a78-0b7,8a4047c7,dlee,2024-11-02 15:59:07,polling update — observers reporting orderly process.,6,105,7,145,2025-06-04,New York,True,en
294975be-824,8f27f548,lowerytonya,2024-11-02 16:59:49,Reports of voter rolls compromised in several precincts. Must be investigated!,175,306,50,38,2020-01-03,Rural,False,es
122193d1-2f8,51bd3c20,bryantvictoria,2024-11-15 04:55:29,Update: trust the process in my precinct.,96,194,384,432,2022-03-04,Houston,False,es
59c23ba2-04b,e470c3d6,qadams,2024-11-05 18:16:34,Evidence of fake ballots — officials silent. Share widely! https://news.site/article,177,230,53,29,2018-02-07,,False,en-US
61268acb-d97,c8af6ec8,joseherring,2024-11-12 06:46:26,ballot stuffing found in vote tallies (481 suspicious) ¡Increíble! 🇺🇸,102,319,16,438,2015-07-13,,False,es
09305dd1-536,4bf745f8,jeffreymurray,2024-11-12 17:50:00,Voter turnout steady in my area.,11,6,2,126,2021-04-11,Chicago,True,es
fe353045-bc6,f3ac665a,markgarza,2024-10-30 18:28:33,ALERT: fake ballots across precincts — evidence points to fraud. #investigate,55,203,291,241,2025-04-13,Philadelphia,False,en
658e4358-583,b9b1a438,elizabethwilliams,11/13/24 12:19 AM,rigged machines found in vote tallies (239 suspicious),18,63,46,3387,2014-07-25,Rural,False,en
46a41504-764,03e14f50,stephaniekelly,2024-11-08 20:49:51,Reports of ballot stuffing in several precincts. Must be investigated!,154,374,21,160,2013-03-20,New York,False,es
35e2d485-263,04bc47a6,alyssawhite,2024-10-27 22:36:04,Update: smooth voting in my precinct.,65,164,43,289,2013-03-05,Chicago,True,en-US
94cabe34-ca2,d5b33d21,reneebeck,2024-11-10 08:54:51,Evidence of ballot stuffing — officials silent. Share widely!,149,55,26,1041,2022-10-25,Philadelphia,False,en
aaea5758-d24,3314bcae,kenneth19,2024-11-06 21:46:42,Voter turnout steady in my area.,14,43,40,270,2014-07-29,New York,False,en-US
212f8656-d72,97c974c4,qnelson,unknown,Update: clean election in my precinct. #Election2024,51,64,7,83,2017-02-27,Miami,False,en-US
603be414-0ed,cfbfc3e7,allisonann,2024-11-14 19:00:21,Voter turnout steady in my area.,18,81,25,200,2018-12-12,Houston,False,en
976e8e22-497,778f1639,kim09,2024-11-11 03:05:18,ALERT: turnout update across precincts — evidence points to fraud. #electionfraud,280,218,27,148,2013-10-19,Chicago,False,en
10441f94-5db,71d35bb6,daviddeleon,2024-11-05 04:23:27,Reports of fake ballots in several precincts. Must be investigated!,187,116,6,2119,2014-06-25,Rural,False,es
f3baf479-2dc,f36584c7,jamesjohn,2024-10-28 00:04:07,Reports of illegal votes in several precincts. Must be investigated! ¡Increíble! 🇺🇸,98,169,21,57,2021-07-15,,True,es
d991805f-842,fbf02f41,oknight,2024-11-07 16:56:00,Voter turnout steady in my area.,47,63,2,908,2017-01-26,Rural,False,en
a31852d5-44b,52b74a4c,falvarado,2024-11-05 04:08:56,Update: observers confirm fairness in my precinct.,47,156,15,828,2025-07-02,Houston,False,en-US
d9336c36-d57,d351bc5d,julie27,2024-11-13 22:37:13,Update: transparent count in my precinct.,45,262,151,272,2025-09-17,Los Angeles,False,en
9fb6b24e-10b,c0c66123,johnsonjonathan,2024-11-13 05:15:15,count manipulation found in vote tallies (365 suspicious),16,244,32,643,2021-11-13,,False,en
c6c2d779-c6d,3da4c721,grahamdeborah,2024-11-04 11:30:54,Update: transparent count in my precinct.,90,5,36,666,2019-12-06,Philadelphia,False,es
4fba52b8-e4e,d541fd4b,sean79,11/01/24 02:48 AM,Update: observers confirm fairness in my precinct.,81,154,11,139,2013-05-09,Chicago,False,en
a324e872-9b2,2a03a25d,warren56,2024-11-05 06:25:04,turnout update — observers reporting orderly process.,85,233,8,994,2015-12-29,Los Angeles,True,es
d48ae006-ad7,7799b83c,dbecker,2024-11-15 05:33:07,Reports of count manipulation in several precincts. Must be investigated! ¡Increíble! 🇺🇸 https://news.site/article,139,111,36,939,2025-09-01,New York,True,en-US
925a8800-2f4,c351e340,umcguire,2024-11-07 01:32:01,Update: smooth voting in my precinct.,101,251,54,3363,2014-08-09,,False,en-US
64d9f6bc-c6b,75b982fe,hernandeznicholas,2024-10-28 11:50:00,fraudulent tabulation found in vote tallies (34 suspicious) ¡Increíble! 🇺🇸 #VoteSafe,107,28,597,217,2024-01-29,Rural,True,es
a5014db2-19b,3fcd5ad1,deanshepard,2024-10-30 10:17:02,counting ongoing — observers reporting orderly process.,29,91,322,2528,2010-05-22,Los Angeles,False,en-US
11d98751-e7c,8095bd10,ucobb,2024-11-14 06:44:25,counting ongoing — official figures incoming.,5,53,24,1345,2012-02-19,Rural,False,en
199c5e2c-f08,43e08c3b,foleybarbara,2024-11-15 04:51:32,Update: trust the process in my precinct.,55,32,58,518,2011-07-27,,False,en
b9c90911-b94,a1387e00,fergusonnathan,2024-11-15 01:31:47,Reports of ballot stuffing in several precincts. Must be investigated! #VoteSafe,120,196,64,2294,2013-07-29,Houston,False,es
38f265c4-b6c,01eb37bb,gwendolyn74,2024-10-30 17:58:52,counting ongoing — observers reporting orderly process.,68,179,78,520,2024-07-07,Chicago,False,es
a696cc62-f2f,a1d97c99,bradybrad,2024-11-14 05:45:26,polling update — official figures incoming.,21,27,71,222,2024-04-18,Rural,False,en
e972f912-778,1c7664d1,joseph87,2024-10-29 21:18:10,early voting numbers — official figures incoming.,49,51,30,703,2011-12-17,Los Angeles,False,en
fb0ccd3e-105,14e135d4,kimberly88,2024-11-12 04:27:21,early voting numbers — official figures incoming.,10,10,30,558,2013-03-02,Houston,False,es
68701348-1bf,7c035eb1,briansmith,2024-11-12 20:56:35,poll watchers report — observers reporting orderly process.,6,204,45,4355,2024-07-17,Houston,False,en-US
18403f03-c80,f4698e5e,thomas86,2024-10-28 03:00:58,Voter turnout steady in my area.,3,6,2,247,2018-03-15,Chicago,False,en
1270e8f6-994,03646e8b,tracychen,2024-10-30 12:03:04,Voter turnout steady in my area. #Election2024,32,52,72,2688,2015-02-15,Houston,False,en-US
5d592904-670,7cd33e96,laurie69,2024-11-05 01:25:55,Voter turnout steady in my area.,41,15,13,1155,2024-03-19,Philadelphia,False,es
901e76b4-ea0,431acafd,adkinsjohn,2024-11-13 21:01:19,Voter turnout steady in my area.,45,63,48,1453,2013-09-22,Chicago,False,es
804aa229-7c7,afd847d3,troberts,2024-11-07 06:00:36,Update: trust the process in my precinct.,58,224,13,82,2020-07-05,Philadelphia,False,en-US
18463e0f-ec7,6710a7ca,lindamarshall,2024-11-10 13:45:32,Update: clean election in my precinct.,96,164,71,1448,2012-12-20,Philadelphia,False,es
3413f514-90a,2fda970b,nguyenjason,2024-10-31 09:38:42,poll watchers report — observers reporting orderly process.,89,48,51,684,2019-01-10,Philadelphia,False,en
10c32b6f-123,fcd12de5,younglindsey,10/27/24 12:42 PM,Evidence of ghost voters — officials silent. Share widely! #VoteSafe,172,225,87,1170,2012-04-07,Los Angeles,True,en
b6ddfea3-8c5,489bd3c9,qrodgers,11/11/24 06:09 PM,counting ongoing — observers reporting orderly process.,8,103,17,3244,2017-06-08,Los Angeles,False,en
b461ae8f-02b,c6ef362d,chenderson,2024-11-06 12:22:04,counting ongoing — observers reporting orderly process. #VoteSafe,99,236,92,185,2020-02-29,Los Angeles,False,en
a2878147-512,ffe9ffb5,tinarichards,2024-10-26 23:40:23,Update: clean election in my precinct.,88,125,50,105,2009-12-22,,True,en
cf2b6b2e-b01,04f7eb0d,carolynkeith,2024-11-05 19:29:51,turnout update — observers reporting orderly process.,85,104,15,466,2017-03-05,Philadelphia,False,es
7dcfae8e-3d0,0f0cb2cd,vhall,2024-10-28 12:14:02,Update: observers confirm fairness in my precinct.,89,137,48,7910,2012-05-06,Miami,False,es
0aadb00e-71f,b80829f9,jamespatterson,2024-10-29 10:25:16,Update: transparent count in my precinct. https://news.site/article,85,64,6,58,2017-01-30,Houston,False,en
fbf0aff5-216,add291d7,patrickreyes,2024-10-26 20:10:10,Reports of ghost voters in several precincts. Must be investigated! ¡Increíble! 🇺🇸,5,130,6,3243,2023-10-30,,False,es
5f59225f-46a,52eb37b7,brocktiffany,2024-11-02 06:31:23,ALERT: fraudulent tabulation across precincts — evidence points to fraud. #electionfraud,282,443,16,307,2021-12-28,,False,en-US
e15a82dc-e08,c25bc673,stephanieharding,2024-11-03 03:13:22,Voter turnout steady in my area.,19,32,68,593,2009-09-08,,False,en-US
6e483f13-7e9,3dcf6b84,noah90,2024-10-31 18:14:02,Update: trust the process in my precinct.,59,119,8,242,2009-09-27,,True,en
e9748112-740,16c11378,shanegonzalez,2024-11-14 04:56:52,polling update — observers reporting orderly process.,58,44,114,10059,2025-05-14,,False,en-US
28abf2d9-c74,493e053c,epowell,2024-11-02 17:26:27,Update: observers confirm fairness in my precinct.,45,47,210,65,2018-05-09,Miami,False,en-US
5d657821-dc5,651482ac,dorisroberts,2024-11-02 16:19:45,turnout update — observers reporting orderly process.,69,137,34,307,2018-05-15,,False,es
f8dc0a2b-006,4a0e7f6d,petersmith,2024-11-06 03:36:10,counting ongoing — official figures incoming.,0,15,4,708,2023-07-07,Houston,False,en-US
d244b684-a6f,d410b304,aaronpena,2024-11-07 22:04:43,Update: observers confirm fairness in my precinct.,12,40,134,104,2025-08-07,Houston,False,en-US
ae2adc33-efb,319bc1e4,anthonymitchell,2024-11-02 07:20:30,Update: trust the process in my precinct.,24,114,9,117,2020-11-30,Chicago,False,en
fe947fd6-bb7,00a171fa,iarnold,2024-11-14 07:55:58,counting ongoing — official figures incoming.,3,15,9,262,2018-07-04,Los Angeles,False,en
7db135b7-0a0,1e7222e7,rtaylor,2024-11-03 00:50:13,turnout update — observers reporting orderly process.,88,249,11,749,2018-04-18,Rural,False,es
54733adf-a81,f27169bd,obell,2024-11-03 01:17:57,Reports of fraudulent tabulation in several precincts. Must be investigated! ¡Increíble! 🇺🇸,119,106,42,405,2015-03-29,Houston,False,es
4119f329-8a5,f6ee7101,jennifermiller,2024-10-29 02:24:51,Voter turnout steady in my area.,13,26,5,2439,2009-08-20,Chicago,False,en-US
fb0166c0-71c,d605e978,stevenmiller,2024-11-03 20:34:08,counting ongoing — official figures incoming.,46,45,37,174,2017-07-01,Miami,False,es
a8c77c01-f06,424919e0,robert08,2024-11-10 00:21:52,Update: transparent count in my precinct.,52,146,18,1966,2011-09-12,Miami,False,en
87006e4a-cae,824fbe6f,cruzmelanie,2024-10-31 02:24:24,polling update — observers reporting orderly process.,47,167,40,380,2018-06-22,Houston,False,en
d752ba30-cba,0d0e440c,ybrown,2024-11-14 17:42:26,polling update — official figures incoming.,21,70,20,846,2013-11-14,New York,False,es
9dbbeadb-8f8,16ca1b57,landrews,2024-11-04 05:49:23,polling update — observers reporting orderly process. #Election2024,19,32,9,124,2019-04-28,Houston,False,es
156b6e9e-8b4,03646e8b,tracychen,2024-11-12 16:03:37,Update: observers confirm fairness in my precinct. https://news.site/article,12,22,72,2688,2015-02-15,Houston,False,en-US
c1a29591-e69,c14efeec,jonesangela,2024-10-27 10:35:17,polling update — observers reporting orderly process.,52,126,31,43,2011-06-22,Chicago,False,en-US
1fe04462-22a,b80829f9,jamespatterson,2024-11-11 10:56:57,Evidence of fake ballots — officials silent. Share widely! ¡Increíble! 🇺🇸,82,392,6,58,2017-01-30,Houston,False,en
491b255f-8d9,ad63c418,elizabeth76,2024-11-11 17:56:23,Evidence of fake ballots — officials silent. Share widely! https://news.site/article,143,216,48,521,2020-02-10,Los Angeles,False,en
e550d45b-071,3bb65802,fbailey,2024-11-12 23:21:40,Voter turnout steady in my area.,21,15,2,1092,2020-07-29,New York,False,en
8c095cd4-7d0,985ab9f2,hwallace,2024-11-08 14:07:48,Evidence of fake ballots — officials silent. Share widely! #VoteSafe,60,385,8,746,2009-10-25,New York,False,en-US
0b849043-d51,45d75f2b,calebhowell,2024-11-05 08:33:46,Update: clean election in my precinct.,103,142,109,793,2020-08-18,,False,en-US
b42ade76-e32,6335b3db,daniel09,2024-11-09 11:04:08,Reports of fraudulent tabulation in several precincts. Must be investigated!,57,141,34,205,2019-06-06,Miami,False,en
ae4e0193-700,d02bbec7,amy38,2024-11-03 21:19:40,Voter turnout steady in my area.,52,41,26,45,2017-03-05,Miami,False,en-US
b11084ce-92e,f01680fe,ruizsharon,2024-11-04 07:32:46,Update: transparent count in my precinct. #VoteSafe,60,13,61,12173,2023-10-29,Miami,False,en-US
6d1d428b-e32,26e45372,fstrickland,2024-10-27 00:41:31,poll watchers report — observers reporting orderly process.,82,241,20,185,2014-06-19,Miami,False,en-US
7367387a-73d,968abfd7,alicia02,2024-11-05 11:27:40,early voting numbers — observers reporting orderly process.,70,74,2,13857,2023-09-24,Miami,False,en
6bcc19a7-ec7,10e95709,oyoung,2024-11-14 02:26:11,Evidence of rigged machines — officials silent. Share widely!,59,168,136,85,2020-07-16,Houston,False,en
d65578a3-b25,23880aba,bookerlawrence,2024-11-08 04:16:00,counting ongoing — observers reporting orderly process. #Election2024,23,97,57,388,2014-01-06,Los Angeles,True,en-US
fb6e4eef-952,a2cc21bf,robert99,2024-10-31 04:37:35,Evidence of ghost voters — officials silent. Share widely! https://news.site/article,156,206,43,2858,2017-10-12,Rural,True,es
aad97ee6-c4f,16dc25bf,ana63,2024-11-09 22:11:36,Update: observers confirm fairness in my precinct.,62,237,24,48540,2024-12-01,Miami,False,en
2c47e5df-929,3ef2c9d2,briannaowens,2024-10-30 06:54:32,polling update — observers reporting orderly process.,99,8,110,350,2009-12-12,Chicago,False,en-US
78e15292-af4,9fa81bcd,henryross,2024-11-02 19:59:41,ALERT: counting ongoing across precincts — evidence points to fraud. #investigate,158,39,49,153,2022-01-15,Chicago,False,en-US
81c830d0-ebc,9c3fea72,adkinsmarcus,2024-11-13 11:09:47,Evidence of fake ballots — officials silent. Share widely! #VoteSafe,91,253,61,986,2016-08-06,Philadelphia,False,en-US
42b6fc53-a27,42827c11,mary40,11/04/24 02:38 PM,poll watchers report — official figures incoming.,21,27,6,66,2024-04-06,Los Angeles,False,en
259775ed-baa,38096daf,sphillips,2024-11-14 07:09:26,early voting numbers — observers reporting orderly process.,93,187,128,1530,2013-09-26,Los Angeles,False,en-US
d8ca3c99-68a,7c035eb1,briansmith,2024-11-13 00:33:07,counting ongoing — observers reporting orderly process.,30,179,45,4355,2024-07-17,Houston,False,en-US
4c938df1-e47,39a4eca8,davistanya,2024-11-04 09:15:41,counting ongoing — observers reporting orderly process.,50,11,43,443,2015-04-07,Houston,False,en-US
dedcc26b-bfd,1961748a,morganchristine,2024-11-09 19:17:40,Evidence of ghost voters — officials silent. Share widely!,123,295,101,741,2015-06-01,,False,en-US
351eb734-784,6e15df23,jerry88,2024-11-11 21:57:40,polling update — observers reporting orderly process.,17,206,43,675,2018-11-25,Houston,False,en-US
1cc04713-b7e,d41c528e,tmartinez,2024-11-06 02:14:02,counting ongoing — observers reporting orderly process.,93,52,25,87,2020-04-30,Chicago,False,es
9df34ee1-cdf,beacfe8d,darrell04,2024-11-03 02:45:36,Reports of voter rolls compromised in several precincts. Must be investigated!,119,397,8,845,2025-02-20,Chicago,False,en
2e766c2f-996,ebf9bf33,fieldsstephen,2024-11-05 10:53:23,count manipulation found in vote tallies (291 suspicious),139,317,35,1412,2021-04-27,Miami,False,en
dc74cd5d-b6e,52322f9f,todd49,2024-10-30 07:00:16,poll watchers report — observers reporting orderly process.,27,77,104,614,2015-01-29,Chicago,False,en-US
896bc6d5-66e,5b309df5,kristi49,2024-11-15 05:28:48,illegal votes found in vote tallies (276 suspicious),173,401,45,284,2021-02-23,Los Angeles,False,es
46164424-675,424919e0,robert08,2024-10-30 23:39:02,illegal votes found in vote tallies (423 suspicious) ¡Increíble! 🇺🇸,10,52,18,1966,2011-09-12,Miami,False,es
d2637a88-38a,b0d8b2f1,molinastephanie,2024-11-13 11:43:17,Evidence of rigged machines — officials silent. Share widely! #Election2024,29,115,4,1137,2010-01-13,New York,True,en-US
3ba2b2c1-82a,cfbf5b4e,juan46,2024-11-08 11:03:13,Update: observers confirm fairness in my precinct.,72,213,110,21416,2025-04-07,,False,en-US
22b79a34-6ea,3ef2c9d2,briannaowens,2024-11-12 06:39:32,polling update — observers reporting orderly process. https://news.site/article,25,256,110,350,2009-12-12,Chicago,False,en-US
4a4662a8-e40,dcb70de4,michelecollier,2024-10-30 06:13:28,turnout update — observers reporting orderly process.,93,83,90,1806,2014-06-27,Chicago,True,en-US
afac0bd3-da3,cbc6bbbb,hhartman,2024-10-27 18:07:45,Evidence of rigged machines — officials silent. Share widely! https://news.site/article,99,149,5,488,2013-05-22,Chicago,True,en
cb45b8bc-d00,c07cb750,ravenrobbins,2024-11-04 20:11:29,Reports of ghost voters in several precincts. Must be investigated! ¡Increíble! 🇺🇸,158,207,118,1293,2014-09-16,New York,False,es
51f54bc1-62c,2e9f866d,cindyburke,2024-10-31 09:01:27,polling update — observers reporting orderly process.,79,36,95,1333,2024-04-19,,False,es
bd56eab9-39a,7ed611fb,gregarnold,2024-11-01 06:39:47,Evidence of rigged machines — officials silent. Share widely!,97,179,13,80,2016-11-01,Miami,False,en
ccb516dc-c74,a0f28277,bryan47,2024-10-30 03:55:57,poll watchers report — observers reporting orderly process.,74,171,51,4050,2014-07-04,Philadelphia,False,en-US
95734890-584,4ef017bc,ynorton,2024-11-09 15:37:17,Update: clean election in my precinct.,40,199,152,214,2022-02-19,Chicago,True,en
2f397192-02a,c0088db8,jenniferwilliams,2024-10-30 20:19:10,ballot stuffing found in vote tallies (177 suspicious) ¡Increíble! 🇺🇸,173,299,108,1507,2017-06-08,Chicago,False,es
676bb4a8-bba,75be4e22,gonzaleznancy,2024-11-14 03:51:16,polling update — official figures incoming.,48,20,7,32,2021-06-28,Philadelphia,False,en
a0d0a0aa-ac0,ad117feb,masonjohn,2024-11-02 12:14:52,polling update — observers reporting orderly process.,83,139,9,673,2015-05-19,,False,en-US
0497687c-a9e,75d60e28,andersonbrandy,2024-11-06 16:11:32,Update: trust the process in my precinct.,20,212,63,809,2015-05-25,Philadelphia,False,en
3e5b1876-7cf,807f4592,christopher02,2024-10-30 18:32:27,ALERT: fake ballots across precincts — evidence points to fraud. #electionfraud,217,245,58,46,2015-06-08,Houston,False,es
18c78d8f-ee6,a399c02c,elizabethwilson,2024-11-10 15:05:22,turnout update — official figures incoming.,52,58,221,15496,2016-07-26,Miami,False,en-US
f8dd79bb-b63,03c796fb,carrie11,2024-11-06 00:58:20,counting ongoing — observers reporting orderly process.,34,10,59,346,2025-08-17,,False,en-US
4aeac21e-6d1,5c3f059f,poncetracy,2024-11-04 01:41:12,poll watchers report — observers reporting orderly process.,8,223,23,322,2012-10-05,,False,en
eb2e883a-436,f29b638f,patrick08,2024-10-29 04:05:26,poll watchers report — observers reporting orderly process.,23,219,45,1479,2014-09-26,Chicago,False,es
e7de63a0-3bd,0ec67cfa,thompsonolivia,2024-11-07 02:20:03,polling update — observers reporting orderly process.,68,233,42,45963,2023-08-06,New York,False,es
f5189198-71a,b5f531c2,andrea10,2024-11-01 04:20:40,Update: clean election in my precinct. #Election2024,89,237,18,146,2016-06-25,Chicago,False,en
780d631f-e49,277c1e6f,walkerkayla,2024-11-06 23:21:57,polling update — observers reporting orderly process.,92,147,22,172,2016-03-02,Chicago,False,en
ee514c01-820,8095bd10,ucobb,2024-10-29 23:54:41,count manipulation found in vote tallies (341 suspicious),167,96,24,1345,2012-02-19,Rural,False,es
6d25a836-fc9,e2441a4b,kimberlypalmer,2024-10-30 12:13:12,Update: clean election in my precinct.,62,30,190,2459,2024-01-28,,False,en
ecfa0203-fa5,3fc01285,sdavis,2024-10-29 05:46:25,Update: clean election in my precinct.,35,165,28,1472,2023-06-05,Miami,False,es
2d958d6b-db6,a635aec0,gainescarly,2024-11-02 06:31:50,ALERT: fraudulent tabulation across precincts — evidence points to fraud. #investigate,316,293,25,337,2014-08-11,Chicago,False,es
bdd10ead-7d8,5743ba3f,keith20,unknown,poll watchers report — observers reporting orderly process.,126,301,740,1725,2021-08-30,Los Angeles,False,es
3c6744b3-6aa,bda93695,bcooper,2024-11-13 20:36:18,polling update — observers reporting orderly process. https://news.site/article,9,229,18,56,2016-01-11,Chicago,False,en-US
a9cc31d1-a42,bfe77a4b,fmoon,2024-10-30 15:04:56,Update: clean election in my precinct.,42,168,153,88,2022-05-05,Philadelphia,False,es
a90ddf3d-0d4,875419eb,charlesdean,2024-10-29 12:41:27,fraudulent tabulation found in vote tallies (257 suspicious),85,147,10,671,2021-08-22,Chicago,False,en-US
9e020d2c-097,48b5c50f,william09,2024-11-05 00:51:27,ALERT: fraudulent tabulation across precincts — evidence points to fraud. #investigate,51,91,51,428,2022-09-01,Rural,False,en-US
278201ca-ce9,7d0cf5af,tgonzalez,2024-10-27 22:07:14,Voter turnout steady in my area.,15,26,332,1145,2021-10-19,Houston,True,es
1d95980a-a66,bb9db95f,hollysherman,2024-11-04 02:35:44,Reports of fake ballots in several precincts. Must be investigated! ¡Increíble! 🇺🇸,166,214,38,6009,2020-01-08,,False,en
daffbdae-038,57ea7860,oconnorsteven,2024-11-09 19:02:23,turnout update — observers reporting orderly process.,114,245,131,2996,2016-11-02,Rural,False,en-US
59c2682f-047,022e2d83,barnesdennis,2024-11-03 17:21:53,Update: clean election in my precinct.,97,207,5,257,2010-08-06,,False,en
fae750ae-17b,0548f749,rhonda87,2024-10-29 10:52:13,Update: transparent count in my precinct.,63,38,99,38335,2023-12-21,Chicago,False,es
089c437b-9d4,0e8c97cb,sarahrowe,2024-11-14 05:34:49,Voter turnout steady in my area.,8,38,30,1537,2017-04-17,,True,es
47b57ae8-ca8,789b1f55,spencerchristopher,2024-10-31 06:26:16,Voter turnout steady in my area.,173,249,1034,81,2019-04-26,New York,False,es
919b0325-7eb,3fcd5ad1,deanshepard,2024-10-29 22:12:34,Voter turnout steady in my area.,87,72,322,2528,2010-05-22,Los Angeles,False,es
473331e5-251,62e4ec44,lisacunningham,2024-11-03 15:10:20,Update: clean election in my precinct.,56,198,164,237,2022-10-13,Chicago,True,en-US
5e4206f8-b3f,e544952d,timothy52,2024-11-06 22:50:15,turnout update — observers reporting orderly process.,16,122,46,660,2023-04-13,Miami,False,es
5d431333-bd8,4502dfd2,dustin09,2024-10-26 14:29:36,Update: observers confirm fairness in my precinct.,19,215,32,5793,2016-05-30,Miami,False,en-US
4cbb1454-c42,1b7e54f1,danielking,2024-10-30 23:47:15,Reports of ballot stuffing in several precincts. Must be investigated!,198,247,273,3389,2010-08-26,Los Angeles,False,es
bee440b1-6c1,71d35bb6,daviddeleon,2024-11-07 13:13:12,Evidence of count manipulation — officials silent. Share widely!,137,22,6,2119,2014-06-25,Rural,False,en
8610e42e-280,c3ba6075,carrollsally,2024-11-13 16:00:31,Reports of rigged machines in several precincts. Must be investigated!,93,235,3,364,2023-10-05,Rural,False,en
45450285-cd6,f4d473e2,dwalker,2024-11-03 11:36:58,Update: transparent count in my precinct.,5,161,15,872,2018-02-16,Los Angeles,True,en-US
401d5646-8b5,b9b4d67c,cherylsmith,2024-11-14 23:44:43,Update: observers confirm fairness in my precinct.,48,222,50,2422,2019-03-21,Chicago,False,es
e6f58780-ba6,42b18207,leetina,2024-11-12 18:55:36,Reports of fraudulent tabulation in several precincts. Must be investigated! ¡Increíble! 🇺🇸 #VoteSafe,73,49,11,464,2021-09-17,,False,es
364aa5f4-40c,817389a8,pwebb,2024-11-09 02:49:07,fraudulent tabulation found in vote tallies (82 suspicious),201,235,176,315,2014-01-06,Rural,False,es
e1ae3057-274,f15a6716,griffindavid,2024-11-09 13:21:31,Reports of fraudulent tabulation in several precincts. Must be investigated!,82,232,45,562,2022-09-05,Los Angeles,True,es
8f5949fa-303,1eded2f1,jeremy12,2024-11-11 10:31:34,Voter turnout steady in my area.,43,44,15,1166,2025-09-03,,False,en-US
ff2c40c1-029,493e053c,epowell,2024-11-01 13:44:46,Update: clean election in my precinct.,39,239,210,65,2018-05-09,Miami,False,es
4cd63247-69e,88b45597,rsanders,2024-10-29 15:24:17,rigged machines found in vote tallies (133 suspicious),66,127,130,531,2019-12-25,Miami,True,en
186ac782-518,8fe84079,douglasemily,2024-10-29 20:33:32,turnout update — observers reporting orderly process. https://news.site/article,61,66,11,394,2017-10-13,Houston,False,es
cf528b8f-c7f,15aedf38,mcdanielchris,2024-11-09 03:27:58,counting ongoing — observers reporting orderly process. #VoteSafe,91,209,7,481,2017-11-01,Philadelphia,False,en-US
ad1109d8-265,79387818,marquezsarah,2024-10-26 09:37:48,Update: smooth voting in my precinct.,72,85,49,29133,2023-04-20,Philadelphia,True,en-US
9af0cb57-251,22e1f195,bradylindsey,2024-11-12 10:22:49,Evidence of count manipulation — officials silent. Share widely!,125,260,19,5868,2021-12-12,,False,en-US
466616af-8ff,1b30f18a,hcox,2024-11-10 21:57:10,Voter turnout steady in my area.,37,31,42,184,2020-05-21,New York,False,en-US
f8382534-c8a,54a8287a,vgutierrez,2024-10-31 02:27:41,polling update — official figures incoming.,24,63,11,447,2024-05-28,New York,False,en
a2247778-ff6,59821449,briannadixon,2024-11-14 13:03:54,Evidence of count manipulation — officials silent. Share widely!,108,390,10,444,2010-07-26,Miami,False,en
f6b2f003-356,7b0a4842,esmith,2024-11-04 15:21:51,Voter turnout steady in my area.,5,41,3,5064,2023-12-25,New York,True,en
d8402e1a-ca2,3713c05d,selena70,2024-11-13 10:26:31,ALERT: poll watchers report across precincts — evidence points to fraud. #investigate,305,224,26,1191,2016-02-11,New York,False,es
87ec9c7a-186,bc7a1f5f,caleb32,2024-11-01 21:15:51,poll watchers report — observers reporting orderly process.,37,201,43,8245,2009-10-17,Rural,False,en
a44ec89d-d95,38d65e59,abriggs,2024-11-11 13:04:41,Voter turnout steady in my area.,25,19,14,50,2020-08-09,Philadelphia,False,en
d0826cd5-593,989e7d62,megan84,2024-10-28 20:46:45,turnout update — observers reporting orderly process.,86,66,2,233,2024-11-26,Miami,False,en
e0c1e9a1-298,52322f9f,todd49,2024-11-06 16:35:24,early voting numbers — observers reporting orderly process.,56,45,104,614,2015-01-29,Chicago,False,en-US
97ea925b-c8f,80c1b71d,ipowell,2024-11-03 06:49:51,Update: transparent count in my precinct.,98,172,57,474,2022-05-25,Los Angeles,False,en
36d4e8fc-2c8,b0995615,kellyangela,2024-11-02 13:46:03,Voter turnout steady in my area.,67,60,137,483,2021-11-22,Los Angeles,False,en
b4b6c272-33d,26baa501,joneskenneth,unknown,early voting numbers — observers reporting orderly process.,8,176,36,2062,2015-02-26,Chicago,False,en-US
86bea413-abe,21d1a06b,omaxwell,2024-10-29 06:19:23,polling update — observers reporting orderly process. #Election2024 ¡Esto es falso!,18,83,28,3573,2021-08-04,Chicago,False,es
2890d15d-bd4,85e9a98d,marthajackson,2024-11-05 14:41:59,Update: observers confirm fairness in my precinct. https://news.site/article,58,106,18,203,2010-01-22,Miami,False,en-US
41c43963-f35,cd9acfb3,ianmartinez,2024-11-07 23:18:14,illegal votes found in vote tallies (330 suspicious) ¡Increíble! 🇺🇸 https://news.site/article,9,395,221,698,2018-12-31,,False,en
6618dd05-a87,0b808b65,harrisdana,2024-11-02 05:49:02,Voter turnout steady in my area.,22,78,16,99,2013-03-04,Chicago,False,en
d55a3a96-e75,3921c526,thomaskathleen,2024-11-06 22:51:07,early voting numbers — official figures incoming.,50,63,75,165,2017-08-21,New York,False,es
ba953849-8d9,2cf0b924,bmiller,2024-11-09 06:04:19,Update: trust the process in my precinct.,98,54,169,332,2016-01-08,Chicago,False,es
b7010d12-17d,656544e6,vhurley,2024-10-31 17:28:32,Evidence of ghost voters — officials silent. Share widely! ¡Increíble! 🇺🇸,198,116,99,588,2020-09-19,Los Angeles,False,en
d5627a85-214,d6579dbe,cmay,2024-11-12 09:32:01,Evidence of ghost voters — officials silent. Share widely! ¡Increíble! 🇺🇸,122,103,9,12643,2025-07-21,New York,False,en
046640cf-6aa,c3ba6075,carrollsally,2024-11-11 21:03:18,voter rolls compromised found in vote tallies (22 suspicious),181,280,3,364,2023-10-05,Rural,False,es
5b5eed02-ba5,6335b3db,daniel09,2024-11-13 12:39:40,poll watchers report — observers reporting orderly process.,28,238,34,205,2019-06-06,Miami,False,es
0af0ed40-976,caa31acb,fmartinez,2024-10-31 07:08:52,Reports of rigged machines in several precincts. Must be investigated!,171,137,30,2554,2012-02-20,New York,False,es
f1f39892-49f,097096f3,jclark,2024-11-02 18:55:26,Reports of ghost voters in several precincts. Must be investigated!,160,400,61,328,2010-09-04,Houston,False,es
8e65dbdc-da7,7baad821,michelleharris,2024-10-28 09:31:49,Update: transparent count in my precinct.,90,243,49,201,2020-12-04,Rural,False,en-US
93c722ea-055,8095bd10,ucobb,2024-10-30 01:51:49,count manipulation found in vote tallies (12 suspicious) ¡Increíble! 🇺🇸,69,83,24,1345,2012-02-19,Rural,False,en-US
1d58f69f-7a3,5d104c84,lunamegan,2024-11-13 10:26:28,ALERT: poll watchers report across precincts — evidence points to fraud. #investigate,101,526,27,871,2013-10-06,Philadelphia,False,es
96212df2-7e3,02ea258e,kathrynandersen,2024-11-07 00:31:13,fraudulent tabulation found in vote tallies (82 suspicious),55,382,170,24,2018-09-02,Miami,False,en
cb6dc9f5-0dd,26e45372,fstrickland,2024-10-27 06:25:10,Reports of ballot stuffing in several precincts. Must be investigated!,59,295,20,185,2014-06-19,Miami,True,es
ee8da364-8a8,fcd12de5,younglindsey,11/14/24 08:27 AM,counting ongoing — observers reporting orderly process. #VoteSafe,18,220,87,1170,2012-04-07,Los Angeles,False,en-US
50a2a0d9-7d9,e285e9b6,betty51,2024-11-04 03:42:42,Voter turnout steady in my area.,35,5,4,208,2020-12-28,Chicago,False,es
7e826a88-4cb,bcada9c2,savagedaniel,2024-11-12 16:14:26,Update: smooth voting in my precinct.,2,150,12,4513,2014-01-13,Philadelphia,False,es
66f59f1d-6ab,a1f717c2,rgrant,2024-11-12 02:10:19,Update: clean election in my precinct.,97,246,81,45,2023-01-22,Los Angeles,False,es
3d93e083-091,21f46f25,angela17,2024-11-06 17:26:54,polling update — official figures incoming.,54,25,105,975,2023-03-08,Philadelphia,False,en
059a304a-e9f,3190ea2e,clarkheather,11/10/24 07:52 PM,fake ballots found in vote tallies (267 suspicious),23,396,46,569,2019-06-14,New York,False,es
64e62790-452,ca3589ce,collinsmark,2024-10-26 15:08:55,Evidence of fraudulent tabulation — officials silent. Share widely! ¡Increíble! 🇺🇸 https://news.site/article,103,361,54,2588,2010-12-22,New York,True,en
7a322927-204,dc2cc0c8,richardcooper,2024-10-29 07:44:25,Update: smooth voting in my precinct.,82,219,40,138,2009-10-19,Rural,False,en-US
1ff2b01c-13e,652e69b6,mfigueroa,2024-11-11 18:21:19,early voting numbers — official figures incoming. #Election2024,4,75,11,146,2018-01-21,Chicago,True,es
e246a1e6-109,c0c66123,johnsonjonathan,2024-11-02 05:18:04,fraudulent tabulation found in vote tallies (471 suspicious),176,59,32,643,2021-11-13,,False,es
6a39b5bf-296,57d21719,gregorytaylor,2024-11-05 23:00:00,counting ongoing — observers reporting orderly process.,86,101,246,114,2015-08-29,Rural,False,en-US
5a8deef4-b12,0d222a94,lisahurley,unknown,Update: trust the process in my precinct.,32,210,12,428,2012-03-11,Philadelphia,False,es
e1796ea5-b41,a9a3163a,ortegaeddie,2024-11-13 16:44:20,poll watchers report — observers reporting orderly process. #VoteSafe,54,100,70,146,2022-08-13,Chicago,False,en
e6d49890-884,153a083f,amygraham,2024-10-26 19:23:08,polling update — observers reporting orderly process.,85,217,53,17797,2024-11-03,Houston,False,en
362757ef-cba,34ccab3e,zkeller,2024-11-05 08:11:57,Voter turnout steady in my area. #VoteSafe,36,21,6,36724,2017-05-22,Houston,False,en
dc53201d-1d7,65f14502,christopherelliott,2024-11-14 06:58:12,Reports of illegal votes in several precincts. Must be investigated! #Election2024,96,138,17,276,2016-04-06,New York,False,es
daa99376-8a2,bd9af9c1,hayesashley,2024-11-15 00:52:56,Update: trust the process in my precinct. #VoteSafe,43,236,95,678,2016-11-18,New York,False,en
cddac081-953,7db3c016,michelle22,2024-11-07 20:53:27,turnout update — official figures incoming.,13,61,56,125,2022-06-26,Philadelphia,False,es
0c3cbc8d-744,78dbbb72,iananderson,2024-11-10 05:02:33,Update: transparent count in my precinct. #Election2024,95,240,24,1171,2020-11-13,Houston,False,en
2bb31cd9-24f,21f46f25,angela17,2024-11-06 02:38:30,Voter turnout steady in my area.,25,87,105,975,2023-03-08,Philadelphia,False,en-US
a28df7ab-984,7f8ab97f,hickskim,2024-11-07 06:43:57,Update: observers confirm fairness in my precinct.,58,53,17,129,2009-08-08,Los Angeles,False,es
dbd0ced7-958,36871186,carlsonsherri,2024-11-14 22:46:25,Update: smooth voting in my precinct.,62,250,54,956,2022-03-24,Los Angeles,False,en-US
99908de5-cdb,b35d32d2,tylerbryan,2024-11-12 02:09:36,Evidence of fraudulent tabulation — officials silent. Share widely!,133,284,6,2532,2024-09-08,Rural,False,es
e42ce8b5-96b,cfbf5b4e,juan46,2024-10-28 18:53:22,Update: trust the process in my precinct.,45,245,110,21416,2025-04-07,,False,en
b42244ca-86d,0837e781,cdavis,2024-10-29 05:30:44,counting ongoing — official figures incoming.,40,83,44,274,2012-04-02,Rural,False,en
dd759d34-3e2,351fbd15,darren29,2024-10-29 08:53:50,Update: transparent count in my precinct.,32,156,76,869,2014-08-02,Miami,False,en
3f642955-ce2,3190ea2e,clarkheather,2024-10-31 09:21:02,Reports of ghost voters in several precincts. Must be investigated!,105,72,46,569,2019-06-14,New York,False,en-US
0bb18970-cb4,fc6b865a,emilyhart,2024-11-02 23:49:55,turnout update — observers reporting orderly process.,87,40,86,78,2020-09-17,Chicago,False,es
77de95ee-764,c89accba,psmith,2024-11-04 23:46:00,Update: clean election in my precinct.,68,75,219,26535,2024-07-26,Houston,True,en
f2e5eb68-1fa,20a5a682,danielruiz,2024-10-28 11:44:13,turnout update — observers reporting orderly process.,90,82,31,444,2017-12-12,New York,False,en-US
23f7883b-870,8539bc8d,bellmichele,2024-11-05 04:33:52,Update: trust the process in my precinct.,62,132,116,149,2021-08-19,Rural,False,es
54c07836-4e0,ce968842,qbrown,2024-11-14 12:26:24,counting ongoing — official figures incoming. #Election2024,23,67,25,607,2019-12-18,Los Angeles,False,en
3105e981-e90,ef1e1b8f,turnerpaul,2024-10-28 10:52:18,Reports of fake ballots in several precincts. Must be investigated! ¡Increíble! 🇺🇸,107,360,6,3878,2024-07-24,New York,False,en
5686dbc2-c48,e6f6a10f,ortizandrea,2024-11-13 19:32:52,Update: clean election in my precinct. ¡Esto es falso!,24,22,11,1463,2017-02-21,Miami,False,es
95f48277-054,9de1f226,hodgekevin,2024-11-03 16:06:56,voter rolls compromised found in vote tallies (29 suspicious),140,37,36,1354,2021-05-26,Philadelphia,False,es
fc1e7d2c-1b1,bfe77a4b,fmoon,2024-11-10 18:57:57,Reports of fake ballots in several precincts. Must be investigated! ¡Increíble! 🇺🇸,167,324,153,88,2022-05-05,Philadelphia,True,en
931df86c-49a,3713c05d,selena70,2024-11-03 01:13:12,Reports of count manipulation in several precincts. Must be investigated!,175,153,26,1191,2016-02-11,New York,False,en
f4851b03-f80,3fb41844,phorn,2024-11-10 18:22:46,ALERT: fake ballots across precincts — evidence points to fraud. #electionfraud,176,733,49,1585,2017-06-30,,False,en-US
90027862-19b,7783398d,carlosfranklin,2024-10-31 20:30:16,Voter turnout steady in my area.,39,63,6,460,2015-02-07,,False,en-US
ccc382e2-50b,08d1feef,claynicole,2024-11-01 06:53:21,Voter turnout steady in my area. #Election2024,32,62,13,457,2023-12-04,Philadelphia,False,en
cdda4219-5c9,5ce4a163,kristen46,2024-10-31 10:13:03,fake ballots found in vote tallies (236 suspicious),101,289,61,415,2014-07-13,New York,True,en-US
c0d52631-b3a,061a53b8,bwarren,2024-11-05 00:52:31,ALERT: fraudulent tabulation across precincts — evidence points to fraud. #electionfraud,233,264,59,1018,2018-08-11,,False,es
536796e6-10a,b685c482,andrewmiller,2024-11-10 11:34:59,early voting numbers — observers reporting orderly process.,99,111,34,2794,2020-09-05,Houston,False,es
0d3999c6-69d,dc2cc0c8,richardcooper,2024-11-13 23:05:39,ballot stuffing found in vote tallies (486 suspicious),125,74,40,138,2009-10-19,Rural,True,en
5b4afe5b-09b,120562e9,terry91,2024-11-12 10:02:00,poll watchers report — observers reporting orderly process.,40,19,2,60,2025-08-14,Chicago,False,es
2ef3de61-e7d,69b541e4,duranalice,2024-10-27 20:44:35,poll watchers report — official figures incoming.,38,69,54,583,2020-03-20,Los Angeles,False,en
d50f3959-5e0,b0d8b2f1,molinastephanie,2024-11-03 07:08:45,early voting numbers — official figures incoming.,28,71,4,1137,2010-01-13,New York,False,en
c2e380be-dc8,478c4ca6,madisonhunt,2024-11-08 02:09:10,Update: smooth voting in my precinct.,71,92,0,351,2012-09-28,New York,False,en
d563a033-a6f,52322f9f,todd49,2024-10-27 23:01:37,counting ongoing — official figures incoming.,33,51,104,614,2015-01-29,Chicago,False,en-US
16ab993b-e6d,d07e5d1a,qjackson,2024-11-12 12:54:31,Reports of ghost voters in several precincts. Must be investigated! ¡Increíble! 🇺🇸,85,101,5,442,2016-06-14,Chicago,False,en
bc85d259-d76,5c75b196,elizabeth76,2024-11-01 09:01:08,Reports of fake ballots in several precincts. Must be investigated! ¡Increíble! 🇺🇸,59,159,86,276,2024-03-30,Los Angeles,False,en
cbcf6242-315,8c356059,patrick96,2024-11-12 03:22:22,counting ongoing — observers reporting orderly process.,161,140,477,158,2015-07-20,New York,False,en-US
a5fc6b95-e3d,f84b3817,vtran,2024-10-26 15:44:42,early voting numbers — observers reporting orderly process.,64,97,13,2048,2010-02-22,Chicago,False,en
d5fa103b-213,5cfd7380,chelseastewart,2024-11-10 01:25:31,Update: observers confirm fairness in my precinct.,26,156,15,171,2016-09-22,,False,en
2d0f6d8f-30d,f845cb17,andrepatterson,2024-11-05 07:36:28,Update: smooth voting in my precinct.,50,77,13,1183,2018-01-24,Miami,False,en
89b9cd4b-e39,dc21f7fc,audrey71,2024-11-03 13:03:31,Evidence of rigged machines — officials silent. Share widely!,23,48,33,449,2010-02-01,Chicago,False,en-US
4e8ee1ce-3fb,16950161,sharonevans,2024-10-27 08:55:12,counting ongoing — observers reporting orderly process.,50,223,123,480,2009-10-25,,False,en
8b16ff27-723,df5373af,solislisa,2024-11-11 10:44:48,poll watchers report — official figures incoming.,32,41,53,101,2017-12-02,Philadelphia,False,en
e245b2c9-873,a9623259,kellerjustin,2024-11-08 15:02:48,Update: clean election in my precinct.,49,264,284,119,2021-02-22,Los Angeles,True,es
730fda44-25b,0292074e,josephfisher,2024-11-06 03:46:53,polling update — observers reporting orderly process.,77,97,5,2859,2013-04-28,Houston,True,en-US
6bbb67fe-ab6,40fb60ac,johncobb,2024-11-14 17:35:32,Reports of illegal votes in several precincts. Must be investigated!,47,297,13,211,2023-02-02,,False,en
efd9fdba-f67,04f7eb0d,carolynkeith,2024-11-11 18:25:48,Voter turnout steady in my area.,5,3,15,466,2017-03-05,Philadelphia,False,en
0045642a-ea4,ecc5d893,matthewcoleman,2024-10-29 20:11:59,turnout update — observers reporting orderly process. https://news.site/article,21,28,52,1343,2011-03-28,Chicago,False,en-US
f3f2f095-c3d,e1cf740b,thomas29,2024-11-12 05:00:54,early voting numbers — official figures incoming.,39,63,90,546,2012-10-15,Los Angeles,False,es
5a328cbf-b4e,7b7aac7a,brockstephanie,2024-11-13 03:25:39,Update: smooth voting in my precinct.,90,29,15,92,2009-09-05,New York,False,es
6ad77c34-62f,2a805e45,troy73,2024-11-08 08:46:57,Evidence of fake ballots — officials silent. Share widely! ¡Increíble! 🇺🇸,83,0,6,2132,2011-07-04,,False,en
3d183367-513,29a5330f,sshea,2024-10-27 21:11:50,Reports of rigged machines in several precincts. Must be investigated!,124,65,8,6575,2018-01-16,Los Angeles,False,en-US
b9a8d4b0-7a0,00929c7f,samueldavis,2024-10-30 02:30:45,poll watchers report — observers reporting orderly process.,60,34,8,2740,2012-12-10,Miami,False,en
7a7a1079-920,92d08bfb,ubowers,2024-11-06 17:57:15,poll watchers report — observers reporting orderly process.,21,128,6,1076,2015-08-11,Miami,False,es
cb3d4f7f-8c3,ed7d153e,mcintoshrandall,2024-10-27 07:50:08,Update: transparent count in my precinct.,98,123,141,449,2009-07-16,New York,False,en-US
713e7e37-272,a1eb8b3e,benjamin81,2024-11-06 08:02:44,Evidence of fraudulent tabulation — officials silent. Share widely!,63,151,8,1517,2017-02-16,Los Angeles,True,en
b706189d-9c3,9f23929c,george52,2024-11-06 15:38:46,polling update — official figures incoming.,40,76,124,2862,2014-09-03,,True,es
fa43654a-776,8434098f,justinsullivan,2024-10-28 00:01:59,Evidence of voter rolls compromised — officials silent. Share widely!,106,29,8,40520,2025-05-13,Philadelphia,False,en-US
65c172c1-388,937703d8,breannagriffin,2024-11-07 10:00:21,ALERT: voter rolls compromised across precincts — evidence points to fraud. #electionfraud,199,595,18,280,2016-02-10,Chicago,False,es
f412900a-121,d605e978,stevenmiller,2024-11-12 17:18:59,Update: trust the process in my precinct.,84,175,37,174,2017-07-01,Miami,False,es
d768c96c-2e9,d1c5aba4,ronald96,2024-11-07 00:00:06,Voter turnout steady in my area.,41,51,15,121,2013-05-14,Houston,False,en-US
59d87f85-b1d,eeba8cd4,jacksonanthony,2024-11-10 16:36:26,polling update — observers reporting orderly process.,28,4,14,114,2020-05-13,Houston,False,en
2d3e8898-da6,46c308b1,cummingsandrew,2024-11-04 10:42:15,Update: observers confirm fairness in my precinct. #VoteSafe,53,49,29,415,2023-07-08,Los Angeles,True,es
51bbec39-add,1016786a,pgood,2024-11-13 14:56:14,illegal votes found in vote tallies (51 suspicious),82,311,233,24712,2019-03-30,,True,es
c687d935-aaa,f539ca55,wyatttiffany,2024-11-08 00:56:28,counting ongoing — observers reporting orderly process.,82,127,5,1771,2018-09-23,New York,False,es
57c8be29-bee,c9947b29,christian13,2024-11-08 17:10:43,ALERT: count manipulation across precincts — evidence points to fraud. #electionfraud,308,364,5,1630,2020-09-01,Chicago,False,en-US
e78837f9-2b9,0fb97f73,hoodkaren,2024-11-14 07:04:36,Update: observers confirm fairness in my precinct.,35,31,37,1842,2012-01-01,Chicago,False,en-US
8988b474-15d,d33b0e80,jmckee,2024-11-12 15:28:31,Reports of ballot stuffing in several precincts. Must be investigated!,4,75,24,444,2013-01-11,Philadelphia,False,en
0519360b-8b6,93585c8c,ibrewer,2024-11-13 04:26:13,polling update — observers reporting orderly process. ¡Esto es falso!,6,80,60,2631,2010-03-01,New York,False,es
5cd4f121-f9a,441e50ef,tammy09,2024-10-27 20:53:55,Evidence of ballot stuffing — officials silent. Share widely!,32,248,3,461,2021-01-17,Miami,False,en
3d5e54a7-312,351fbd15,darren29,2024-11-02 06:30:47,ALERT: fraudulent tabulation across precincts — evidence points to fraud. #investigate,89,525,76,869,2014-08-02,Miami,False,es
2d0b32c9-5aa,5c75b196,elizabeth76,2024-11-04 08:08:18,poll watchers report — official figures incoming.,27,4,86,276,2024-03-30,Los Angeles,False,es
a06264e0-ffc,1a785545,rachel03,2024-11-07 15:22:57,early voting numbers — observers reporting orderly process.,23,115,135,8072,2015-05-06,Los Angeles,False,en-US
f04b4850-d7a,01b0dd3a,mwilliams,2024-11-08 09:34:45,Update: trust the process in my precinct.,40,184,233,519,2013-09-29,,False,es
111d2c32-2df,99317359,kathryn16,2024-11-09 00:46:05,fraudulent tabulation found in vote tallies (475 suspicious) ¡Increíble! 🇺🇸,205,57,106,2322,2017-08-16,Los Angeles,False,en-US
c8120917-092,1f679327,cgiles,2024-11-05 23:31:16,Update: smooth voting in my precinct. https://news.site/article,84,100,8,1423,2021-03-04,Los Angeles,False,es
f87fdf47-540,beacfe8d,darrell04,2024-11-04 08:41:07,poll watchers report — observers reporting orderly process.,8,50,8,845,2025-02-20,Chicago,False,es
e00a2900-a43,5a841eff,jojones,2024-11-04 11:05:15,Evidence of illegal votes — officials silent. Share widely!,158,15,22,1388,2025-01-28,Los Angeles,False,en
6d3c46ce-796,54d2a3b3,smithpamela,2024-11-03 22:14:21,Update: smooth voting in my precinct.,69,201,11,43314,2025-03-30,Houston,False,en
13a50855-ffa,e52b61b9,bentonamy,2024-11-08 00:34:03,poll watchers report — observers reporting orderly process.,67,212,28,1115,2010-01-21,New York,False,en-US
ed25d80d-080,9a248f89,matthew58,2024-11-10 21:47:03,Update: clean election in my precinct.,74,18,59,430,2011-04-08,Rural,True,en-US
4110201e-7ba,e0527413,zwalsh,2024-11-05 14:11:43,poll watchers report — observers reporting orderly process.,68,117,6,2145,2023-05-13,,False,es
e2ba1dd1-09c,2cf0b924,bmiller,2024-10-29 17:29:23,Update: smooth voting in my precinct. https://news.site/article,86,84,169,332,2016-01-08,Chicago,True,en
5d3e45d6-6aa,39dee48c,sheila73,2024-11-11 03:40:26,Reports of voter rolls compromised in several precincts. Must be investigated!,69,96,24,1180,2022-03-20,New York,False,en-US
7491364d-6b6,ae447437,sandracannon,2024-11-03 13:10:35,poll watchers report — observers reporting orderly process.,96,145,417,2095,2009-10-13,Miami,False,es
813e1c0a-266,f3ac665a,markgarza,2024-10-26 07:37:08,poll watchers report — observers reporting orderly process.,83,124,291,241,2025-04-13,Philadelphia,False,en
15585242-c40,0a23903d,rogersgerald,2024-11-02 14:43:39,Update: observers confirm fairness in my precinct.,70,187,583,776,2017-09-24,Rural,True,en-US
587c11a2-347,387eee27,wagnerteresa,2024-11-11 23:49:40,ALERT: counting ongoing across precincts — evidence points to fraud. #electionfraud ¡Esto es falso!,394,385,101,46972,2023-08-05,Rural,False,es
ee80c989-415,f399e68f,mary31,2024-10-26 09:47:33,Evidence of voter rolls compromised — officials silent. Share widely!,56,28,64,93,2014-06-14,Philadelphia,False,en-US
b0f420a5-46b,43e08c3b,foleybarbara,2024-11-12 20:10:50,Update: transparent count in my precinct. #VoteSafe,41,201,58,518,2011-07-27,,False,es
6cbfc586-4d3,93b49ec5,antonioanderson,2024-11-06 16:09:16,polling update — official figures incoming.,21,18,16,223,2018-10-25,Philadelphia,False,en
d80df34d-395,27a4a391,salazarandrew,2024-11-01 14:52:59,counting ongoing — observers reporting orderly process.,86,87,3,4359,2015-09-30,Rural,False,en-US
4c1351fc-eff,1eded2f1,jeremy12,2024-11-03 04:08:38,polling update — observers reporting orderly process.,73,148,15,1166,2025-09-03,,False,en-US
d02ca539-277,8ef425a4,baileychristian,unknown,ALERT: voter rolls compromised across precincts — evidence points to fraud. #electionfraud,2,505,33,1446,2025-08-29,Miami,False,en-US
5e4127a3-2ea,015bd591,chelsea88,2024-10-30 21:07:41,turnout update — official figures incoming. #VoteSafe,22,65,23,1063,2011-03-25,Miami,False,es
92168dd8-970,8ef425a4,baileychristian,2024-10-28 13:23:10,Evidence of voter rolls compromised — officials silent. Share widely!,19,383,33,1446,2025-08-29,Miami,False,en-US
e1cae1e6-9ef,8d3ae91e,copelandglenn,unknown,ALERT: fraudulent tabulation across precincts — evidence points to fraud. #electionfraud,17,666,165,651,2014-09-17,Rural,False,en-US
6dd83fd1-b33,4bf745f8,jeffreymurray,2024-11-09 06:44:13,ballot stuffing found in vote tallies (258 suspicious),39,59,2,126,2021-04-11,Chicago,False,en-US
42e8aca2-c6c,53453fcc,xgibson,2024-11-10 19:14:32,ALERT: poll watchers report across precincts — evidence points to fraud. #investigate,301,356,14,493,2019-05-15,Houston,False,es
32e1fc5c-b8d,50635767,xmeyers,2024-10-29 12:11:43,Update: smooth voting in my precinct.,76,54,32,4181,2015-01-31,Houston,False,en
b5da3c6a-551,80c1b71d,ipowell,2024-11-03 22:51:09,Voter turnout steady in my area.,20,35,57,474,2022-05-25,Los Angeles,False,en
87168d39-523,21800ef8,michael56,2024-11-14 14:52:03,Update: trust the process in my precinct.,48,240,51,1594,2013-07-25,Los Angeles,False,en-US
e13f20ca-0e9,70e8b14a,charles36,2024-11-06 06:29:03,Evidence of ghost voters — officials silent. Share widely!,153,291,77,416,2021-06-19,,False,es
301f27e2-b27,2b7b25de,fleminglaura,2024-10-29 00:08:07,Evidence of count manipulation — officials silent. Share widely!,66,296,3,43155,2025-05-13,Houston,True,en-US
d5111dea-433,46c308b1,cummingsandrew,2024-11-15 00:23:40,Evidence of fake ballots — officials silent. Share widely!,112,375,29,415,2023-07-08,Los Angeles,True,es
e6352626-455,b9186eed,marissaphillips,2024-10-29 14:19:34,poll watchers report — observers reporting orderly process. https://news.site/article,52,30,20,97,2021-06-21,,False,en
d1a2f358-bc9,c39f8289,yking,2024-11-13 10:26:24,ALERT: poll watchers report across precincts — evidence points to fraud. #electionfraud,275,19,10,353,2023-10-04,Chicago,True,en
ab56b862-e7f,2cea4ff6,qbush,2024-11-03 03:23:11,Evidence of rigged machines — officials silent. Share widely! ¡Increíble! 🇺🇸,103,181,30,1281,2014-11-03,,False,es
58f942ff-47c,9bf4f7f0,kaitlynsmith,2024-10-30 18:07:11,early voting numbers — observers reporting orderly process. #VoteSafe,9,17,34,41161,2024-07-15,Rural,False,en-US
c3cc47bc-018,a36016fb,bsmith,2024-11-05 21:25:21,turnout update — observers reporting orderly process.,31,95,21,150,2015-03-12,Houston,True,es
d7bd53f8-84e,907f100c,rossleah,2024-11-02 18:09:34,early voting numbers — observers reporting orderly process.,33,189,50,40,2014-07-07,Chicago,False,en-US
6f5283f7-508,5ee2ce1b,joneslaura,2024-11-04 07:55:21,Evidence of voter rolls compromised — officials silent. Share widely!,31,380,11,2899,2016-12-02,Houston,False,en
71d897ad-590,a04e8f72,rebeccapatrick,2024-11-11 16:43:26,Reports of ballot stuffing in several precincts. Must be investigated!,82,302,4,249,2016-03-01,Chicago,False,es
1e33ba70-b12,869c9115,dking,2024-11-03 13:32:21,turnout update — observers reporting orderly process.,97,16,29,277,2010-03-17,,True,en-US
21a26380-259,1961748a,morganchristine,2024-10-29 14:51:36,poll watchers report — observers reporting orderly process.,67,37,101,741,2015-06-01,,True,en-US
b9c9b414-37e,75be4e22,gonzaleznancy,2024-10-30 02:38:59,counting ongoing — observers reporting orderly process.,16,185,7,32,2021-06-28,Philadelphia,False,es
65671591-79c,ca9d1d46,megan66,2024-10-29 00:53:42,Voter turnout steady in my area.,3,37,36,1280,2020-03-04,New York,False,en-US
cba3b81c-610,3115b7a9,kimberlybarnes,2024-10-29 04:31:40,Update: transparent count in my precinct.,9,27,21,623,2018-06-11,,False,en
84fdc186-d51,f4bde721,munozjames,2024-11-05 04:43:10,poll watchers report — observers reporting orderly process.,42,101,26,621,2014-01-08,Chicago,False,es
c3930f5b-92d,88de6314,rruiz,2024-11-10 18:23:40,ALERT: fake ballots across precincts — evidence points to fraud. #investigate,78,59,18,135,2019-08-17,Chicago,True,en-US
0f917a87-d86,708456f9,brooksjessica,2024-11-13 14:47:57,turnout update — observers reporting orderly process.,50,51,38,52,2015-09-08,Rural,False,en
9f70f165-295,553da4a2,hudsonjoseph,2024-11-06 23:32:53,polling update — observers reporting orderly process.,4,143,38,74,2018-09-08,New York,False,en-US
5d038e21-5e2,3b343e05,hoffmanchad,2024-11-07 18:32:31,counting ongoing — observers reporting orderly process.,14,122,59,2075,2011-11-26,Philadelphia,False,en
cabeab55-4bb,ed4db0fb,emurray,2024-11-14 03:58:20,counting ongoing — observers reporting orderly process. #VoteSafe,63,174,10,3435,2009-06-04,Houston,False,es
498357be-dd4,36871186,carlsonsherri,2024-11-03 17:28:56,polling update — observers reporting orderly process.,36,248,54,956,2022-03-24,Los Angeles,False,en-US
cef0e84f-106,acb8d7dd,stephaniepetty,2024-11-14 08:27:13,polling update — observers reporting orderly process.,81,214,12,609,2013-06-19,Miami,False,es
91e00aa5-209,9ccedeee,villegascourtney,2024-10-29 12:30:32,Reports of fraudulent tabulation in several precincts. Must be investigated! ¡Increíble! 🇺🇸,199,270,22,5446,2023-04-23,Philadelphia,False,en-US
14283427-ac0,7c0341f7,jamesgonzales,2024-11-03 04:31:47,polling update — observers reporting orderly process.,49,171,0,2243,2025-04-25,Los Angeles,False,en-US
c95a3075-6a6,9a7f1f1d,jacobgriffin,2024-11-14 00:35:17,rigged machines found in vote tallies (265 suspicious) https://news.site/article,190,199,18,5171,2010-04-08,Chicago,False,en-US
6f44c59a-fa8,1c466d9b,wmoreno,2024-10-28 05:27:39,Update: smooth voting in my precinct.,87,59,44,600,2025-07-12,,False,en-US
663645c5-687,cfbf5b4e,juan46,2024-11-08 16:30:50,Update: smooth voting in my precinct. #VoteSafe,35,219,110,21416,2025-04-07,,False,en
6a64894f-a77,ed4db0fb,emurray,2024-11-11 04:21:37,counting ongoing — observers reporting orderly process. #Election2024,3,137,10,3435,2009-06-04,Houston,True,en-US
1e66113d-4d5,dc2c293c,jordanjason,2024-10-28 06:16:40,Evidence of ghost voters — officials silent. Share widely!,146,256,24,96,2018-02-18,Los Angeles,False,es
2e4676df-3a3,dd97fc40,jessicabailey,2024-11-05 00:49:32,ALERT: fraudulent tabulation across precincts — evidence points to fraud. #investigate,198,357,24,47189,2025-08-08,Rural,False,en
1d135898-5d3,7d0cf5af,tgonzalez,2024-11-12 07:42:59,Reports of ballot stuffing in several precincts. Must be investigated! ¡Esto es falso!,70,383,332,1145,2021-10-19,Houston,True,es
6495b8be-9dd,3b971fa7,jimenezgregory,2024-11-10 20:46:28,Update: transparent count in my precinct. ¡Esto es falso!,53,234,79,30285,2023-11-07,Los Angeles,False,es
ba73e831-0f6,56bdc200,vmorgan,2024-11-03 17:20:08,Reports of fraudulent tabulation in several precincts. Must be investigated! https://news.site/article,116,276,18,71,2021-11-11,Houston,False,en-US
fa7e194d-5d7,85c3880d,aaronwang,2024-11-05 00:52:05,ALERT: fraudulent tabulation across precincts — evidence points to fraud. #electionfraud,312,84,10,4093,2021-11-29,New York,True,en-US
32ac0ba1-a9a,541d49fd,cpacheco,2024-11-10 18:26:45,Update: smooth voting in my precinct. https://news.site/article,50,146,12,156,2019-08-05,Rural,False,es
97f43b12-607,d9e156de,sbanks,2024-11-07 16:12:58,turnout update — official figures incoming. #Election2024,14,79,39,172,2012-05-10,Los Angeles,False,en-US
f39737b2-340,ddc19590,ysantos,2024-11-01 07:50:55,Reports of rigged machines in several precincts. Must be investigated!,186,68,34,426,2020-02-21,,False,en-US
acc7b4f6-ff8,3eb685b3,leslienavarro,2024-10-26 11:58:21,polling update — official figures incoming.,45,45,12,56,2009-07-14,Houston,True,en-US
577fbd29-b09,e92a7f4a,gonzalezkimberly,2024-10-27 06:57:37,Update: trust the process in my precinct.,42,127,29,3097,2014-11-05,Miami,False,en-US
360f579e-083,522e20a2,cynthiaramsey,2024-11-11 23:51:05,Update: clean election in my precinct. #Election2024,60,4,23,165,2025-04-19,New York,False,en
449a06a7-399,22950100,cynthiasoto,2024-11-14 05:48:25,Evidence of fake ballots — officials silent. Share widely!,185,365,24,5249,2009-10-14,Miami,False,es
94e93ef2-c05,49b5c477,gutierrezpatricia,2024-11-13 00:57:51,early voting numbers — observers reporting orderly process.,21,7,164,220,2023-02-26,Los Angeles,False,en
833dd069-ec5,0d21db9f,cabrerakatrina,2024-11-02 12:23:00,Update: smooth voting in my precinct.,91,200,29,22188,2023-07-29,Los Angeles,False,en
5b7e1a83-4ca,811236d1,amandamoore,2024-11-08 17:12:17,ALERT: count manipulation across precincts — evidence points to fraud. #electionfraud,222,370,126,171,2009-05-22,,False,en-US
f07f9db9-053,82629993,samueljohnson,2024-11-01 18:46:13,Reports of illegal votes in several precincts. Must be investigated!,38,217,13,4908,2022-11-01,Miami,False,en-US
026dce6a-df7,08c56753,hcooper,2024-11-02 12:36:54,Update: smooth voting in my precinct.,20,41,70,90,2015-10-10,,True,es
a4114c41-5da,1c888bd7,austinhernandez,2024-11-13 11:00:33,polling update — observers reporting orderly process.,36,135,5,14,2012-11-02,New York,False,en-US
6a0cbea6-22f,c14efeec,jonesangela,2024-10-30 17:20:54,turnout update — observers reporting orderly process.,34,242,31,43,2011-06-22,Chicago,False,en-US
166e04b9-ac9,53453fcc,xgibson,2024-11-12 06:59:27,counting ongoing — official figures incoming.,35,70,14,493,2019-05-15,Houston,True,en-US
cbc29f99-f63,e7db7ef0,rmoody,2024-10-29 04:24:49,Reports of voter rolls compromised in several precincts. Must be investigated!,164,310,7,953,2022-08-13,Rural,False,en-US
daf5e252-faa,796cb031,kaguirre,2024-11-01 15:46:38,early voting numbers — observers reporting orderly process.,109,234,82,684,2013-04-25,Miami,False,en
5785937b-d23,bee4f302,thomas87,2024-11-12 21:20:43,Reports of fraudulent tabulation in several precincts. Must be investigated!,25,114,11,684,2022-08-14,New York,False,en
cee551a2-77b,9e9f9cac,bmartinez,2024-11-12 03:17:23,Voter turnout steady in my area.,9,71,16,1148,2015-08-21,Miami,True,en-US
0f1ba494-5b8,20a5a682,danielruiz,2024-10-30 12:18:39,Reports of voter rolls compromised in several precincts. Must be investigated! ¡Increíble! 🇺🇸,166,352,31,444,2017-12-12,New York,False,en-US
19dd2bb9-0c0,9751aa51,awilson,2024-11-07 13:10:40,illegal votes found in vote tallies (135 suspicious),125,23,202,3815,2022-02-19,New York,True,es
6b176fc5-e58,e5baf815,david19,2024-11-12 03:02:16,Voter turnout steady in my area. https://news.site/article,45,39,73,70,2020-02-06,Philadelphia,False,en-US
d923e5bd-fcc,ec6f0e6f,cody95,2024-11-03 15:08:09,Voter turnout steady in my area.,11,43,8,611,2017-06-29,Chicago,False,en
efa6fadc-974,ed4db0fb,emurray,2024-10-29 01:46:37,turnout update — official figures incoming. https://news.site/article,2,75,10,3435,2009-06-04,Houston,False,en
b4123a94-e92,1ac98e79,mlambert,2024-11-09 18:20:13,poll watchers report — official figures incoming.,40,76,84,453,2018-01-28,Miami,False,es
dfb775d7-231,5b7e01d5,tfleming,2024-11-14 15:15:08,Update: clean election in my precinct.,100,36,26,120,2024-11-03,Miami,False,es
c3190278-ef5,0cea9b83,qshelton,2024-11-09 13:11:23,Reports of rigged machines in several precincts. Must be investigated! ¡Increíble! 🇺🇸 #VoteSafe,38,350,64,1114,2015-10-26,,False,en-US
22c86926-318,0abfa705,barbara06,2024-11-14 23:31:59,Update: transparent count in my precinct.,22,14,10,155,2025-08-15,,False,es
ba075c4f-a7c,76bd2c77,david96,2024-11-09 00:12:15,Voter turnout steady in my area.,44,19,4,761,2013-07-13,Chicago,False,en-US
4ea9ce2b-59d,33e76bca,zcox,2024-11-10 18:24:34,ALERT: fake ballots across precincts — evidence points to fraud. #investigate,45,1,28,23,2014-04-07,Miami,True,es
bc361776-a3e,76bf2c5b,douglassingh,2024-11-10 00:37:18,Voter turnout steady in my area.,42,47,8,663,2013-03-05,Philadelphia,False,es
b8a2778e-7a9,45d75f2b,calebhowell,2024-11-07 19:44:11,polling update — observers reporting orderly process.,71,131,109,793,2020-08-18,,False,es
bef4f8d7-fb6,57d21719,gregorytaylor,2024-11-03 06:54:44,polling update — official figures incoming. https://news.site/article,56,78,246,114,2015-08-29,Rural,False,en
f24329fc-c9d,9cbb347c,graydavid,2024-11-15 00:20:31,Update: clean election in my precinct.,14,31,119,34682,2025-08-24,,False,en
8fa211f5-736,bf8495c8,kingmatthew,2024-10-27 22:09:54,polling update — official figures incoming.,25,29,60,2510,2018-07-21,Miami,False,en-US
cc981ad0-9a2,34151431,iknight,2024-11-11 16:46:16,Reports of rigged machines in several precincts. Must be investigated! https://news.site/article,85,180,40,63,2021-01-21,Los Angeles,False,en-US
b7966d72-6b2,9061305d,bradystout,2024-11-07 16:15:36,Evidence of rigged machines — officials silent. Share widely!,118,313,4,227,2025-01-08,Rural,False,es
5f8ad1c5-187,a4be43da,cynthia49,2024-10-30 03:57:45,counting ongoing — official figures incoming.,40,74,40,603,2013-11-01,New York,False,es
e944d95f-29b,e5739589,gbeck,2024-10-27 21:46:00,poll watchers report — observers reporting orderly process. #Election2024,87,206,21,89,2024-08-15,New York,False,en
9dc7a7d5-862,4a4e9a27,huntjulie,2024-11-11 21:29:56,Reports of ghost voters in several precincts. Must be investigated! ¡Increíble! 🇺🇸,20,156,62,967,2022-05-28,,True,en
a3f0f1f0-957,5c75b196,elizabeth76,2024-11-01 02:33:38,Voter turnout steady in my area.,53,51,86,276,2024-03-30,Los Angeles,False,en-US
f02ac7c0-693,aa71651c,bcrawford,2024-10-31 16:52:39,Update: clean election in my precinct.,41,42,25,389,2014-08-02,Los Angeles,False,en-US
c6e17fe3-3d1,b1836f45,joseph30,2024-10-30 14:29:02,Update: observers confirm fairness in my precinct.,12,179,51,1705,2021-08-14,Los Angeles,False,es
142718b4-9ea,34e1aca0,shanemccarthy,2024-11-07 09:58:30,counting ongoing — official figures incoming.,40,55,14,183,2022-08-17,Los Angeles,False,es
3de303b2-26e,606a73c8,mendozafrank,2024-10-30 01:36:51,Update: clean election in my precinct.,91,29,7,4305,2018-12-12,New York,False,en
f74651e4-277,41f78e3a,lucas35,unknown,poll watchers report — observers reporting orderly process. https://news.site/article,8,88,23,325,2017-08-08,Miami,False,es
6abeccaa-2c9,3a5b6b33,wendy07,2024-11-01 11:38:41,poll watchers report — official figures incoming.,7,24,17,377,2015-02-12,Philadelphia,False,en
036fa9ba-324,23880aba,bookerlawrence,2024-10-31 13:29:37,Reports of count manipulation in several precincts. Must be investigated!,27,358,57,388,2014-01-06,Los Angeles,False,es
b0820e40-4ee,53c70cc5,kevin18,2024-10-30 07:18:55,Reports of ghost voters in several precincts. Must be investigated!,38,159,25,2620,2019-09-01,Houston,False,en
0ad9e87a-540,203c6169,lisa63,2024-11-05 04:14:32,Reports of count manipulation in several precincts. Must be investigated!,115,271,4,2790,2021-08-22,,False,es
13bd11b9-0a7,00fdeb1b,taylorfoster,2024-11-06 18:36:35,Voter turnout steady in my area.,15,31,44,185,2012-02-28,Rural,False,en
575f0e02-2ef,f7076147,prodriguez,2024-11-09 06:38:52,turnout update — observers reporting orderly process. #VoteSafe,100,45,19,469,2021-03-05,Houston,False,en-US
2eef5385-83e,c12dabf2,robersonlaura,2024-11-03 01:10:19,Update: transparent count in my precinct.,27,70,88,245,2017-12-06,Philadelphia,False,en-US
5f72a934-00f,650fa8d8,wrightlindsay,2024-11-02 07:22:15,Update: trust the process in my precinct.,40,73,134,2256,2020-02-15,New York,False,en
e37b3c49-469,d9a69a95,ryanlee,2024-11-03 00:15:25,Update: trust the process in my precinct.,38,51,73,3085,2020-08-02,New York,False,en
b976ef87-6f3,733b92ca,chelseaali,2024-10-27 09:02:39,counting ongoing — observers reporting orderly process.,79,116,30,2351,2018-04-19,Los Angeles,False,en-US
3fdbe387-79a,3b2e4390,adrian11,2024-10-31 12:04:33,Update: clean election in my precinct. #Election2024,34,46,23,383,2021-05-07,New York,False,en
e01a3988-f64,a099d684,swise,2024-10-27 13:40:25,Update: transparent count in my precinct.,62,213,33,438,2011-06-16,Houston,False,es
83c4abaf-ef7,6c3bd99d,jstevens,2024-10-30 12:13:20,early voting numbers — observers reporting orderly process.,53,67,47,1308,2017-01-18,Houston,False,en
f4b24eb1-e99,4539997f,zdiaz,2024-11-05 21:20:38,counting ongoing — observers reporting orderly process. #Election2024,27,41,66,583,2025-09-19,Chicago,False,es
2489f109-d6f,778f1639,kim09,2024-11-02 13:46:25,early voting numbers — observers reporting orderly process.,44,244,27,148,2013-10-19,Chicago,False,en-US
34e99442-c97,37d58615,kimberly68,2024-11-05 00:53:03,ALERT: fraudulent tabulation across precincts — evidence points to fraud. #electionfraud,199,65,14,36334,2023-05-26,Los Angeles,False,en-US
3a12f28b-380,a3700cc3,morenoallen,2024-11-03 09:12:52,Update: trust the process in my precinct.,8,14,3,42589,2024-09-15,Chicago,False,es
f82921a9-fb5,6d9797ac,nnguyen,2024-11-03 12:42:56,Evidence of voter rolls compromised — officials silent. Share widely!,183,425,242,6844,2016-11-18,Los Angeles,False,en-US
25616252-fe1,54e876d0,heatherwatson,2024-11-08 17:35:22,counting ongoing — observers reporting orderly process. #VoteSafe,73,194,26,619,2010-02-18,Houston,False,es
4cfb9d3f-84f,e92a7f4a,gonzalezkimberly,2024-11-04 02:31:35,Update: smooth voting in my precinct.,96,206,29,3097,2014-11-05,Miami,False,es
79ac951b-dbc,4c5b140a,lcooper,2024-10-29 21:19:20,Voter turnout steady in my area.,9,32,91,2093,2018-09-29,Miami,False,en
3deb56be-3dc,d140ed63,eshort,2024-11-02 06:22:00,Update: observers confirm fairness in my precinct. https://news.site/article,80,189,4,403,2011-04-17,,True,en
b2dd5fd3-f07,00cd3dff,jennifer17,2024-10-31 02:28:13,Evidence of count manipulation — officials silent. Share widely! ¡Increíble! 🇺🇸,137,135,32,1063,2025-03-21,New York,True,en-US
5c189f1c-852,45ce8d70,evansdana,2024-10-30 18:41:00,turnout update — observers reporting orderly process.,53,29,9,673,2022-09-26,Chicago,False,en-US
c6a95377-699,f4d473e2,dwalker,2024-11-08 17:24:53,Reports of fraudulent tabulation in several precincts. Must be investigated! ¡Increíble! 🇺🇸,79,318,15,872,2018-02-16,Los Angeles,False,en-US
a87abf2f-57a,5856bdb9,nbailey,2024-10-29 09:24:25,turnout update — observers reporting orderly process.,47,193,81,38895,2023-06-07,Philadelphia,False,en-US
9be5d7ce-fc4,824fbe6f,cruzmelanie,2024-11-07 07:34:24,Update: trust the process in my precinct.,32,163,40,380,2018-06-22,Houston,False,es
c5afc462-4d5,bfe77a4b,fmoon,2024-11-10 00:46:28,Update: observers confirm fairness in my precinct. #VoteSafe,41,34,153,88,2022-05-05,Philadelphia,False,en-US
fd2271d8-e1c,fe322c76,warren67,2024-11-13 20:21:45,Update: observers confirm fairness in my precinct.,60,31,16,134,2024-10-25,Houston,False,en
44679d19-2c3,80c1b71d,ipowell,2024-11-05 21:40:40,counting ongoing — observers reporting orderly process.,10,248,57,474,2022-05-25,Los Angeles,False,en
f34e9794-cf8,8d29bbf1,gsmith,2024-11-11 09:43:50,Reports of fraudulent tabulation in several precincts. Must be investigated! https://news.site/article,72,149,45,5032,2025-05-19,Miami,False,en-US
c2e713a1-66a,3713c05d,selena70,2024-10-30 00:29:26,polling update — observers reporting orderly process.,79,74,26,1191,2016-02-11,New York,False,en-US
2949753f-a25,c730b167,jacob70,2024-11-07 11:38:16,turnout update — observers reporting orderly process.,85,162,119,12317,2023-07-07,Philadelphia,False,es
997cc1f2-015,8539bc8d,bellmichele,2024-10-26 17:57:35,Voter turnout steady in my area. https://news.site/article,56,54,116,149,2021-08-19,Rural,False,en-US
e3abf8a7-1ac,8b88ab7b,brandonsteele,2024-11-08 00:02:59,turnout update — official figures incoming.,42,34,21,771,2013-02-06,,False,en
1de3282c-837,d6579dbe,cmay,2024-11-05 03:31:35,Voter turnout steady in my area.,42,8,9,12643,2025-07-21,New York,False,en-US
4f06a24a-a47,f79dc0b1,weaverjonathan,2024-11-05 08:09:17,Reports of fake ballots in several precincts. Must be investigated!,97,357,106,2994,2020-02-24,Houston,False,en-US
1bbca428-6b1,3da4c721,grahamdeborah,2024-10-29 10:50:16,Reports of voter rolls compromised in several precincts. Must be investigated!,190,17,36,666,2019-12-06,Philadelphia,True,en-US
79dc96cd-a99,0f01dde9,samuel78,2024-11-15 02:43:06,Update: observers confirm fairness in my precinct.,35,98,123,3003,2014-08-21,,False,es
a218185a-3fd,387eee27,wagnerteresa,2024-11-02 08:28:02,polling update — observers reporting orderly process. https://news.site/article,32,258,101,46972,2023-08-05,Rural,False,es
2bb5e36a-ad0,ecc5d893,matthewcoleman,2024-11-06 06:31:57,counting ongoing — observers reporting orderly process.,93,97,52,1343,2011-03-28,Chicago,False,en
26a4a399-a4b,2f5dede9,kmartinez,2024-10-31 01:01:15,Voter turnout steady in my area.,47,28,11,6051,2018-05-19,Philadelphia,False,en-US
d9bd5e1b-be1,5d104c84,lunamegan,2024-11-10 09:42:53,turnout update — official figures incoming. https://news.site/article,20,26,27,871,2013-10-06,Philadelphia,False,en-US
1108dd0e-ef6,c6a3ba1a,schan,2024-11-10 22:56:50,Update: observers confirm fairness in my precinct.,21,8,19,1274,2016-09-07,New York,False,en-US
d4b5dfb7-0a7,c9947b29,christian13,unknown,Update: observers confirm fairness in my precinct.,61,189,5,1630,2020-09-01,Chicago,True,en-US
a4ccfb2a-869,f2a3db66,rgreene,2024-11-09 23:56:43,Evidence of voter rolls compromised — officials silent. Share widely! ¡Increíble! 🇺🇸,118,382,90,10465,2025-03-20,Philadelphia,False,es
42841cbb-433,b93fde51,alicia80,2024-11-03 20:03:15,Voter turnout steady in my area. https://news.site/article,5,60,19,199,2017-01-20,Philadelphia,False,es
10570b7b-919,e81080dc,xjohnson,unknown,Evidence of illegal votes — officials silent. Share widely! ¡Increíble! 🇺🇸,175,288,34,270,2010-02-22,Miami,False,en
b99c1328-ec4,16c11378,shanegonzalez,2024-11-02 20:03:06,ALERT: counting ongoing across precincts — evidence points to fraud. #electionfraud,81,159,114,10059,2025-05-14,,False,es
f69d5f94-833,ecc5d893,matthewcoleman,2024-10-31 18:36:17,Reports of rigged machines in several precincts. Must be investigated!,10,219,52,1343,2011-03-28,Chicago,False,en-US
c52129e3-8a1,203c6169,lisa63,2024-11-13 19:41:34,poll watchers report — observers reporting orderly process. #VoteSafe,2,42,4,2790,2021-08-22,,False,en
60f6ae4c-647,1fc42eb6,gabrielle49,2024-10-26 19:13:28,Update: trust the process in my precinct.,94,41,236,671,2013-06-09,Philadelphia,False,en-US
7abc38b0-7f6,26e45372,fstrickland,2024-11-06 11:04:11,Update: trust the process in my precinct.,86,205,20,185,2014-06-19,Miami,False,es
bfc8a3f3-034,031950ef,obrienmatthew,2024-11-13 08:03:35,Update: observers confirm fairness in my precinct. https://news.site/article,12,183,9,671,2012-04-12,Rural,False,en-US
6ee94436-37a,39034fee,wellsrichard,2024-10-31 20:12:07,Voter turnout steady in my area.,22,63,3,1001,2013-01-01,Rural,False,es
866d4a52-50e,3713c05d,selena70,2024-11-12 01:53:50,Voter turnout steady in my area.,32,45,26,1191,2016-02-11,New York,False,en
8299fcc3-ad3,f845cb17,andrepatterson,2024-11-13 04:46:42,Reports of ghost voters in several precincts. Must be investigated!,45,73,13,1183,2018-01-24,Miami,False,es
9377f921-2e8,f539ca55,wyatttiffany,2024-11-14 01:58:42,Update: observers confirm fairness in my precinct.,86,127,5,1771,2018-09-23,New York,False,en
b7e4a880-c65,9c3757f2,higginscheryl,2024-11-02 18:38:24,Evidence of ghost voters — officials silent. Share widely!,38,301,33,767,2009-05-29,Miami,True,es
5a80e797-2b9,b5f531c2,andrea10,2024-11-02 00:02:48,fake ballots found in vote tallies (247 suspicious) #Election2024,67,374,18,146,2016-06-25,Chicago,False,en
b81d6a35-dc6,a9623259,kellerjustin,2024-11-03 18:35:53,polling update — observers reporting orderly process. #VoteSafe,100,204,284,119,2021-02-22,Los Angeles,True,en
0f125f55-8bf,78dbbb72,iananderson,2024-11-07 17:04:35,Update: transparent count in my precinct.,1,223,24,1171,2020-11-13,Houston,False,en
20e34161-49d,41b035bb,ryanrivera,2024-11-09 16:53:22,polling update — observers reporting orderly process.,48,61,19,377,2020-11-30,Rural,False,en
cc4f39e9-fd4,817389a8,pwebb,2024-11-08 09:36:36,Evidence of fake ballots — officials silent. Share widely!,197,63,176,315,2014-01-06,Rural,True,en
576a2897-e09,05e458e6,franciserica,2024-10-29 01:29:46,Update: trust the process in my precinct. #Election2024,59,144,29,282,2016-08-20,Houston,False,en-US
2d578028-cf6,bfe77a4b,fmoon,2024-10-26 07:13:36,Evidence of fake ballots — officials silent. Share widely!,140,406,153,88,2022-05-05,Philadelphia,False,en-US
1648c130-6d1,7c261296,michael66,10/29/24 03:10 PM,polling update — official figures incoming.,18,36,76,82,2018-10-19,Rural,False,en-US
2efe165e-f32,e5739589,gbeck,2024-11-10 22:51:51,Reports of count manipulation in several precincts. Must be investigated! ¡Increíble! 🇺🇸,65,301,21,89,2024-08-15,New York,True,en
91df00c1-6d6,1c888bd7,austinhernandez,2024-11-08 14:08:37,Evidence of ghost voters — officials silent. Share widely! ¡Increíble! 🇺🇸,197,106,5,14,2012-11-02,New York,False,es
313411eb-40e,df84be53,mercadojanet,2024-10-28 03:03:27,early voting numbers — official figures incoming.,63,97,228,521,2016-05-09,Philadelphia,True,en
7c445082-2df,b2c821ef,joshua57,2024-10-31 03:49:32,polling update — observers reporting orderly process.,129,269,192,313,2023-11-07,Houston,False,en-US
aa5a7691-491,c12dabf2,robersonlaura,2024-11-01 19:33:32,voter rolls compromised found in vote tallies (76 suspicious),98,220,88,245,2017-12-06,Philadelphia,False,es
0735e805-b62,75d60e28,andersonbrandy,2024-11-07 09:59:58,ALERT: voter rolls compromised across precincts — evidence points to fraud. #electionfraud,319,599,63,809,2015-05-25,Philadelphia,False,es
8d81e5a8-f91,cc45c36d,reidchristopher,2024-11-02 02:26:32,count manipulation found in vote tallies (120 suspicious) ¡Increíble! 🇺🇸,205,218,91,452,2019-10-10,Philadelphia,False,en
1c95d427-4da,0f0cb2cd,vhall,2024-10-31 20:12:55,turnout update — observers reporting orderly process.,30,32,48,7910,2012-05-06,Miami,False,es
959d5b90-225,f539ca55,wyatttiffany,2024-11-10 12:44:34,Voter turnout steady in my area. https://news.site/article,25,75,5,1771,2018-09-23,New York,False,es
32bff1f5-449,98f3a2d8,eric86,2024-11-04 10:37:15,Update: smooth voting in my precinct.,51,15,26,279,2021-09-07,Houston,False,en-US
fe67d9da-581,ca9d1d46,megan66,2024-10-28 18:33:37,Voter turnout steady in my area.,19,21,36,1280,2020-03-04,New York,False,es
a2dfad88-d62,7baad821,michelleharris,11/07/24 11:31 AM,Update: transparent count in my precinct.,59,128,49,201,2020-12-04,Rural,False,es
b2955c95-836,42b2c5d6,djohnson,2024-11-06 05:07:56,Update: observers confirm fairness in my precinct. #VoteSafe,61,160,22,1939,2024-02-23,Miami,False,en
746a026c-b11,9ac0790a,merrittmichael,2024-11-02 08:09:20,turnout update — observers reporting orderly process. https://news.site/article,91,79,26,526,2019-06-12,Houston,False,es
98e6fd85-b8e,017be449,patrickhall,2024-10-31 19:37:39,Voter turnout steady in my area. https://news.site/article,11,18,26,22520,2024-06-24,Houston,False,en
f231fd1b-54b,4d18acf9,brownchristian,2024-11-07 07:43:31,Evidence of ghost voters — officials silent. Share widely!,187,278,7,13272,2010-09-24,Houston,False,es
56b13c85-d6e,8b2c2e93,blanchardcassie,2024-11-14 10:54:09,Evidence of ghost voters — officials silent. Share widely!,131,122,34,776,2020-05-08,Chicago,False,en-US
19355e44-563,26a44ae8,austingarrett,2024-11-15 01:12:05,poll watchers report — observers reporting orderly process.,44,118,81,853,2025-03-04,Rural,False,en-US
2b2a4217-83f,7cd374aa,bowenalexandra,2024-11-13 17:07:47,polling update — observers reporting orderly process.,91,105,72,26464,2025-03-07,Chicago,False,en
8dd920e1-b79,3bdad10d,breyes,2024-11-03 10:23:30,Reports of rigged machines in several precincts. Must be investigated!,54,84,0,622,2018-09-03,Philadelphia,False,es
41f8e83b-228,c8c63bd9,kelsey82,2024-11-04 22:33:26,Update: clean election in my precinct.,68,133,41,31,2015-05-27,,True,en
c1b257de-307,08c56753,hcooper,2024-10-31 14:40:34,polling update — official figures incoming.,44,64,70,90,2015-10-10,,False,en
7b60afa0-abf,7cd33e96,laurie69,2024-11-10 16:35:56,Update: smooth voting in my precinct. #Election2024,67,7,13,1155,2024-03-19,Philadelphia,False,en
50f89f84-10f,ad117feb,masonjohn,2024-11-15 02:36:47,Voter turnout steady in my area.,12,79,9,673,2015-05-19,,False,en-US
e7f9c2e1-185,4db19b1e,matkinson,2024-10-27 01:56:23,Update: transparent count in my precinct.,74,175,157,5441,2010-02-11,Rural,True,en
c3b073f7-b19,9fa81bcd,henryross,2024-11-08 10:04:24,polling update — observers reporting orderly process.,85,231,49,153,2022-01-15,Chicago,False,en-US
85d942d3-c23,69ae22f2,charlesmoore,2024-10-27 16:14:32,poll watchers report — observers reporting orderly process.,32,215,26,1469,2011-08-24,Rural,False,en
b19470d7-916,c0088db8,jenniferwilliams,2024-11-03 07:03:21,Update: clean election in my precinct.,92,230,108,1507,2017-06-08,Chicago,False,es
ce649bb5-08d,43971552,melissa45,2024-11-03 08:44:54,Update: clean election in my precinct.,98,234,25,1246,2012-08-07,Los Angeles,False,en-US
258df185-c0a,6335b3db,daniel09,2024-11-05 05:13:32,turnout update — observers reporting orderly process.,39,121,34,205,2019-06-06,Miami,False,en
e7223497-528,5408d0f8,dillonreyes,2024-11-10 13:25:28,early voting numbers — observers reporting orderly process.,97,81,62,4229,2021-06-15,Miami,False,es
a1401894-d0b,1aedd255,brian78,2024-11-14 13:21:27,turnout update — observers reporting orderly process.,30,9,29,4030,2014-05-23,New York,False,en-US
5a258429-e5e,ab0fbbd2,valenciaalan,2024-11-05 02:55:02,ballot stuffing found in vote tallies (499 suspicious),159,344,25,8858,2022-01-02,Philadelphia,False,en-US
864cdd6f-e9b,13b8b1f9,alexandra71,2024-10-29 09:16:22,polling update — official figures incoming. #VoteSafe,55,61,88,2757,2013-02-19,Rural,False,en
fa2a9036-989,f15dfaa5,ujenkins,2024-11-11 09:19:45,Update: transparent count in my precinct. #Election2024,36,244,20,850,2009-06-27,Miami,False,en
22b10851-553,782be86e,jennifernguyen,2024-11-13 10:12:43,Evidence of fake ballots — officials silent. Share widely!,104,126,9,1360,2015-08-17,,False,es
ef37bcb0-161,68a76ff9,flynnkenneth,2024-11-07 00:03:22,polling update — observers reporting orderly process. #VoteSafe,54,30,153,4678,2010-01-11,Houston,False,en-US
dfc0ea51-3bc,3dcf6b84,noah90,2024-11-02 19:59:36,ALERT: counting ongoing across precincts — evidence points to fraud. #investigate,107,453,8,242,2009-09-27,,False,en
5d2198fd-142,b5fdcc87,seanray,2024-11-12 03:00:48,poll watchers report — observers reporting orderly process. #Election2024,54,44,38,194,2013-06-16,Chicago,False,en-US
2a08e032-701,ca9d1d46,megan66,2024-11-11 14:28:26,polling update — observers reporting orderly process.,32,61,36,1280,2020-03-04,New York,False,en
1dfc2ecc-fd6,85e9a98d,marthajackson,2024-11-10 17:39:28,poll watchers report — official figures incoming.,6,27,18,203,2010-01-22,Miami,False,en
ec87b109-99d,e3b13ad1,kenneth93,2024-10-26 12:26:41,ghost voters found in vote tallies (14 suspicious),168,61,103,49202,2023-11-15,Chicago,False,en-US
0cd0005c-211,3174e9e4,reesekristen,2024-10-26 16:30:09,Update: smooth voting in my precinct.,37,44,13,74,2016-06-23,Miami,False,en-US
281e3c29-596,7d783951,alison23,2024-10-27 13:54:18,polling update — observers reporting orderly process.,103,73,43,42746,2025-04-13,Philadelphia,False,en
c5c92880-1bc,cc5b74e6,pprice,unknown,Update: smooth voting in my precinct. https://news.site/article,96,115,17,1027,2015-06-10,Rural,False,es
6734d47b-3b5,43d512f0,carlwhite,unknown,Update: smooth voting in my precinct.,35,241,70,292,2011-10-12,New York,False,en
5f018e97-81b,6b8cd6fd,jessica11,2024-11-06 04:08:26,Voter turnout steady in my area.,23,6,29,186,2010-03-27,Rural,True,en
b5239f53-4fd,aba29809,jordanjeff,2024-11-09 16:12:14,polling update — official figures incoming.,36,49,72,31950,2023-05-21,Los Angeles,True,en
1d47e6f6-abb,cfbf5b4e,juan46,2024-11-09 13:51:26,Update: clean election in my precinct. #VoteSafe,80,223,110,21416,2025-04-07,,True,en
630100f6-d6c,55540cdf,alexmendoza,2024-11-14 03:03:13,Reports of ghost voters in several precincts. Must be investigated!,96,126,185,565,2010-02-03,Philadelphia,False,en
7aa8029f-feb,93585c8c,ibrewer,2024-11-03 05:58:32,Reports of rigged machines in several precincts. Must be investigated!,57,80,60,2631,2010-03-01,New York,False,es
53d29fb4-419,f01680fe,ruizsharon,2024-11-03 05:36:09,counting ongoing — official figures incoming.,15,42,61,12173,2023-10-29,Miami,False,en-US
18fd9442-559,c07cb750,ravenrobbins,2024-11-11 07:01:57,Evidence of ballot stuffing — officials silent. Share widely! ¡Increíble! 🇺🇸 https://news.site/article,120,221,118,1293,2014-09-16,New York,False,en
a127a774-38f,50521282,matthew58,2024-11-08 07:28:33,Reports of count manipulation in several precincts. Must be investigated! ¡Esto es falso!,164,154,31,1995,2014-12-24,Philadelphia,False,es
fbc9766c-bc4,7077726d,bperez,11/08/24 05:11 PM,ALERT: count manipulation across precincts — evidence points to fraud. #electionfraud,43,569,14,1098,2016-02-14,Philadelphia,False,es
5dda0b86-2b5,5551a3a5,thomas25,2024-11-14 20:22:21,Update: smooth voting in my precinct. #Election2024,42,186,25,148,2015-07-10,,False,es
b421004e-c67,62e4ec44,lisacunningham,2024-11-10 19:13:26,ALERT: poll watchers report across precincts — evidence points to fraud. #investigate,347,361,164,237,2022-10-13,Chicago,False,es
e6c499b4-6f7,38d65e59,abriggs,2024-10-26 09:55:29,Update: observers confirm fairness in my precinct.,79,34,14,50,2020-08-09,Philadelphia,False,en
0653a06c-5a1,b5fdcc87,seanray,2024-10-29 02:33:39,turnout update — official figures incoming.,23,13,38,194,2013-06-16,Chicago,False,en
9625b28d-5b0,3626f336,nicole74,2024-11-05 15:11:31,polling update — observers reporting orderly process.,71,114,14,513,2024-09-09,Miami,False,en
568fc459-cb6,23f27f9b,dawncollins,2024-10-28 08:37:53,polling update — observers reporting orderly process. #VoteSafe,67,29,30,496,2012-07-30,Rural,True,es
bfdf4df8-38b,797065d6,luiscooper,2024-10-26 14:20:00,poll watchers report — observers reporting orderly process.,43,13,28,1064,2019-01-11,Chicago,False,es
038de034-034,b1836f45,joseph30,2024-10-26 17:51:36,Update: clean election in my precinct.,51,254,51,1705,2021-08-14,Los Angeles,True,en
01ea97ed-436,277c1e6f,walkerkayla,2024-10-30 00:48:45,poll watchers report — observers reporting orderly process. #VoteSafe,93,133,22,172,2016-03-02,Chicago,True,es
d6e03b96-5d6,3b971fa7,jimenezgregory,10/26/24 05:16 PM,Update: observers confirm fairness in my precinct. #VoteSafe,13,228,79,30285,2023-11-07,Los Angeles,False,es
4615c320-938,fa7ea260,charles88,2024-11-05 00:53:10,ALERT: fraudulent tabulation across precincts — evidence points to fraud. #electionfraud,324,27,143,636,2017-02-16,New York,True,en
e5b03549-b90,5e061c8b,bmiller,2024-11-12 02:00:42,early voting numbers — observers reporting orderly process.,80,164,82,174,2025-02-21,Los Angeles,False,es
3aaf0733-ebe,3eb685b3,leslienavarro,2024-10-27 07:49:43,Voter turnout steady in my area.,13,56,12,56,2009-07-14,Houston,False,en
e3a7be81-260,54ba74a9,mgalvan,2024-11-13 11:02:19,Evidence of voter rolls compromised — officials silent. Share widely!,34,373,16,236,2015-03-27,Miami,False,en
614fcf23-e38,52322f9f,todd49,2024-11-07 23:11:46,poll watchers report — observers reporting orderly process.,71,172,104,614,2015-01-29,Chicago,False,en
9f3949a1-2f0,3ef2c9d2,briannaowens,2024-11-13 01:08:48,Update: trust the process in my precinct.,94,215,110,350,2009-12-12,Chicago,False,en-US
b05a270f-7c3,0d80ab4c,julia75,unknown,Update: clean election in my precinct.,46,77,29,3015,2020-06-15,Los Angeles,False,es
548b3ab9-59f,cd862dbc,hdavis,2024-10-31 17:56:04,Update: smooth voting in my precinct.,82,28,32,1812,2018-10-19,Philadelphia,False,es
4843f980-c8f,b0d8b2f1,molinastephanie,2024-10-30 23:44:49,Update: transparent count in my precinct.,45,192,4,1137,2010-01-13,New York,False,en-US
51839f3d-d01,48b5c50f,william09,2024-11-14 01:56:59,Evidence of illegal votes — officials silent. Share widely! ¡Increíble! 🇺🇸,61,258,51,428,2022-09-01,Rural,False,en
3a3c897e-8af,4a69f172,shanehutchinson,2024-11-12 11:04:28,Evidence of fraudulent tabulation — officials silent. Share widely!,119,176,12,1420,2014-05-16,Houston,False,en
a736adbb-346,337e36d7,smartin,2024-11-06 15:42:29,illegal votes found in vote tallies (426 suspicious),122,338,46,705,2021-01-31,Los Angeles,False,en-US
5708cb48-b11,2fda970b,nguyenjason,2024-11-15 06:01:08,polling update — official figures incoming.,57,28,51,684,2019-01-10,Philadelphia,False,en-US
f360898e-daa,add291d7,patrickreyes,2024-11-10 05:52:54,Update: smooth voting in my precinct. #Election2024 ¡Esto es falso!,23,77,6,3243,2023-10-30,,False,es
69defc4c-ad4,e544952d,timothy52,2024-11-13 10:25:56,ALERT: poll watchers report across precincts — evidence points to fraud. #electionfraud,49,428,46,660,2023-04-13,Miami,True,en-US
9f26170a-c3e,045ae0dd,gmcbride,2024-11-03 21:10:15,Update: trust the process in my precinct. #Election2024,12,127,3,788,2013-01-02,New York,False,es
cc7d57ac-724,e470c3d6,qadams,unknown,illegal votes found in vote tallies (268 suspicious),157,112,53,29,2018-02-07,,False,es
c778a6f8-2d9,f15dfaa5,ujenkins,2024-11-13 15:47:49,Voter turnout steady in my area.,22,68,20,850,2009-06-27,Miami,False,en-US
217c3720-1b0,54a8287a,vgutierrez,2024-11-06 08:52:53,Reports of voter rolls compromised in several precincts. Must be investigated!,119,167,11,447,2024-05-28,New York,False,en-US
eec16dac-690,70091684,michaeldavis,2024-11-15 04:28:23,polling update — official figures incoming.,18,43,50,2340,2015-02-11,New York,False,es
6785912d-ce3,694be2eb,tyler46,2024-11-12 15:03:26,early voting numbers — official figures incoming. #Election2024,2,44,11,688,2025-02-09,Miami,True,es
0c30692e-2d2,903cc190,uhuerta,2024-10-31 19:12:38,Update: smooth voting in my precinct.,21,188,1,750,2022-07-31,Rural,True,en
0ffb0c3a-314,fc6a9dea,alexaskinner,2024-11-12 16:08:57,poll watchers report — observers reporting orderly process.,114,66,301,1885,2018-03-29,Chicago,False,es
0c2bdda8-110,d410b304,aaronpena,2024-11-05 22:55:09,Update: trust the process in my precinct. #VoteSafe,108,194,134,104,2025-08-07,Houston,False,en-US
89c4adae-d9a,0cebe8cb,banderson,2024-11-01 12:18:30,poll watchers report — observers reporting orderly process.,49,238,60,53,2009-07-25,Houston,False,en-US
7c6a5337-4e6,26c6695e,erinmontes,2024-10-28 18:10:25,Evidence of count manipulation — officials silent. Share widely!,43,181,87,248,2022-06-27,Houston,False,en
ee512837-b4c,6d95c6bd,johngray,2024-11-10 10:18:55,counting ongoing — observers reporting orderly process.,45,163,130,444,2023-07-09,Chicago,False,es
f2137195-e50,3d977508,jordandarren,unknown,counting ongoing — observers reporting orderly process.,41,4,8,383,2011-08-11,Rural,True,en-US
59b31441-72a,48b5c50f,william09,2024-11-12 15:31:37,early voting numbers — observers reporting orderly process.,20,31,51,428,2022-09-01,Rural,False,en
0fddbe66-e16,df84be53,mercadojanet,2024-10-29 12:00:01,Update: clean election in my precinct.,86,255,228,521,2016-05-09,Philadelphia,False,es
e3fb0fe9-5ac,859557bb,christiankatherine,unknown,early voting numbers — observers reporting orderly process.,12,226,20,434,2015-05-19,Rural,True,es
f4256239-fad,5546aa15,bosborne,2024-10-27 23:30:22,Update: transparent count in my precinct.,13,67,6,226,2011-05-15,Miami,False,es
4f2346ad-565,86d544c7,alexwashington,2024-10-31 23:02:54,early voting numbers — official figures incoming.,39,38,15,15966,2023-12-16,,False,es
f5056aa3-eab,9c3757f2,higginscheryl,2024-11-08 12:31:03,ghost voters found in vote tallies (128 suspicious) ¡Increíble! 🇺🇸,46,376,33,767,2009-05-29,Miami,False,es
b272795a-d2d,60b5011e,fcruz,2024-11-04 08:46:23,Update: clean election in my precinct.,87,179,30,2054,2024-03-16,Philadelphia,False,en-US
0502a855-a6c,8f0fa241,penaraymond,2024-11-10 06:20:38,Update: trust the process in my precinct.,92,128,13,447,2023-09-24,Los Angeles,False,en-US
f0c9fa94-3e9,43032cfc,david52,2024-11-13 06:18:22,Update: observers confirm fairness in my precinct.,62,217,77,8554,2022-09-08,Houston,False,en-US
408d352c-96b,fc6b865a,emilyhart,2024-11-13 14:41:12,Reports of fake ballots in several precincts. Must be investigated!,52,339,86,78,2020-09-17,Chicago,False,en
c779b0f2-c86,8076dce6,fmack,2024-10-29 22:08:20,early voting numbers — observers reporting orderly process.,61,149,19,5661,2014-07-05,Houston,False,en
e1b08adf-375,43fb7d66,shannonglenn,2024-11-06 05:59:49,Voter turnout steady in my area. #VoteSafe,13,68,20,975,2012-05-26,Los Angeles,True,en
3d859a4c-d03,bf3eb33d,mary57,2024-11-10 14:00:22,polling update — observers reporting orderly process.,69,53,1,101,2023-10-15,Philadelphia,True,en-US
6deecdc6-955,fe4ab2b7,robert16,2024-11-04 05:18:07,polling update — official figures incoming.,46,4,69,76,2020-12-27,,False,es
504f26ad-5c3,2bae31a8,lucas27,2024-11-01 05:29:07,early voting numbers — observers reporting orderly process.,65,23,45,2177,2023-02-19,New York,False,es
bc489246-b0b,e7d2f6f1,brittanydavis,2024-11-02 22:03:46,Voter turnout steady in my area.,2,70,41,1154,2010-02-28,,False,en-US
c15f7ade-be4,6e15df23,jerry88,2024-10-31 03:17:28,turnout update — observers reporting orderly process.,92,193,43,675,2018-11-25,Houston,False,en
5bc5224b-5ea,106ecdfd,natalie70,2024-11-03 19:04:17,Reports of count manipulation in several precincts. Must be investigated! #Election2024,61,255,49,3081,2020-04-29,Philadelphia,True,en
a279244f-b0d,a399c02c,elizabethwilson,2024-10-29 22:13:58,Voter turnout steady in my area.,44,41,221,15496,2016-07-26,Miami,False,es
0764563d-f71,d1c5aba4,ronald96,2024-10-26 11:49:43,Reports of ballot stuffing in several precincts. Must be investigated! ¡Increíble! 🇺🇸,12,139,15,121,2013-05-14,Houston,False,en
527f2bfd-c25,75be4e22,gonzaleznancy,2024-10-27 18:31:06,Update: trust the process in my precinct.,46,119,7,32,2021-06-28,Philadelphia,False,en-US
e4886e29-57e,b5f531c2,andrea10,2024-11-11 16:04:21,polling update — observers reporting orderly process.,86,188,18,146,2016-06-25,Chicago,False,en-US
7ba59bfc-882,813e8827,paulperez,2024-11-06 17:33:33,turnout update — observers reporting orderly process. #Election2024,62,102,8,476,2010-06-23,Rural,False,es
06792743-052,2e9f866d,cindyburke,2024-11-07 21:34:18,polling update — observers reporting orderly process.,60,169,95,1333,2024-04-19,,False,en-US
9c726b52-b38,ed0ea3f2,conleyannette,2024-11-09 13:48:37,early voting numbers — observers reporting orderly process. #Election2024,41,203,180,64,2019-05-16,,False,en-US
7a272c8e-398,66f7d39a,whitneyjenkins,2024-11-07 01:33:01,counting ongoing — observers reporting orderly process.,26,68,150,2839,2013-05-23,,False,en
2d23fb49-8ee,e61b6a07,zwalker,2024-11-10 13:29:09,voter rolls compromised found in vote tallies (118 suspicious),109,359,46,530,2021-07-26,Philadelphia,False,en-US
dd254b28-d8f,7b6ba5e7,ujohnson,2024-11-03 08:28:32,polling update — observers reporting orderly process.,55,82,89,8200,2009-06-14,Los Angeles,False,en
832fb4da-88f,c8c63bd9,kelsey82,10/29/24 11:26 AM,poll watchers report — observers reporting orderly process.,41,99,41,31,2015-05-27,,True,es
a685d96d-7a8,50ddefbd,julierhodes,2024-11-06 18:54:02,Update: trust the process in my precinct.,24,97,17,728,2012-09-07,New York,False,es
3046cbc1-1fa,582878ba,caldwellkara,2024-10-29 19:52:49,early voting numbers — official figures incoming. #Election2024,27,53,1,911,2020-05-02,Philadelphia,True,en-US
b53ba2cd-312,201507be,foxjames,2024-11-03 22:12:23,Voter turnout steady in my area.,45,79,8,80,2012-03-15,Chicago,True,en
89451cc9-a4e,546b84b1,bdaniels,2024-11-05 05:11:32,counting ongoing — observers reporting orderly process. #VoteSafe,28,161,223,80,2017-05-16,Philadelphia,False,en
f93f8864-60d,86025868,smithbrandon,2024-11-09 22:24:20,illegal votes found in vote tallies (397 suspicious) ¡Increíble! 🇺🇸,115,346,20,52,2017-09-20,Houston,False,en-US
da64c64f-f03,486e0131,vicki16,2024-10-26 15:31:54,illegal votes found in vote tallies (492 suspicious),122,114,14,138,2016-04-17,Philadelphia,False,en-US
db16b714-424,f0c1f595,powersbrianna,2024-10-29 06:11:31,Update: smooth voting in my precinct.,39,245,45,262,2010-12-29,Miami,False,en-US
c5e2c28a-3cc,0224700c,sarahholt,2024-11-09 01:48:11,Reports of ghost voters in several precincts. Must be investigated! https://news.site/article,138,230,11,524,2010-08-12,Houston,False,en
a7ddc9d1-4d1,40fb60ac,johncobb,2024-11-02 08:36:58,Update: trust the process in my precinct.,28,56,13,211,2023-02-02,,False,en-US
22fef6d9-e3a,8ade15ea,catherine80,2024-11-14 03:40:45,counting ongoing — observers reporting orderly process.,34,37,66,215,2017-02-25,New York,False,en
60b49a50-361,52322f9f,todd49,2024-11-14 04:27:56,Voter turnout steady in my area.,10,78,104,614,2015-01-29,Chicago,False,en
8a4226ae-28a,a04e8f72,rebeccapatrick,2024-11-09 11:07:22,turnout update — observers reporting orderly process.,19,201,4,249,2016-03-01,Chicago,False,en
6883cc70-73c,0d588991,bnguyen,2024-11-03 19:04:03,Update: trust the process in my precinct.,77,42,77,1432,2015-03-20,Los Angeles,False,en-US
523c7798-80c,d33b0e80,jmckee,2024-11-13 15:53:07,Update: clean election in my precinct.,84,65,24,444,2013-01-11,Philadelphia,False,en
0f0a3f03-0a5,0764401b,michael71,2024-10-31 20:20:05,Update: observers confirm fairness in my precinct.,19,217,18,176,2024-03-24,Chicago,False,es
19e7952b-d53,16ca1b57,landrews,2024-10-30 18:21:46,polling update — official figures incoming.,47,24,9,124,2019-04-28,Houston,False,es
53e9ac66-874,9f05acbd,tjones,2024-11-11 03:05:23,ALERT: turnout update across precincts — evidence points to fraud. #investigate,342,128,14,148,2021-05-22,Houston,False,es
185c24ff-5a8,444f3791,henryjohnson,2024-10-27 19:40:05,Voter turnout steady in my area.,27,75,6,8057,2014-10-23,Los Angeles,False,en-US
65f5680c-fe4,1c7664d1,joseph87,2024-11-02 11:10:12,turnout update — official figures incoming.,51,47,30,703,2011-12-17,Los Angeles,False,en-US
40ea035b-eae,beacfe8d,darrell04,2024-11-01 18:28:31,poll watchers report — observers reporting orderly process.,14,225,8,845,2025-02-20,Chicago,False,en-US
105048ab-003,42d330ba,robert50,11/05/24 09:45 PM,counting ongoing — observers reporting orderly process.,86,77,77,3152,2011-07-21,Los Angeles,False,en
0af761af-00f,b9b4d67c,cherylsmith,2024-10-31 22:28:49,Reports of fraudulent tabulation in several precincts. Must be investigated! ¡Increíble! 🇺🇸,73,312,50,2422,2019-03-21,Chicago,False,es
b64788f7-b54,8ef425a4,baileychristian,2024-11-10 05:45:59,Update: transparent count in my precinct.,74,18,33,1446,2025-08-29,Miami,False,es
78d585ac-d00,9f23929c,george52,10/29/24 04:07 AM,turnout update — official figures incoming.,26,47,124,2862,2014-09-03,,False,en
e37dc7f4-43e,5cfd7380,chelseastewart,2024-11-07 14:14:44,polling update — official figures incoming.,27,80,15,171,2016-09-22,,False,en
31b9b61a-add,6b373357,xmcknight,2024-11-06 04:56:42,poll watchers report — observers reporting orderly process.,39,183,131,35,2013-04-23,Houston,False,en-US
0975ae9a-86b,26776c00,xfernandez,2024-11-13 21:35:12,Evidence of rigged machines — officials silent. Share widely! ¡Increíble! 🇺🇸,79,324,26,747,2023-09-09,New York,True,es
b4eb1ea3-7d2,b350d5c3,jerry83,2024-11-14 10:34:50,early voting numbers — observers reporting orderly process.,21,88,73,838,2024-03-19,Rural,False,en-US
18d9bfb5-eb7,0b808b65,harrisdana,2024-11-08 15:32:58,polling update — official figures incoming.,14,34,16,99,2013-03-04,Chicago,False,es
0409400a-66c,61b871f3,andrea51,2024-10-26 22:51:33,Update: transparent count in my precinct.,86,206,135,369,2024-02-29,Miami,False,es
b02ca9c0-a8f,2180cd7f,emilysanders,2024-11-15 02:00:10,Voter turnout steady in my area. https://news.site/article,6,25,17,130,2018-08-28,,False,en-US
86a774e8-43c,3403dad5,wrightcolleen,2024-11-04 18:21:08,turnout update — observers reporting orderly process.,45,221,40,3156,2017-08-09,Houston,False,en-US
bf2b5c25-8bb,a1d97c99,bradybrad,2024-10-28 08:34:54,Evidence of fraudulent tabulation — officials silent. Share widely!,85,164,71,222,2024-04-18,Rural,True,en
d8fc61ba-c48,a1eb8b3e,benjamin81,11/03/24 07:04 AM,early voting numbers — observers reporting orderly process.,61,232,8,1517,2017-02-16,Los Angeles,True,en-US
242798a9-40b,869c9115,dking,2024-11-06 04:17:23,Update: transparent count in my precinct.,28,89,29,277,2010-03-17,,False,es
163365dd-50b,9b865734,janicecurry,2024-11-07 08:34:56,Evidence of fraudulent tabulation — officials silent. Share widely! ¡Increíble! 🇺🇸,75,83,112,1085,2014-02-01,Philadelphia,True,es
93d0e9b0-b8e,f375f7ac,ggaines,2024-11-07 23:50:27,turnout update — observers reporting orderly process.,45,129,4,131,2019-12-15,Philadelphia,False,es
b6b0f488-f1e,4ff6ce4e,hannamichael,2024-11-06 03:50:23,voter rolls compromised found in vote tallies (129 suspicious),132,189,347,2406,2009-09-06,Los Angeles,False,en-US
540058ab-330,1b5abd8d,lauraramirez,2024-11-08 08:29:26,Update: trust the process in my precinct.,50,100,7,281,2022-08-31,Los Angeles,False,es
1a7afee7-094,4499676c,lrodriguez,2024-11-12 23:11:51,early voting numbers — observers reporting orderly process.,73,200,28,188,2011-01-27,Miami,False,en-US
d34db792-c29,2c64aa42,cynthia06,2024-10-31 13:21:01,Voter turnout steady in my area.,22,6,24,464,2010-08-05,,True,es
d031fcc4-581,1b7e54f1,danielking,2024-10-26 16:34:54,Update: clean election in my precinct. https://news.site/article,102,100,273,3389,2010-08-26,Los Angeles,False,en-US
20e9b1cf-8f5,2140acbf,richardwatkins,2024-11-01 22:58:53,Update: clean election in my precinct.,89,230,22,1939,2019-11-09,Philadelphia,False,en
6aeccc1d-bd8,cf4c3448,collinsmegan,2024-11-10 09:25:42,turnout update — observers reporting orderly process.,41,128,39,158,2018-05-11,Philadelphia,False,es
b1b8fac7-3ce,d4c1e596,hillcatherine,2024-10-27 03:38:34,Voter turnout steady in my area. #Election2024,1,22,5,241,2025-09-02,Rural,False,es
6a092f06-f7b,70091684,michaeldavis,2024-10-28 15:57:23,Evidence of ghost voters — officials silent. Share widely!,148,108,50,2340,2015-02-11,New York,False,en
998d18d4-060,b3057248,christinebailey,2024-11-01 10:44:13,Voter turnout steady in my area. #Election2024,32,72,36,389,2011-03-08,Chicago,True,es
0eb67827-87e,05e458e6,franciserica,2024-11-13 07:29:27,Voter turnout steady in my area.,9,34,29,282,2016-08-20,Houston,False,en
089718d9-393,ca6ab899,matthew54,2024-11-07 00:37:29,polling update — official figures incoming.,40,5,30,1552,2019-09-24,New York,False,es
32a17057-b90,553da4a2,hudsonjoseph,2024-11-07 09:08:38,turnout update — official figures incoming.,35,71,38,74,2018-09-08,New York,True,en
b183177a-c1d,441e50ef,tammy09,2024-11-08 02:33:44,counting ongoing — observers reporting orderly process.,11,148,3,461,2021-01-17,Miami,False,es
d27bd5c3-cf5,961da88c,bettysolomon,2024-10-29 18:39:26,count manipulation found in vote tallies (39 suspicious),83,366,17,1689,2009-11-19,,True,en-US
c511a0fc-f5c,57ea7860,oconnorsteven,2024-11-09 06:10:12,Reports of ghost voters in several precincts. Must be investigated! ¡Increíble! 🇺🇸,44,219,131,2996,2016-11-02,Rural,False,en
8cb1f17f-f14,00f547e2,khall,2024-10-28 03:00:42,Reports of fraudulent tabulation in several precincts. Must be investigated!,73,17,108,211,2019-09-17,Houston,False,es
e28ebea5-36b,04abde99,mcurry,2024-10-30 05:16:25,counting ongoing — observers reporting orderly process.,86,95,49,172,2024-10-10,Rural,False,en
b3af640b-db0,9e0bfac8,chandlercalvin,11/07/24 04:49 PM,Update: observers confirm fairness in my precinct.,33,132,54,1524,2010-08-23,Miami,True,es
3d2db74a-a9d,f9a0b58f,tdaniels,unknown,Voter turnout steady in my area.,39,19,53,6174,2023-08-08,Houston,True,es
48b4562a-617,1da1a187,olsonthomas,2024-10-31 22:53:42,Reports of rigged machines in several precincts. Must be investigated! ¡Increíble! 🇺🇸 #Election2024,1,98,5,2719,2012-03-11,Los Angeles,True,en-US
4142cd11-c52,57ea7860,oconnorsteven,2024-10-29 16:52:39,Update: trust the process in my precinct.,81,221,131,2996,2016-11-02,Rural,True,en
e25ab00e-626,38096daf,sphillips,unknown,Voter turnout steady in my area.,49,63,128,1530,2013-09-26,Los Angeles,False,en-US
46ccd07c-154,25c2f68a,zwebb,2024-11-12 00:52:23,Voter turnout steady in my area.,48,72,5,56,2012-11-30,Miami,False,en
5d9009b7-950,166b8ee3,willismonica,2024-10-27 16:33:28,Update: observers confirm fairness in my precinct.,82,242,13,193,2015-09-06,Chicago,False,en
7a0d6e78-6e6,3b971fa7,jimenezgregory,2024-10-30 01:32:25,turnout update — observers reporting orderly process.,28,171,79,30285,2023-11-07,Los Angeles,False,en
671d26b3-aed,75624810,cparrish,2024-10-27 12:15:25,Update: trust the process in my precinct.,42,67,101,48473,2025-02-20,Philadelphia,False,en-US
39d2cb7e-30f,34e1aca0,shanemccarthy,2024-11-04 12:12:32,Update: transparent count in my precinct. https://news.site/article,100,93,14,183,2022-08-17,Los Angeles,False,en
62ebf0e0-71a,caa31acb,fmartinez,2024-11-11 06:58:07,Update: observers confirm fairness in my precinct.,16,57,30,2554,2012-02-20,New York,False,en
ccc2012c-666,42827c11,mary40,2024-10-31 16:18:10,early voting numbers — observers reporting orderly process.,57,174,6,66,2024-04-06,Los Angeles,False,es
4a271122-4ba,78641171,bryantanthony,2024-11-02 09:30:24,Update: transparent count in my precinct.,50,192,77,951,2012-10-27,Chicago,False,es
a9f8c1e4-3ad,a724878f,erika44,2024-11-13 02:58:08,rigged machines found in vote tallies (465 suspicious) ¡Increíble! 🇺🇸,191,287,14,62,2021-01-13,Miami,False,es
05e4db2d-df7,c0952176,audreydavis,2024-11-11 23:49:00,ALERT: counting ongoing across precincts — evidence points to fraud. #investigate,227,436,25,2244,2020-05-31,Los Angeles,False,en-US
dcd92628-a3e,aba29809,jordanjeff,11/02/24 08:44 PM,turnout update — observers reporting orderly process.,60,152,72,31950,2023-05-21,Los Angeles,False,en
a6e58711-2b9,c62daa47,sean22,2024-11-12 06:27:54,Update: trust the process in my precinct.,129,157,343,401,2010-05-19,Houston,False,en
d90c2c63-3dc,486e0131,vicki16,2024-11-08 21:02:24,early voting numbers — observers reporting orderly process.,89,11,14,138,2016-04-17,Philadelphia,True,en
81826d69-12a,3713c05d,selena70,2024-10-26 19:43:17,polling update — official figures incoming.,30,11,26,1191,2016-02-11,New York,False,es
3138a1b1-ee6,5d48781b,scott13,2024-11-02 11:27:37,Update: clean election in my precinct.,43,243,2,166,2018-08-17,Los Angeles,False,es
6c91f7ed-767,9a8b4755,ejones,2024-11-06 09:06:36,poll watchers report — observers reporting orderly process.,8,201,20,125,2019-04-24,Houston,False,es
2873b574-a5b,5e9cc2d5,tracy16,2024-11-13 17:50:06,turnout update — official figures incoming. #VoteSafe,26,6,19,312,2015-07-14,Chicago,True,en-US
b8e68386-5b2,70e8b14a,charles36,2024-11-15 06:42:24,turnout update — official figures incoming.,12,81,77,416,2021-06-19,,False,en-US
a1ec6e46-f1d,0c9310dd,rdouglas,2024-10-27 05:02:17,Evidence of ballot stuffing — officials silent. Share widely! ¡Increíble! 🇺🇸,194,194,203,4180,2018-01-17,New York,True,en
e7b6a453-4ca,f9a0b58f,tdaniels,2024-10-27 15:45:19,counting ongoing — official figures incoming.,47,13,53,6174,2023-08-08,Houston,False,en
f8c0d7a3-c4b,ddc19590,ysantos,2024-11-01 04:41:08,Voter turnout steady in my area.,15,62,34,426,2020-02-21,,True,en
418a0023-b47,c52a49b9,patricia82,2024-11-12 11:30:09,counting ongoing — observers reporting orderly process.,67,50,38,250,2015-11-23,Chicago,False,es
97d134b5-193,522e20a2,cynthiaramsey,2024-11-14 14:24:16,polling update — official figures incoming. #VoteSafe,13,25,23,165,2025-04-19,New York,True,es
3332296b-03f,c7c73b6b,megan91,2024-11-05 09:21:21,Reports of illegal votes in several precincts. Must be investigated!,98,180,19,4694,2013-01-26,Chicago,False,en
04edf797-1d0,540f2cd3,chloefisher,2024-10-28 19:42:43,count manipulation found in vote tallies (84 suspicious) ¡Increíble! 🇺🇸,9,394,46,546,2010-11-04,Philadelphia,False,en
912910f3-d7d,6126f6ac,nathanielcarter,2024-11-02 16:05:34,Update: transparent count in my precinct. ¡Esto es falso!,80,52,16,234,2009-09-25,New York,False,es
d190ca74-043,4e4228fe,vnunez,2024-11-03 02:13:29,illegal votes found in vote tallies (291 suspicious),82,126,22,165,2022-10-23,,False,en-US
ca1785c9-eb4,048918a1,edwin89,2024-11-12 08:44:34,early voting numbers — observers reporting orderly process. #VoteSafe,70,154,18,258,2018-08-27,Miami,False,es
58f0155f-628,7c994797,michele83,2024-10-30 23:10:35,Update: clean election in my precinct.,10,233,25,210,2024-05-09,Philadelphia,False,es
02e03421-6e3,b4fb4033,susan37,2024-11-13 18:12:19,early voting numbers — observers reporting orderly process.,46,142,100,177,2024-12-13,Miami,False,es
6f2eb9ec-cfb,5716c5af,andrea32,2024-11-06 03:02:47,turnout update — observers reporting orderly process.,31,140,71,292,2014-09-10,Houston,False,es
3599fadd-84c,69f54774,theodore36,2024-10-29 08:04:33,ghost voters found in vote tallies (319 suspicious) #VoteSafe,155,115,45,300,2015-12-09,Chicago,True,en
1f1f1a2b-c0a,5c75b196,elizabeth76,2024-11-07 15:18:12,Evidence of illegal votes — officials silent. Share widely!,141,123,86,276,2024-03-30,Los Angeles,False,en-US
789d6895-578,087ce3f1,mwest,2024-11-09 09:11:00,Evidence of rigged machines — officials silent. Share widely!,124,91,44,340,2010-11-16,Rural,False,en
f1f8f56c-c15,ab0fbbd2,valenciaalan,2024-11-10 19:15:03,ALERT: poll watchers report across precincts — evidence points to fraud. #electionfraud,241,280,25,8858,2022-01-02,Philadelphia,False,en-US
3ff87d4f-b41,d4c1e596,hillcatherine,2024-10-29 11:44:46,Update: smooth voting in my precinct.,44,37,5,241,2025-09-02,Rural,False,es
4b7f5f91-b52,540f2cd3,chloefisher,2024-10-28 03:16:02,turnout update — official figures incoming. #Election2024,36,41,46,546,2010-11-04,Philadelphia,True,en
b6f49249-e3e,e7ff3e8d,jenniferwhite,2024-11-15 03:28:59,turnout update — official figures incoming.,15,44,111,5833,2012-08-31,,False,en-US
6d79ce0c-2c3,ddcb4089,joshuafitzpatrick,11/02/24 09:13 AM,Evidence of ghost voters — officials silent. Share widely!,198,372,77,1953,2019-04-27,Houston,False,en-US
0a3d94bb-9ae,eeeadd3d,brownadam,2024-10-28 05:08:33,Reports of rigged machines in several precincts. Must be investigated!,138,373,59,1258,2019-12-21,Philadelphia,False,en-US
4b6d4f9f-cc5,43e08c3b,foleybarbara,2024-11-12 15:03:44,Update: smooth voting in my precinct. https://news.site/article,51,45,58,518,2011-07-27,,False,es
09642924-04e,aba29809,jordanjeff,2024-11-11 23:51:11,ALERT: counting ongoing across precincts — evidence points to fraud. #electionfraud,214,208,72,31950,2023-05-21,Los Angeles,False,es
b4807f97-99c,5378e01d,martingreg,11/04/24 03:20 PM,ALERT: polling update across precincts — evidence points to fraud. #electionfraud,62,702,54,2279,2025-03-08,Rural,False,es
6e5a9a1c-9d0,6279bc65,agriffith,2024-11-10 20:34:53,Update: trust the process in my precinct.,29,225,7,20199,2025-07-18,Miami,False,en
3499b58a-003,a056dc71,aolson,2024-11-01 17:38:50,Update: clean election in my precinct.,54,164,49,2705,2016-12-26,Miami,False,en-US
f0b67516-082,576eaa48,xhanson,2024-11-12 07:55:49,Update: smooth voting in my precinct.,81,27,138,1254,2016-07-09,Los Angeles,True,en
880b1ace-f92,5ecfa606,ymorris,2024-11-01 05:54:55,Evidence of rigged machines — officials silent. Share widely!,125,164,189,2702,2020-02-18,Miami,False,en-US
ceea3192-548,0f96f0c7,sandrabell,11/13/24 01:59 AM,Reports of fraudulent tabulation in several precincts. Must be investigated!,101,283,66,3766,2013-12-28,Rural,False,es
b60c2145-b99,a1d97c99,bradybrad,2024-10-31 08:00:25,Update: transparent count in my precinct.,14,107,71,222,2024-04-18,Rural,False,en
c7de2e83-26b,25573583,jfisher,2024-10-26 18:50:15,Update: clean election in my precinct. #Election2024,71,69,53,7216,2018-08-24,New York,False,es
ce929826-88d,d9e156de,sbanks,2024-10-29 02:03:49,poll watchers report — observers reporting orderly process. https://news.site/article,6,72,39,172,2012-05-10,Los Angeles,False,es
3961f008-0d5,f4698e5e,thomas86,2024-11-01 14:44:43,Update: observers confirm fairness in my precinct.,22,176,2,247,2018-03-15,Chicago,False,es
4f293ea7-e37,ebd96487,akoch,2024-11-10 23:39:42,fraudulent tabulation found in vote tallies (255 suspicious) ¡Increíble! 🇺🇸,153,333,222,455,2023-01-16,Houston,False,es
fd81f39a-5fc,979b2f39,chavezjake,2024-10-28 12:35:10,poll watchers report — observers reporting orderly process.,67,113,31,186,2020-12-28,Chicago,False,en-US
331f023b-65d,df00f022,tammy48,2024-11-02 04:24:01,poll watchers report — official figures incoming.,13,44,74,541,2023-11-14,,False,en
fe56d650-bdf,f118f62c,erica51,2024-11-02 03:06:46,rigged machines found in vote tallies (14 suspicious),138,143,5,426,2022-05-09,,False,en-US
2550ae12-7c5,8d55cad9,elizabethrhodes,2024-11-10 16:14:18,counting ongoing — observers reporting orderly process.,104,31,54,355,2015-03-23,Philadelphia,False,en
066e1f61-821,44e79996,maryhill,2024-11-01 05:01:52,Update: observers confirm fairness in my precinct. https://news.site/article,53,94,63,267,2020-03-20,Miami,False,en
36c8dc4a-4e8,b4c8f344,gutierrezbrenda,2024-10-27 20:40:11,Voter turnout steady in my area.,35,69,20,10722,2024-08-29,Philadelphia,False,en-US
ff515826-8a5,3b971fa7,jimenezgregory,2024-11-11 17:31:39,voter rolls compromised found in vote tallies (118 suspicious),93,258,79,30285,2023-11-07,Los Angeles,False,es
938519e9-abc,f36584c7,jamesjohn,2024-11-09 18:57:09,counting ongoing — observers reporting orderly process.,10,49,21,57,2021-07-15,,True,en-US
4322699c-bae,8a94d64c,richard68,2024-11-09 21:26:42,Update: trust the process in my precinct.,46,71,14,578,2016-09-26,,True,es
c85d06aa-c22,801dc72c,gporter,2024-11-14 03:29:11,polling update — official figures incoming.,25,60,111,1615,2010-04-06,,True,en-US
4e136122-9ec,d351bc5d,julie27,2024-11-09 07:01:47,Reports of voter rolls compromised in several precincts. Must be investigated! ¡Increíble! 🇺🇸,85,110,151,272,2025-09-17,Los Angeles,False,es
8552eaea-80a,87f86309,michaeloneal,2024-11-08 12:38:20,Update: smooth voting in my precinct. https://news.site/article,32,26,14,1066,2022-12-23,Los Angeles,False,en-US
edf8f62a-cef,f15a6716,griffindavid,11/14/24 04:28 PM,rigged machines found in vote tallies (342 suspicious) ¡Increíble! 🇺🇸,88,176,45,562,2022-09-05,Los Angeles,True,en-US
50632016-981,6820ffee,qdixon,unknown,ALERT: polling update across precincts — evidence points to fraud. #electionfraud,297,467,107,41175,2024-04-16,Los Angeles,False,en
35e4c00b-75b,9ac0790a,merrittmichael,2024-10-30 23:58:04,Update: smooth voting in my precinct.,83,239,26,526,2019-06-12,Houston,True,es
2ab763b8-850,b4be956a,hwhite,2024-11-06 17:15:08,Update: smooth voting in my precinct.,77,60,88,1628,2015-06-27,Rural,False,en-US
c9e6c4e2-6e6,cbae0b13,seth13,2024-11-02 20:02:48,ALERT: counting ongoing across precincts — evidence points to fraud. #investigate,159,270,4,6957,2016-02-14,Miami,False,es
bcd6e3b3-c78,b9b4d67c,cherylsmith,2024-11-13 14:51:17,turnout update — official figures incoming.,44,53,50,2422,2019-03-21,Chicago,False,en
06931ca3-7b6,9e0bfac8,chandlercalvin,2024-10-28 09:47:35,poll watchers report — observers reporting orderly process.,12,85,54,1524,2010-08-23,Miami,False,en
6accba00-920,5ce4a163,kristen46,2024-11-05 19:22:47,Voter turnout steady in my area. #Election2024,18,74,61,415,2014-07-13,New York,False,en
31f4a7a5-ddf,a36016fb,bsmith,2024-11-05 09:45:31,Voter turnout steady in my area.,11,32,21,150,2015-03-12,Houston,False,es
02a025c8-c38,e3b13ad1,kenneth93,2024-11-04 18:34:25,turnout update — observers reporting orderly process. https://news.site/article,99,127,103,49202,2023-11-15,Chicago,True,en-US
6cf2a773-5fd,0c9310dd,rdouglas,2024-10-29 20:55:44,Update: clean election in my precinct.,62,95,203,4180,2018-01-17,New York,False,en
30e625d2-042,871ebc51,robinperry,2024-10-29 06:52:32,Update: trust the process in my precinct.,23,32,114,20668,2025-03-13,Rural,True,en
e36f2f9c-1dc,4a69f172,shanehutchinson,2024-11-05 03:59:15,polling update — observers reporting orderly process.,4,232,12,1420,2014-05-16,Houston,False,en
5716b8b2-517,bbdb2ca5,marshalljulie,2024-11-13 18:38:48,poll watchers report — observers reporting orderly process. #Election2024,18,71,55,1962,2015-08-08,Los Angeles,True,en-US
be5e8599-934,bf559424,wadedaniel,unknown,Reports of voter rolls compromised in several precincts. Must be investigated! https://news.site/article,151,163,178,1310,2011-02-21,Los Angeles,False,en-US
d12f8285-af8,c891418e,nathansmith,2024-10-26 10:43:02,turnout update — official figures incoming.,45,16,62,288,2017-08-05,Rural,False,es
ef2d5db5-cbb,e26e758c,carlamoody,2024-11-07 16:01:05,polling update — observers reporting orderly process.,59,208,118,1873,2020-11-24,Houston,False,en-US
c8010744-7fc,2fda970b,nguyenjason,2024-11-09 03:10:55,poll watchers report — observers reporting orderly process.,13,110,51,684,2019-01-10,Philadelphia,False,en
fb7aa110-b0d,9353bd69,sarahsmith,2024-11-10 02:54:29,early voting numbers — official figures incoming.,33,49,98,271,2016-03-05,Los Angeles,False,en-US
6ec159d1-e3b,3c1d7886,cassandramitchell,2024-10-27 12:27:20,voter rolls compromised found in vote tallies (266 suspicious),112,142,11,3405,2019-06-18,Philadelphia,False,en-US
c4d12271-de4,5cc0d652,nicholas45,2024-10-28 05:13:11,Update: smooth voting in my precinct. #VoteSafe,11,48,14,621,2018-11-13,Miami,False,en-US
baef318a-238,d9a69a95,ryanlee,2024-10-30 02:53:38,Voter turnout steady in my area.,48,25,73,3085,2020-08-02,New York,False,en-US
8a86786c-7f3,6279bc65,agriffith,2024-10-31 22:04:05,Reports of fraudulent tabulation in several precincts. Must be investigated! ¡Increíble! 🇺🇸,166,176,7,20199,2025-07-18,Miami,False,es
3d04ba15-bcc,4cb18d95,derek79,2024-11-01 04:57:46,Update: clean election in my precinct.,52,98,89,2248,2012-06-13,New York,False,en
3135dbe1-9c9,e470c3d6,qadams,2024-11-12 11:37:18,count manipulation found in vote tallies (268 suspicious) ¡Increíble! 🇺🇸,31,22,53,29,2018-02-07,,False,es
1177709b-366,c6a3ba1a,schan,2024-11-01 13:03:35,Update: smooth voting in my precinct.,54,148,19,1274,2016-09-07,New York,False,en-US
1c7de47e-46d,87b2ad6d,dhenderson,2024-11-03 00:42:36,Update: observers confirm fairness in my precinct.,88,36,6,89,2024-08-20,,False,es
a1f9b525-eca,76863e98,andrewlambert,2024-11-07 00:47:16,ghost voters found in vote tallies (100 suspicious),43,16,20,1266,2014-11-08,Philadelphia,True,en-US
91a6d6e9-6f9,2fda970b,nguyenjason,2024-11-12 14:35:19,Voter turnout steady in my area.,30,57,51,684,2019-01-10,Philadelphia,False,es
b1a23dd7-67e,bf559424,wadedaniel,unknown,Update: observers confirm fairness in my precinct.,86,250,178,1310,2011-02-21,Los Angeles,False,en
511142cc-d7e,167ffc1e,dmyers,2024-11-07 04:17:19,Update: clean election in my precinct.,88,100,96,1961,2010-01-12,Los Angeles,False,en-US
14dd7255-512,9c6796f0,chadwilliams,2024-11-09 14:25:13,Voter turnout steady in my area.,30,32,62,5804,2022-06-02,Los Angeles,False,es
e840ac65-845,07fd2354,youngjohn,2024-11-04 04:40:23,Update: smooth voting in my precinct.,75,243,9,11048,2014-06-26,Rural,False,en
f16fb4cc-90d,be5d650f,ryanmicheal,2024-11-06 17:06:28,Update: smooth voting in my precinct.,76,195,495,188,2022-05-11,Chicago,False,es
da3f97d7-333,758d368f,bennettcynthia,2024-11-07 18:16:37,Reports of fake ballots in several precincts. Must be investigated!,193,153,9,786,2014-04-20,Rural,False,en-US
7a0bfc9e-ad9,5c92236d,markstimothy,2024-11-05 09:38:17,polling update — observers reporting orderly process.,18,175,20,465,2021-07-10,Rural,False,en-US
7a85ae35-9cf,34ba1a6e,salazarbrandon,unknown,Update: trust the process in my precinct. #Election2024,85,198,62,68,2009-09-06,Houston,False,en-US
2e95cb04-3fa,5cfd7380,chelseastewart,2024-11-04 02:05:27,Update: observers confirm fairness in my precinct. https://news.site/article,6,132,15,171,2016-09-22,,False,en-US
cc4dabc0-2da,4a69f172,shanehutchinson,2024-11-06 21:06:37,Update: transparent count in my precinct.,17,13,12,1420,2014-05-16,Houston,False,es
8dc1710d-53b,540f2cd3,chloefisher,2024-11-06 11:10:04,Update: trust the process in my precinct.,29,206,46,546,2010-11-04,Philadelphia,False,en
980be54e-c79,00a171fa,iarnold,2024-11-05 18:30:34,Update: observers confirm fairness in my precinct.,61,173,9,262,2018-07-04,Los Angeles,False,en-US
4ec4cf3d-908,6e15df23,jerry88,2024-10-29 00:40:12,Evidence of fake ballots — officials silent. Share widely!,152,281,43,675,2018-11-25,Houston,False,en-US
8d839b9b-1fd,d87d14b9,barry09,2024-10-26 10:22:29,Update: transparent count in my precinct. ¡Esto es falso!,95,233,19,4010,2015-10-12,Chicago,False,es
f4dcd496-e3c,75d60e28,andersonbrandy,2024-11-04 15:04:26,Update: trust the process in my precinct.,74,80,63,809,2015-05-25,Philadelphia,False,en-US
6eaaeef8-b24,3b2e4390,adrian11,2024-10-30 09:24:12,Update: observers confirm fairness in my precinct.,34,239,23,383,2021-05-07,New York,False,en
6047dfa0-4b7,407bfd59,saramay,2024-11-05 19:09:53,Voter turnout steady in my area.,24,34,14,477,2019-07-21,Los Angeles,False,en-US
841219c1-26a,4f78071b,christophermoore,2024-11-07 02:49:24,voter rolls compromised found in vote tallies (74 suspicious),76,363,55,1838,2020-05-05,Los Angeles,False,en
a5dbc41f-f0d,8539bc8d,bellmichele,2024-11-02 03:44:56,early voting numbers — observers reporting orderly process.,33,112,116,149,2021-08-19,Rural,False,en-US
ecc9cfc6-486,3e0b65ba,nathaniel08,2024-11-04 16:37:47,Evidence of voter rolls compromised — officials silent. Share widely!,133,337,40,418,2011-10-12,Rural,False,es
9f7137d7-7ba,aeedc483,bestrada,2024-10-28 17:53:32,early voting numbers — observers reporting orderly process.,9,175,7,875,2022-12-18,Philadelphia,False,es
9338a265-4d5,01eb37bb,gwendolyn74,2024-11-03 01:43:48,Update: smooth voting in my precinct.,63,251,78,520,2024-07-07,Chicago,False,es
1b983eb2-50d,59821449,briannadixon,2024-11-15 01:30:55,poll watchers report — observers reporting orderly process.,15,51,10,444,2010-07-26,Miami,False,en
439bd93c-f0b,ad099a7e,codyjames,2024-10-29 16:58:56,ballot stuffing found in vote tallies (489 suspicious),161,254,141,202,2011-05-08,New York,True,en-US
af0b45d7-f89,966bfea1,eweaver,2024-11-14 11:52:23,poll watchers report — observers reporting orderly process. #Election2024,54,159,102,2577,2010-12-28,Miami,True,es
f708aebf-f94,74dbdc57,bmorrison,2024-11-07 09:59:21,ALERT: voter rolls compromised across precincts — evidence points to fraud. #electionfraud,269,752,263,7025,2012-12-12,,False,en-US
31059a46-9db,1d40bbdd,amberdavis,2024-11-07 13:58:35,Evidence of count manipulation — officials silent. Share widely!,58,398,24,1610,2015-06-30,Houston,False,en-US
1c63396c-e86,67c154b3,sarah67,2024-11-13 17:31:41,Update: observers confirm fairness in my precinct.,51,75,320,656,2017-11-15,,True,en-US
6c4ee833-914,1d2f5bf6,shawkelly,2024-11-05 17:36:41,Update: observers confirm fairness in my precinct.,42,231,15,287,2011-04-09,Chicago,False,es
725461e1-af8,fa1366de,bethdavis,2024-11-06 06:14:13,Reports of rigged machines in several precincts. Must be investigated! #VoteSafe,160,120,30,308,2019-09-12,Houston,False,en-US
3a8a7f99-d33,3bdad10d,breyes,2024-11-15 06:33:52,turnout update — official figures incoming.,16,64,0,622,2018-09-03,Philadelphia,False,es
c9c30a98-eb0,2a805e45,troy73,2024-10-31 00:22:49,Voter turnout steady in my area. #Election2024,34,2,6,2132,2011-07-04,,False,en
54fe35ae-adc,1fa50bb0,millerdaniel,2024-11-08 21:05:14,Update: clean election in my precinct.,72,165,382,3940,2023-09-07,Los Angeles,False,en
484193b2-eab,99515d17,zoconnor,2024-11-08 17:14:14,ALERT: count manipulation across precincts — evidence points to fraud. #electionfraud,359,180,86,169,2016-08-17,Miami,True,en-US
af338aa7-3e2,f375f7ac,ggaines,2024-10-29 08:06:38,poll watchers report — official figures incoming.,7,52,4,131,2019-12-15,Philadelphia,False,es
80fd7ea0-fbc,41b035bb,ryanrivera,2024-10-31 13:12:08,turnout update — observers reporting orderly process.,67,140,19,377,2020-11-30,Rural,False,es
bfb8ccad-942,ebd96487,akoch,2024-10-30 02:32:27,Voter turnout steady in my area.,36,32,222,455,2023-01-16,Houston,True,en
285fc2ff-99d,3e52e026,egriffith,2024-11-06 11:50:28,counting ongoing — observers reporting orderly process.,59,106,17,215,2012-03-19,Philadelphia,False,es
d56af8ef-51d,3b343e05,hoffmanchad,2024-11-11 03:05:24,ALERT: turnout update across precincts — evidence points to fraud. #electionfraud,280,402,59,2075,2011-11-26,Philadelphia,True,en-US
f1448644-a61,aa71651c,bcrawford,2024-11-05 00:10:32,rigged machines found in vote tallies (132 suspicious) ¡Increíble! 🇺🇸,155,227,25,389,2014-08-02,Los Angeles,False,en-US
9870f4f9-67b,5c55df0c,pwoods,2024-11-04 12:27:41,early voting numbers — observers reporting orderly process.,108,32,255,1269,2015-11-07,Philadelphia,False,es
bf5b5034-59b,424919e0,robert08,2024-11-07 06:45:20,poll watchers report — official figures incoming.,17,19,18,1966,2011-09-12,Miami,False,en-US
8a5183f8-c17,d351bc5d,julie27,2024-11-03 08:57:51,counting ongoing — official figures incoming.,36,34,151,272,2025-09-17,Los Angeles,False,es
ebc50986-8b4,ca78453f,coleemily,2024-10-27 20:46:00,Update: clean election in my precinct.,71,210,61,2480,2010-06-06,Philadelphia,False,en
4aa261e3-32e,cd862dbc,hdavis,2024-11-03 03:49:30,Reports of fraudulent tabulation in several precincts. Must be investigated!,77,319,32,1812,2018-10-19,Philadelphia,False,en
785aa74f-819,b46c0e11,perryeddie,2024-11-12 09:21:05,Evidence of fake ballots — officials silent. Share widely!,186,120,32,90,2025-01-22,Los Angeles,False,en
17187c75-d4c,70e8b14a,charles36,2024-11-04 08:57:47,early voting numbers — observers reporting orderly process.,43,99,77,416,2021-06-19,,False,es
32bdc265-2ca,26c6695e,erinmontes,2024-10-26 12:51:29,Voter turnout steady in my area. #VoteSafe,15,25,87,248,2022-06-27,Houston,False,es
f05468e8-b70,782be86e,jennifernguyen,2024-11-01 07:59:15,poll watchers report — observers reporting orderly process.,10,35,9,1360,2015-08-17,,True,en-US
bb16d15e-6f4,cbae0b13,seth13,2024-11-07 22:01:46,counting ongoing — official figures incoming.,34,71,4,6957,2016-02-14,Miami,False,en-US
fd959568-d69,41e861e3,sherylreyes,2024-11-06 02:40:08,Voter turnout steady in my area.,17,62,114,69,2014-09-30,Los Angeles,True,en
8ecbf888-f01,1dbf2a1a,tconrad,2024-11-14 23:55:29,early voting numbers — observers reporting orderly process.,80,224,45,114,2021-06-17,Rural,False,en-US
cd380ab8-a1a,4db19b1e,matkinson,2024-11-11 03:05:16,ALERT: turnout update across precincts — evidence points to fraud. #investigate,39,380,157,5441,2010-02-11,Rural,False,en
9520dea9-709,5d9a7dda,markroman,2024-10-28 07:58:51,polling update — official figures incoming.,28,24,39,1648,2021-12-18,Miami,False,es
7e0c1502-ba7,6335b3db,daniel09,2024-10-27 10:19:03,Voter turnout steady in my area.,8,73,34,205,2019-06-06,Miami,False,en-US
57b36ef6-b2c,fe322c76,warren67,2024-11-02 08:57:13,Reports of fraudulent tabulation in several precincts. Must be investigated!,43,299,16,134,2024-10-25,Houston,True,es
4b3baebe-f58,518bc53a,allenmary,2024-10-31 21:48:12,Update: trust the process in my precinct. #Election2024,104,61,124,120,2019-06-30,,False,en
e7075db3-3c5,27cd0fbd,igomez,2024-11-10 12:43:11,illegal votes found in vote tallies (481 suspicious) ¡Increíble! 🇺🇸,10,123,6,1641,2020-10-12,Rural,False,en-US
3a6dda70-c7f,b1836f45,joseph30,2024-11-09 16:40:30,counting ongoing — observers reporting orderly process.,77,80,51,1705,2021-08-14,Los Angeles,False,en-US
33011bbd-7b0,066d345c,jasminethomas,2024-11-05 15:07:27,poll watchers report — observers reporting orderly process. #Election2024,41,164,5,28578,2024-04-19,New York,False,en
ca0eb4ab-96c,75fe06f1,moorematthew,2024-11-11 01:58:59,early voting numbers — observers reporting orderly process.,26,74,50,3107,2021-01-20,Philadelphia,False,en
ccc99c56-3dc,78641171,bryantanthony,2024-11-03 08:05:17,turnout update — observers reporting orderly process.,16,249,77,951,2012-10-27,Chicago,False,en
8383b82f-c4a,cf524c32,michellebrooks,2024-11-13 09:56:50,poll watchers report — official figures incoming.,25,50,21,594,2025-01-24,Philadelphia,False,en
43c6e98a-6ea,3508d88b,alexandriamoss,2024-11-06 23:41:17,Update: smooth voting in my precinct.,60,246,43,22359,2021-05-19,Chicago,False,en-US
bad10aaf-bee,3a5b6b33,wendy07,2024-11-06 17:24:27,poll watchers report — official figures incoming.,27,25,17,377,2015-02-12,Philadelphia,False,en
1a9895a9-965,fc6a9dea,alexaskinner,2024-11-10 14:27:58,Update: smooth voting in my precinct. https://news.site/article,54,111,301,1885,2018-03-29,Chicago,True,en-US
07e135f2-e49,e5739589,gbeck,11/04/24 09:37 AM,Update: smooth voting in my precinct.,102,225,21,89,2024-08-15,New York,False,es
99cb701e-195,413f2115,bclay,2024-10-30 20:09:27,poll watchers report — official figures incoming.,27,20,30,329,2015-01-30,Philadelphia,False,en
5e43f162-359,ca9d1d46,megan66,2024-11-13 11:14:26,turnout update — observers reporting orderly process. https://news.site/article,78,14,36,1280,2020-03-04,New York,False,es
0a8c69dd-2df,844c477c,toddchristopher,2024-10-30 09:03:54,turnout update — official figures incoming.,20,75,29,470,2013-08-25,Los Angeles,False,es
4d0779bf-57b,ff8fe33b,sjohnson,2024-11-10 15:55:03,ballot stuffing found in vote tallies (466 suspicious),59,399,8,75,2018-10-19,Chicago,False,en
6e0a879c-0cb,8a4047c7,dlee,2024-11-06 19:33:50,early voting numbers — official figures incoming.,2,44,7,145,2025-06-04,New York,True,en-US
ebe9ead2-f10,7db3c016,michelle22,2024-11-02 14:40:22,Update: smooth voting in my precinct.,42,225,56,125,2022-06-26,Philadelphia,False,en-US
1580b8e6-10c,0fb97f73,hoodkaren,2024-11-07 02:10:18,Update: observers confirm fairness in my precinct.,39,98,37,1842,2012-01-01,Chicago,True,es
5024c3b9-7cc,3190ea2e,clarkheather,2024-11-07 03:39:40,turnout update — observers reporting orderly process.,81,156,46,569,2019-06-14,New York,False,en-US
d0d34cfc-0a0,019e29ce,steven60,2024-11-13 02:13:26,early voting numbers — observers reporting orderly process.,72,109,32,134,2016-06-06,Rural,False,en
d4599022-f72,be5d650f,ryanmicheal,2024-11-11 16:20:58,Update: trust the process in my precinct.,93,60,495,188,2022-05-11,Chicago,False,en-US
86925032-346,2c66f33a,fsmith,2024-11-04 15:16:26,ALERT: polling update across precincts — evidence points to fraud. #electionfraud,140,684,25,2293,2025-03-29,Los Angeles,False,en-US
04bd9a14-76c,2e29a7d8,michaelnash,2024-10-28 20:08:39,illegal votes found in vote tallies (280 suspicious) ¡Increíble! 🇺🇸 #Election2024,105,291,47,1096,2020-11-23,Philadelphia,False,es
7bc5b550-261,90a37f4b,carolyn59,2024-11-12 18:11:12,Update: transparent count in my precinct.,97,247,129,596,2016-07-13,,False,en-US
8e3eca57-2ab,1eded2f1,jeremy12,2024-11-05 00:50:57,ALERT: fraudulent tabulation across precincts — evidence points to fraud. #electionfraud,242,220,15,1166,2025-09-03,,True,en
18246f33-f12,ff217f0c,rcontreras,2024-10-27 01:51:39,Update: clean election in my precinct. #VoteSafe,23,112,13,497,2017-08-30,Rural,False,en-US
b63fbf56-95d,f375f7ac,ggaines,2024-11-05 14:59:30,Reports of illegal votes in several precincts. Must be investigated! https://news.site/article,109,104,4,131,2019-12-15,Philadelphia,False,es
3277e18f-759,a50def10,maria87,2024-11-02 21:52:53,turnout update — observers reporting orderly process.,44,156,6,3362,2012-08-03,Los Angeles,False,es
92b58398-cd0,2df7e010,porterclayton,2024-11-04 13:08:16,Voter turnout steady in my area.,32,88,79,206,2022-02-03,Philadelphia,False,es
8c7b9cef-48c,f15dfaa5,ujenkins,2024-10-27 10:25:51,ghost voters found in vote tallies (23 suspicious) ¡Increíble! 🇺🇸 #VoteSafe,143,342,20,850,2009-06-27,Miami,False,en
43e88fa6-dea,57ea7860,oconnorsteven,2024-10-27 02:45:59,Update: smooth voting in my precinct.,93,132,131,2996,2016-11-02,Rural,False,es
c0a54cd1-01a,1d2f5bf6,shawkelly,2024-10-31 22:17:26,Update: trust the process in my precinct. https://news.site/article,24,132,15,287,2011-04-09,Chicago,True,en
517507c0-c99,5cfd7380,chelseastewart,2024-10-27 02:24:22,Update: trust the process in my precinct.,80,191,15,171,2016-09-22,,False,en
0f623fac-110,e81080dc,xjohnson,2024-11-12 07:44:17,Reports of rigged machines in several precincts. Must be investigated! #VoteSafe,141,183,34,270,2010-02-22,Miami,False,en
eee4314a-98a,9ac0790a,merrittmichael,2024-11-09 22:00:58,Update: trust the process in my precinct. https://news.site/article,6,28,26,526,2019-06-12,Houston,False,en
e1d777d6-67c,034c7c08,hamiltonsusan,2024-10-26 18:30:24,early voting numbers — observers reporting orderly process.,78,27,29,26,2025-08-16,Philadelphia,True,en
788f422b-014,9a248f89,matthew58,2024-10-30 08:14:18,Update: observers confirm fairness in my precinct. https://news.site/article,29,208,59,430,2011-04-08,Rural,False,es
f67f199e-326,518bc53a,allenmary,11/01/24 01:29 AM,Update: trust the process in my precinct.,31,133,124,120,2019-06-30,,False,en-US
59615dfd-dac,b93972cf,jenniferboyer,2024-11-01 23:42:45,Reports of illegal votes in several precincts. Must be investigated!,181,307,29,269,2025-08-27,Houston,False,en
9a452392-55b,26673c67,alicialynch,2024-11-07 05:00:35,early voting numbers — observers reporting orderly process. https://news.site/article,8,65,56,41564,2023-06-01,Philadelphia,False,en-US
2bb4e40c-1e5,88b45597,rsanders,2024-11-11 12:30:21,Evidence of voter rolls compromised — officials silent. Share widely!,194,61,130,531,2019-12-25,Miami,False,en-US
6c0baf11-266,cc5b74e6,pprice,2024-10-27 02:14:44,counting ongoing — observers reporting orderly process.,85,242,17,1027,2015-06-10,Rural,False,en-US
d0249d6d-7c7,0fb97f73,hoodkaren,2024-11-04 23:03:42,poll watchers report — observers reporting orderly process.,79,177,37,1842,2012-01-01,Chicago,True,es
b3b48385-d83,337e36d7,smartin,2024-10-29 11:38:13,turnout update — observers reporting orderly process.,8,201,46,705,2021-01-31,Los Angeles,False,es
50f63192-572,bb9db95f,hollysherman,2024-11-12 00:13:43,Update: observers confirm fairness in my precinct. https://news.site/article,32,100,38,6009,2020-01-08,,False,en-US
1c9afe7d-df9,7a92cfeb,mkennedy,2024-10-29 03:31:30,Update: trust the process in my precinct.,30,202,143,161,2011-01-08,Los Angeles,False,es
ceecf6b2-97e,1961748a,morganchristine,2024-11-11 04:00:50,ghost voters found in vote tallies (193 suspicious),103,170,101,741,2015-06-01,,False,en-US
719838b6-8a5,f4bde721,munozjames,2024-11-13 02:15:27,Voter turnout steady in my area.,38,23,26,621,2014-01-08,Chicago,False,es
bdfda2eb-30b,04f7eb0d,carolynkeith,2024-11-01 17:34:23,Update: clean election in my precinct.,8,3,15,466,2017-03-05,Philadelphia,False,en-US
80d753df-5ab,ca6ab899,matthew54,2024-10-30 18:30:17,ALERT: fake ballots across precincts — evidence points to fraud. #investigate,200,334,30,1552,2019-09-24,New York,False,en
37df89a3-4e1,797065d6,luiscooper,2024-10-31 04:31:42,Evidence of fraudulent tabulation — officials silent. Share widely! #VoteSafe,30,260,28,1064,2019-01-11,Chicago,False,es
432c2b8c-7ef,522e20a2,cynthiaramsey,2024-10-27 13:16:27,counting ongoing — observers reporting orderly process.,18,232,23,165,2025-04-19,New York,False,es
3109f446-79f,608864ad,lauranelson,2024-11-11 12:08:41,Update: smooth voting in my precinct.,30,73,24,928,2011-01-20,,False,en
0ab478d6-3e0,b44cf142,ljohnson,2024-11-06 23:02:23,counting ongoing — observers reporting orderly process.,34,27,44,36750,2024-05-28,Houston,False,es
c3595cd0-b07,a9a3163a,ortegaeddie,2024-11-03 20:25:39,polling update — observers reporting orderly process. https://news.site/article,27,176,70,146,2022-08-13,Chicago,False,en
a0e5ccf2-4c3,048918a1,edwin89,11/02/24 10:13 AM,Update: smooth voting in my precinct.,21,134,18,258,2018-08-27,Miami,False,en-US
c0703c8f-def,250baf12,barbarajohnson,2024-11-06 04:53:40,poll watchers report — observers reporting orderly process.,95,139,77,200,2019-11-27,,True,es
a322b42c-f99,5d9a7dda,markroman,2024-11-12 13:02:37,turnout update — official figures incoming. #VoteSafe,35,78,39,1648,2021-12-18,Miami,False,es
30712106-eda,937703d8,breannagriffin,2024-11-02 05:48:12,Reports of rigged machines in several precincts. Must be investigated! ¡Increíble! 🇺🇸 https://news.site/article,200,314,18,280,2016-02-10,Chicago,False,en
8c37cf31-c7a,75801300,frank79,2024-11-11 19:22:52,Reports of fake ballots in several precincts. Must be investigated!,182,53,34,3085,2012-05-23,Philadelphia,True,en
2a34d9ad-59e,16a64168,klee,2024-10-29 20:46:09,ballot stuffing found in vote tallies (453 suspicious) ¡Increíble! 🇺🇸,77,252,458,24,2015-07-07,New York,False,es
4601e315-348,048918a1,edwin89,2024-11-09 22:53:54,Reports of ballot stuffing in several precincts. Must be investigated!,116,255,18,258,2018-08-27,Miami,False,es
4aee5f9e-4fa,875419eb,charlesdean,2024-11-09 10:46:54,Update: clean election in my precinct.,79,223,10,671,2021-08-22,Chicago,True,en
336d4fbe-17d,b9b1a438,elizabethwilliams,2024-11-03 07:23:38,Update: clean election in my precinct.,34,105,46,3387,2014-07-25,Rural,False,en
9bab81ce-7bf,937703d8,breannagriffin,2024-10-30 19:18:53,poll watchers report — observers reporting orderly process.,30,109,18,280,2016-02-10,Chicago,False,en-US
0a6df0f9-047,c6ef362d,chenderson,2024-11-08 17:00:16,Update: trust the process in my precinct. #VoteSafe,11,227,92,185,2020-02-29,Los Angeles,True,en
cb75ec68-39b,03e14f50,stephaniekelly,2024-11-03 20:57:27,Update: transparent count in my precinct.,17,109,21,160,2013-03-20,New York,False,en
97c1c01f-20c,0dde5ff5,clintonmcclain,2024-11-12 18:49:05,Reports of ballot stuffing in several precincts. Must be investigated!,102,48,33,665,2012-03-08,Miami,False,en
9aa951be-1a5,50ddefbd,julierhodes,2024-11-05 04:48:22,Update: observers confirm fairness in my precinct.,31,211,17,728,2012-09-07,New York,False,es
955f4415-cff,2140acbf,richardwatkins,2024-10-27 20:18:46,count manipulation found in vote tallies (173 suspicious),115,21,22,1939,2019-11-09,Philadelphia,True,es
320163dd-0ff,1ba61b6b,christopherwilliams,2024-11-01 19:01:22,counting ongoing — observers reporting orderly process.,15,139,5,117,2015-05-24,Rural,False,en-US
b9c8f3cf-543,7af49bb5,ashley04,11/07/24 01:00 AM,early voting numbers — official figures incoming.,41,54,3,655,2023-07-17,Miami,False,en-US
a3b7bfe4-abb,d96cc1c2,freemanbecky,2024-11-02 06:33:39,ALERT: fraudulent tabulation across precincts — evidence points to fraud. #investigate,231,731,49,365,2011-07-25,Chicago,True,en-US
3545a345-1df,e78b9e9f,joshuajohnson,2024-10-29 02:20:08,polling update — observers reporting orderly process.,78,93,31,1773,2019-11-20,Philadelphia,False,en-US
6a15ae9a-baa,813e8827,paulperez,2024-10-29 20:56:26,rigged machines found in vote tallies (327 suspicious),172,189,8,476,2010-06-23,Rural,False,en
20149b1d-a02,15aedf38,mcdanielchris,2024-11-07 20:23:43,Update: transparent count in my precinct.,33,154,7,481,2017-11-01,Philadelphia,False,en-US
0c12eed7-445,f84b3817,vtran,2024-10-29 14:22:34,Update: observers confirm fairness in my precinct.,7,186,13,2048,2010-02-22,Chicago,False,es
7a377385-e3d,3efc584c,ericcampbell,11/03/24 12:56 PM,Update: trust the process in my precinct.,92,48,227,149,2012-02-14,Houston,False,es
a6abce43-820,a5041923,sextondarryl,2024-11-12 18:45:57,Update: transparent count in my precinct.,22,123,111,490,2009-06-06,Houston,False,en
b9182914-c81,9a4d9530,foleylaura,2024-11-08 15:40:26,turnout update — observers reporting orderly process.,59,32,7,445,2013-04-10,Chicago,False,en
38c7409b-001,1016786a,pgood,2024-10-30 16:18:13,Update: transparent count in my precinct.,89,93,233,24712,2019-03-30,,False,en
a57de68f-dc7,d87d14b9,barry09,2024-11-05 05:43:30,Update: observers confirm fairness in my precinct.,11,185,19,4010,2015-10-12,Chicago,False,es
780afc4f-559,4d6e85ae,michael19,2024-11-10 13:13:03,counting ongoing — observers reporting orderly process.,69,249,11,333,2013-06-16,Philadelphia,False,en-US
8fb6059f-dbe,75624810,cparrish,2024-10-26 21:45:31,Reports of voter rolls compromised in several precincts. Must be investigated!,150,205,101,48473,2025-02-20,Philadelphia,True,en
2a30be80-0b0,ed507f07,julie71,2024-11-13 16:59:03,Update: smooth voting in my precinct. #Election2024,86,132,23,79,2013-05-08,Houston,False,en-US
a8bb4f80-0d3,153a083f,amygraham,2024-11-03 10:26:52,early voting numbers — observers reporting orderly process. #VoteSafe,26,182,53,17797,2024-11-03,Houston,False,es
e8ac5a0f-879,78dbbb72,iananderson,2024-11-02 19:59:12,ALERT: counting ongoing across precincts — evidence points to fraud. #investigate,320,365,24,1171,2020-11-13,Houston,False,en
af3fa80a-24b,478c4ca6,madisonhunt,2024-10-29 02:56:31,polling update — official figures incoming. #VoteSafe,29,44,0,351,2012-09-28,New York,False,es
78285745-c8e,7878c456,kimberly41,2024-11-10 18:22:39,ALERT: fake ballots across precincts — evidence points to fraud. #electionfraud,318,368,53,449,2014-05-24,New York,False,en-US
f332f532-a16,062094b6,jenniferdavis,2024-11-10 19:11:49,ALERT: poll watchers report across precincts — evidence points to fraud. #investigate,385,109,53,1852,2013-05-07,New York,False,en
49fd27a4-b7c,3257114e,hsmith,2024-11-07 15:40:24,Evidence of rigged machines — officials silent. Share widely! ¡Increíble! 🇺🇸,95,232,20,182,2013-03-18,Miami,False,en
00414e55-e05,3a9a5e91,kathryn19,2024-11-13 14:30:02,Update: trust the process in my precinct.,50,75,61,12872,2024-08-01,Rural,False,es
757ff91d-dc9,be5d650f,ryanmicheal,2024-11-05 14:10:06,illegal votes found in vote tallies (33 suspicious),145,396,495,188,2022-05-11,Chicago,False,en-US
3abbfae0-aa3,1d2f5bf6,shawkelly,2024-11-14 19:42:14,ghost voters found in vote tallies (232 suspicious),187,147,15,287,2011-04-09,Chicago,False,es
a8a3ce85-76e,d1ed5416,thomasnielsen,2024-11-10 13:00:36,early voting numbers — observers reporting orderly process. https://news.site/article,14,192,97,5814,2011-11-02,Houston,False,en
eece4431-eee,1f7646f9,joseph76,2024-11-04 04:37:40,Evidence of ballot stuffing — officials silent. Share widely! #Election2024,108,237,117,1121,2020-11-11,Miami,False,en-US
37df03a7-914,5e4ddef0,nunezemily,2024-11-07 00:03:11,Evidence of fraudulent tabulation — officials silent. Share widely! https://news.site/article,5,281,33,200,2011-11-20,New York,True,en-US
3fc12636-0bf,2cf0b924,bmiller,2024-11-10 18:21:12,ALERT: fake ballots across precincts — evidence points to fraud. #electionfraud,166,595,169,332,2016-01-08,Chicago,False,es
19f6f17e-5c9,e4045c70,arobertson,2024-11-07 03:32:48,Update: transparent count in my precinct. https://news.site/article,28,228,48,1709,2013-02-08,Miami,False,es
4e915b0d-fe5,cdce30dd,gilbertjackson,2024-10-29 14:14:24,Update: smooth voting in my precinct.,30,20,1,259,2020-04-22,New York,False,en-US
34d6bdae-c50,66f7d39a,whitneyjenkins,2024-11-04 07:09:11,polling update — official figures incoming. #VoteSafe,17,74,150,2839,2013-05-23,,False,es
33c81a4e-735,80c1b71d,ipowell,2024-11-04 03:01:45,voter rolls compromised found in vote tallies (207 suspicious),102,128,57,474,2022-05-25,Los Angeles,False,en
0ebd08c8-193,c2b0b4ed,dhenry,2024-11-12 02:50:55,counting ongoing — observers reporting orderly process.,110,104,214,85,2022-11-20,Houston,True,en
46e735bf-780,8776a680,jkelly,2024-10-31 02:21:04,Reports of fake ballots in several precincts. Must be investigated!,204,371,175,67,2021-08-09,New York,False,es
04696038-345,8a94d64c,richard68,2024-11-14 08:01:38,poll watchers report — observers reporting orderly process.,45,54,14,578,2016-09-26,,True,en
94c086f5-de9,968abfd7,alicia02,2024-11-01 18:26:00,poll watchers report — observers reporting orderly process.,16,215,2,13857,2023-09-24,Miami,False,es
ba9e6b85-8f8,49b5c477,gutierrezpatricia,2024-11-07 00:43:11,Update: transparent count in my precinct.,50,62,164,220,2023-02-26,Los Angeles,False,en
43b64d2c-aa3,ef1e1b8f,turnerpaul,2024-10-27 07:21:54,Update: transparent count in my precinct.,83,150,6,3878,2024-07-24,New York,False,en
a1749194-463,b0995615,kellyangela,2024-11-11 03:11:02,counting ongoing — official figures incoming.,41,18,137,483,2021-11-22,Los Angeles,False,es
32a85ed5-673,c7c73b6b,megan91,2024-11-05 15:25:09,Evidence of ballot stuffing — officials silent. Share widely! ¡Esto es falso!,195,155,19,4694,2013-01-26,Chicago,False,es
65e43765-d82,a724878f,erika44,2024-10-26 11:57:47,counting ongoing — observers reporting orderly process.,52,75,14,62,2021-01-13,Miami,False,en-US
b9dfeb96-e9d,0570f1f4,favila,11/09/24 02:12 PM,Reports of illegal votes in several precincts. Must be investigated!,26,42,46,78,2013-02-22,Los Angeles,False,en-US
74db7873-c0b,1ac98e79,mlambert,2024-10-27 04:29:10,early voting numbers — observers reporting orderly process.,73,221,84,453,2018-01-28,Miami,False,es
38dd2319-71a,1eb4dda2,shannonkeith,2024-10-31 07:01:18,turnout update — observers reporting orderly process.,58,89,14,445,2016-02-01,Miami,False,en-US
6a9f8ca7-372,2f03f1ca,dwise,2024-11-01 15:00:27,poll watchers report — observers reporting orderly process.,75,23,58,47127,2023-09-12,New York,False,es
85662d3e-3c5,7878c456,kimberly41,2024-10-29 09:29:52,polling update — official figures incoming.,6,65,53,449,2014-05-24,New York,False,en
56c044a9-2df,a3700cc3,morenoallen,2024-11-10 06:26:33,Update: observers confirm fairness in my precinct.,28,24,3,42589,2024-09-15,Chicago,False,en-US
c934117e-74a,aeedc483,bestrada,2024-11-01 14:57:36,Update: observers confirm fairness in my precinct.,7,86,7,875,2022-12-18,Philadelphia,True,en-US
b64db7ef-657,801dc72c,gporter,2024-11-03 12:08:52,Update: transparent count in my precinct. #VoteSafe,106,70,111,1615,2010-04-06,,False,en-US
71713bf2-914,3a9a5e91,kathryn19,2024-11-13 08:45:59,Update: clean election in my precinct.,90,117,61,12872,2024-08-01,Rural,True,es
5fc0e517-b62,c730b167,jacob70,2024-10-29 20:12:23,poll watchers report — official figures incoming. https://news.site/article,22,37,119,12317,2023-07-07,Philadelphia,False,es
415a3984-613,7a92cfeb,mkennedy,2024-11-04 01:54:46,polling update — observers reporting orderly process.,66,40,143,161,2011-01-08,Los Angeles,False,es
dfbd6e5f-2fa,75b982fe,hernandeznicholas,2024-11-12 12:19:34,Update: observers confirm fairness in my precinct.,152,188,597,217,2024-01-29,Rural,False,en-US
2d084268-83d,a1eb8b3e,benjamin81,2024-11-08 20:27:50,Update: clean election in my precinct. #Election2024,72,140,8,1517,2017-02-16,Los Angeles,False,en
9e28f009-ab7,c0088db8,jenniferwilliams,2024-10-27 18:19:40,early voting numbers — observers reporting orderly process.,62,20,108,1507,2017-06-08,Chicago,False,en-US
d602e55a-cc3,76bf2c5b,douglassingh,2024-11-03 17:16:50,turnout update — observers reporting orderly process.,40,141,8,663,2013-03-05,Philadelphia,True,es
5a04729e-a2e,5b634628,matthewcarter,2024-10-29 12:03:31,Update: smooth voting in my precinct.,58,240,14,27,2011-01-01,Los Angeles,False,en-US
ea10c9ff-172,d0e3eefd,whitestephanie,2024-11-02 20:01:55,ALERT: counting ongoing across precincts — evidence points to fraud. #investigate,13,402,31,3110,2024-07-17,Los Angeles,False,es
47bc94ca-c10,807f4592,christopher02,2024-11-06 05:42:29,Reports of ballot stuffing in several precincts. Must be investigated!,157,99,58,46,2015-06-08,Houston,True,en
913b7f28-eb4,00f547e2,khall,2024-11-05 14:59:52,counting ongoing — official figures incoming.,26,54,108,211,2019-09-17,Houston,True,en-US
5c2581bf-9f1,5546aa15,bosborne,2024-11-02 06:29:58,ALERT: fraudulent tabulation across precincts — evidence points to fraud. #investigate,384,742,6,226,2011-05-15,Miami,False,en
89dc5652-696,c446d383,ycaldwell,2024-11-03 04:35:27,turnout update — observers reporting orderly process.,45,254,228,368,2013-07-02,Houston,False,en-US
a663a0ed-8ee,46c308b1,cummingsandrew,2024-11-12 19:26:20,Voter turnout steady in my area.,34,6,29,415,2023-07-08,Los Angeles,False,en-US
6948109d-bbf,35fc87f8,gregory03,2024-11-06 21:51:16,Update: trust the process in my precinct.,98,187,65,318,2019-10-24,Rural,True,es
150b55ae-1ef,606a73c8,mendozafrank,2024-11-07 04:00:35,Reports of rigged machines in several precincts. Must be investigated!,31,77,7,4305,2018-12-12,New York,False,en-US
bb584314-826,78dbbb72,iananderson,2024-11-09 02:38:17,turnout update — observers reporting orderly process.,84,26,24,1171,2020-11-13,Houston,False,es
1e0b1ea7-e4c,9a248f89,matthew58,2024-11-15 03:50:53,Update: smooth voting in my precinct. https://news.site/article,64,240,59,430,2011-04-08,Rural,False,en
4ce71feb-133,f3889ea4,blackamanda,2024-11-12 11:47:32,turnout update — observers reporting orderly process.,89,146,106,39299,2024-11-09,Philadelphia,False,en
a956e937-ed2,c6ef362d,chenderson,2024-11-01 10:46:54,Evidence of voter rolls compromised — officials silent. Share widely! ¡Increíble! 🇺🇸,124,220,92,185,2020-02-29,Los Angeles,False,en-US
7a1f9c7e-b8d,9fe71c8d,zachary59,2024-11-10 01:45:38,polling update — observers reporting orderly process.,88,243,53,16303,2010-06-20,,False,es
05bc711d-626,801dc72c,gporter,10/30/24 07:08 PM,polling update — official figures incoming.,34,14,111,1615,2010-04-06,,False,en
46b4ba2b-607,85e9a98d,marthajackson,2024-11-09 12:29:37,fake ballots found in vote tallies (318 suspicious),30,397,18,203,2010-01-22,Miami,False,en-US
9b81a991-d83,16a9f6e3,kerry58,2024-11-12 10:18:49,Reports of rigged machines in several precincts. Must be investigated!,154,274,60,437,2020-02-29,New York,True,en
c9b33d72-83c,ce981f08,vhawkins,2024-11-13 16:01:27,early voting numbers — observers reporting orderly process.,12,17,75,749,2019-05-25,Los Angeles,False,en-US
565cc5a8-55f,93b49ec5,antonioanderson,11/11/24 11:53 AM,Update: trust the process in my precinct. https://news.site/article,60,26,16,223,2018-10-25,Philadelphia,False,es
24aced76-45a,4a69f172,shanehutchinson,2024-11-02 15:05:37,Evidence of voter rolls compromised — officials silent. Share widely! ¡Increíble! 🇺🇸,35,386,12,1420,2014-05-16,Houston,False,es
3be90526-79a,0548f749,rhonda87,2024-11-11 02:13:10,Evidence of rigged machines — officials silent. Share widely!,112,84,99,38335,2023-12-21,Chicago,False,es
8a4e0c3d-195,27e8672c,ycrawford,2024-11-11 17:34:54,turnout update — official figures incoming.,54,94,163,427,2018-04-17,,False,en
95ebdbcd-df3,58f67dba,lee27,2024-10-31 14:10:22,Voter turnout steady in my area.,41,49,24,796,2025-05-03,Rural,False,en-US
b6b98d80-f83,46c308b1,cummingsandrew,2024-11-01 23:46:25,turnout update — official figures incoming.,34,35,29,415,2023-07-08,Los Angeles,False,es
25230744-54f,650fa8d8,wrightlindsay,2024-11-09 00:11:30,polling update — observers reporting orderly process.,3,127,134,2256,2020-02-15,New York,False,en
d4e9ff7c-eb7,a8197a65,fcompton,2024-11-09 22:09:00,Reports of illegal votes in several precincts. Must be investigated!,168,34,66,2132,2023-12-22,New York,False,en-US
7ee993da-6ae,904c53cb,carolinewood,2024-11-11 04:37:10,poll watchers report — official figures incoming.,18,52,41,7825,2019-09-07,Rural,False,en
e42cf238-ff7,b4c42726,alexanderamy,2024-11-05 00:37:48,poll watchers report — observers reporting orderly process. https://news.site/article,52,231,63,636,2024-05-03,New York,False,es
b2be4bad-395,012fe738,megan66,2024-11-09 03:41:13,Update: transparent count in my precinct. #Election2024,53,131,49,180,2016-06-29,Rural,False,es
c66044dd-d1a,097096f3,jclark,2024-11-06 09:32:27,Reports of ghost voters in several precincts. Must be investigated!,121,76,61,328,2010-09-04,Houston,True,es
b543e79d-269,6820ffee,qdixon,2024-10-26 08:21:34,turnout update — observers reporting orderly process.,46,145,107,41175,2024-04-16,Los Angeles,False,en
6f637f5c-8a0,a849c731,elizabeth60,2024-11-04 23:14:34,Update: clean election in my precinct.,48,58,26,2375,2017-05-01,Los Angeles,False,es
5e7cc95e-a39,8f37efc4,ebrown,2024-11-14 03:39:47,polling update — observers reporting orderly process.,77,266,639,8510,2023-10-14,New York,True,en
5ddeb88d-8e0,4cdfcaba,mary83,2024-10-26 12:56:21,Update: transparent count in my precinct.,29,200,33,33932,2025-06-05,Rural,False,en
407b8498-6c4,314620dc,robinsonbrian,2024-10-30 11:21:45,Update: clean election in my precinct.,23,176,37,515,2023-05-15,Miami,False,en
9078e959-499,34b942ca,christine35,2024-10-30 18:27:48,ALERT: fake ballots across precincts — evidence points to fraud. #electionfraud,125,278,10,2843,2018-05-24,Miami,True,en-US
be3d5763-f35,2b7b25de,fleminglaura,2024-11-13 20:21:38,Update: observers confirm fairness in my precinct.,44,127,3,43155,2025-05-13,Houston,False,es
ec3e5a36-0c8,fae67b45,jessica06,2024-11-13 00:50:52,poll watchers report — official figures incoming.,26,40,29,718,2023-03-09,Houston,False,en
f54ee38a-946,1ac98e79,mlambert,2024-11-07 06:32:32,Update: transparent count in my precinct.,62,232,84,453,2018-01-28,Miami,False,es
ebc47c01-a24,e5baf815,david19,2024-11-10 04:22:11,Reports of voter rolls compromised in several precincts. Must be investigated!,152,297,73,70,2020-02-06,Philadelphia,False,en
b33658b2-4ae,09e753ab,ocollier,2024-10-27 10:45:05,Voter turnout steady in my area.,34,7,20,287,2019-11-18,Houston,False,es
e90a9bb5-ccf,78641171,bryantanthony,2024-11-05 20:21:31,Update: clean election in my precinct.,31,29,77,951,2012-10-27,Chicago,False,en
c59be452-6c8,b23ce10f,robert01,2024-11-14 07:15:26,early voting numbers — observers reporting orderly process.,80,239,7,1723,2016-11-20,Philadelphia,False,en-US
00c2578a-258,10e95709,oyoung,2024-10-26 09:14:48,polling update — observers reporting orderly process.,118,98,136,85,2020-07-16,Houston,False,en
b90c97d9-9b4,16a64168,klee,2024-11-01 08:00:10,poll watchers report — observers reporting orderly process.,104,222,458,24,2015-07-07,New York,False,en-US
3c9c85ff-0d5,7af49bb5,ashley04,2024-11-03 18:23:45,Update: trust the process in my precinct.,84,248,3,655,2023-07-17,Miami,False,es
7b159606-1e8,94a43148,tracy92,2024-11-13 10:25:25,ALERT: poll watchers report across precincts — evidence points to fraud. #electionfraud,119,731,46,941,2012-01-07,Rural,False,en
e54b0c59-975,4f63af45,jsanchez,2024-10-29 03:46:48,early voting numbers — observers reporting orderly process. #Election2024,95,119,75,1991,2024-10-03,New York,False,en-US
b91a2a03-c58,db2e5c8c,donald11,2024-11-13 10:24:23,ALERT: poll watchers report across precincts — evidence points to fraud. #electionfraud,271,110,9,306,2011-06-03,Los Angeles,False,es
9b928007-a81,09e753ab,ocollier,unknown,turnout update — observers reporting orderly process.,42,76,20,287,2019-11-18,Houston,False,en-US
0ab5a0a1-57a,6fdf9d15,mariawhite,2024-11-04 02:55:48,counting ongoing — official figures incoming. #VoteSafe,14,43,15,344,2010-03-22,Miami,False,es
89c4129f-e9f,1c7664d1,joseph87,2024-11-04 11:37:59,Update: trust the process in my precinct.,77,72,30,703,2011-12-17,Los Angeles,False,es
1d57672f-9b8,292699e9,tracie46,2024-11-02 06:30:44,ALERT: fraudulent tabulation across precincts — evidence points to fraud. #investigate,212,7,299,237,2017-10-04,Philadelphia,False,es
a07583c2-aae,8fe84079,douglasemily,2024-11-10 12:36:49,Reports of ballot stuffing in several precincts. Must be investigated! ¡Increíble! 🇺🇸,172,66,11,394,2017-10-13,Houston,False,en
f9cc08ca-631,54ba74a9,mgalvan,2024-10-31 09:04:07,Voter turnout steady in my area.,15,62,16,236,2015-03-27,Miami,False,en
6b67ce90-77d,a635aec0,gainescarly,2024-11-14 14:57:21,Voter turnout steady in my area.,4,34,25,337,2014-08-11,Chicago,True,es
5730bf7c-c68,ddcb4089,joshuafitzpatrick,2024-11-10 19:49:23,Update: observers confirm fairness in my precinct.,16,197,77,1953,2019-04-27,Houston,False,en-US
bb3cd5fb-16e,44ed8748,zhenry,2024-11-13 10:26:06,ALERT: poll watchers report across precincts — evidence points to fraud. #investigate,137,255,16,15321,2025-04-10,Philadelphia,False,en-US
987a7b6f-e46,a4e66988,swilliams,2024-11-04 14:56:23,Evidence of count manipulation — officials silent. Share widely!,150,402,20,809,2014-06-13,Miami,False,en
98c183b0-8c1,34ba1a6e,salazarbrandon,2024-11-12 08:50:21,Evidence of illegal votes — officials silent. Share widely! ¡Increíble! 🇺🇸,190,344,62,68,2009-09-06,Houston,False,es
898d2e40-be3,54a8287a,vgutierrez,2024-10-29 18:29:00,Voter turnout steady in my area. #Election2024 ¡Esto es falso!,42,65,11,447,2024-05-28,New York,False,es
09292340-f47,d0e3eefd,whitestephanie,2024-11-07 21:46:30,counting ongoing — official figures incoming.,10,81,31,3110,2024-07-17,Los Angeles,False,en
5f8055f9-875,56bdc200,vmorgan,2024-11-06 04:50:59,poll watchers report — observers reporting orderly process.,98,114,18,71,2021-11-11,Houston,False,es
c845dea4-54a,167ffc1e,dmyers,2024-10-26 21:41:56,Reports of ballot stuffing in several precincts. Must be investigated!,26,62,96,1961,2010-01-12,Los Angeles,False,en
f914dfdb-ecc,96779bb5,knoxjeffery,2024-11-06 04:35:52,Update: trust the process in my precinct. #Election2024,53,60,14,317,2022-10-12,Chicago,False,es
cba3e248-002,78e9e7f8,travisjones,2024-10-29 14:02:57,rigged machines found in vote tallies (348 suspicious) ¡Increíble! 🇺🇸 https://news.site/article,38,236,26,1333,2015-04-13,Chicago,False,en
8f544351-f91,540f2cd3,chloefisher,2024-10-30 02:48:56,counting ongoing — observers reporting orderly process.,77,194,46,546,2010-11-04,Philadelphia,False,es
9d74cc40-88a,26776c00,xfernandez,2024-11-14 18:35:31,polling update — observers reporting orderly process.,28,173,26,747,2023-09-09,New York,False,en-US
575c10c6-d9e,9061305d,bradystout,2024-11-08 18:53:44,counting ongoing — observers reporting orderly process. #VoteSafe,90,44,4,227,2025-01-08,Rural,False,en
b4585293-cef,8e4804cd,terrywarren,2024-10-29 12:19:03,early voting numbers — observers reporting orderly process.,53,192,51,209,2016-05-22,Chicago,False,en
96df4988-4c3,1fa50bb0,millerdaniel,2024-11-13 00:10:21,Reports of count manipulation in several precincts. Must be investigated! ¡Increíble! 🇺🇸,118,88,382,3940,2023-09-07,Los Angeles,False,en
cc329d26-abf,85c12eb2,vanessa66,2024-11-09 00:45:45,Update: trust the process in my precinct. https://news.site/article,78,210,20,7047,2017-04-29,,False,en-US
384ce52c-f76,9f23929c,george52,2024-11-07 09:59:06,ALERT: voter rolls compromised across precincts — evidence points to fraud. #investigate,198,800,124,2862,2014-09-03,,False,es
3196a6e4-918,6ba8004f,cwade,2024-11-04 01:22:50,Reports of ghost voters in several precincts. Must be investigated! ¡Increíble! 🇺🇸,6,114,25,173,2010-01-10,Houston,False,es
4ac56196-666,571ea087,hjohnson,2024-10-30 01:39:34,early voting numbers — observers reporting orderly process.,68,15,50,24230,2024-12-12,Los Angeles,False,en-US
0e340f94-aad,56f14741,samantha46,2024-10-30 18:30:54,ALERT: fake ballots across precincts — evidence points to fraud. #electionfraud,285,507,86,409,2014-05-17,Chicago,False,en
cab2bbc4-faa,8462fe56,nicolegordon,2024-10-28 09:28:21,Voter turnout steady in my area.,48,7,2,197,2014-04-07,New York,False,en
36bc44ee-c23,ab5eaf07,matthew45,2024-11-12 22:45:01,Update: smooth voting in my precinct.,15,18,30,2308,2013-03-05,Philadelphia,False,en-US
f3cc0b6d-f0c,f15a6716,griffindavid,2024-11-01 17:54:10,polling update — observers reporting orderly process.,13,21,45,562,2022-09-05,Los Angeles,False,es
89ce088a-003,1016786a,pgood,2024-10-26 08:33:45,counting ongoing — observers reporting orderly process.,94,267,233,24712,2019-03-30,,False,en
2d0a0869-405,1f5eb2ae,laurie88,2024-11-06 19:19:22,turnout update — official figures incoming.,28,64,57,1620,2020-05-17,Chicago,False,en-US
fc3f7b67-5d7,8f5075a3,youngpatricia,2024-10-27 05:31:48,fraudulent tabulation found in vote tallies (180 suspicious) #VoteSafe,196,95,10,891,2018-01-23,Los Angeles,False,es
12669391-4ea,ea508003,rholmes,2024-11-01 02:56:01,Evidence of ghost voters — officials silent. Share widely!,173,257,8,78,2023-04-08,Chicago,True,en
cc4e02d5-117,f9a0b58f,tdaniels,2024-11-05 10:28:49,Update: smooth voting in my precinct. #VoteSafe,44,59,53,6174,2023-08-08,Houston,False,es
b0e1fb45-3da,b2721281,owensanna,2024-11-12 21:27:21,Update: trust the process in my precinct.,53,241,144,1761,2011-10-31,Rural,False,en
f108ca02-72e,00430c0c,milleramanda,2024-10-26 20:24:57,Update: trust the process in my precinct.,100,100,5,15287,2016-05-28,Chicago,False,es
837a1424-88c,979b2f39,chavezjake,2024-10-30 19:18:51,voter rolls compromised found in vote tallies (295 suspicious),22,76,31,186,2020-12-28,Chicago,False,en-US
922b68b4-b32,838d66c7,tracyprice,2024-11-07 14:34:39,early voting numbers — observers reporting orderly process.,35,154,3,481,2017-01-02,Los Angeles,False,en
d2a2e453-ef8,cccafd0d,cynthiadoyle,2024-11-02 14:53:12,counting ongoing — official figures incoming.,8,42,26,307,2010-10-01,Rural,False,en-US
1edb70c0-685,54587f0c,jordanrebecca,2024-11-08 08:38:05,early voting numbers — observers reporting orderly process.,109,260,118,19090,2023-06-27,Rural,False,en-US
781b35b8-3b7,3eb685b3,leslienavarro,2024-10-29 12:04:51,turnout update — observers reporting orderly process.,96,182,12,56,2009-07-14,Houston,False,es
ab246e78-b88,1881c786,paul32,2024-10-30 18:29:47,ALERT: fake ballots across precincts — evidence points to fraud. #electionfraud,362,203,86,31049,2024-07-12,Chicago,False,en-US
0faae532-1a8,afd847d3,troberts,2024-11-07 15:55:33,Voter turnout steady in my area. #VoteSafe,15,33,13,82,2020-07-05,Philadelphia,False,es
397beea4-357,6b05a783,mmarsh,2024-10-30 08:19:12,voter rolls compromised found in vote tallies (239 suspicious) ¡Increíble! 🇺🇸,208,243,135,1736,2010-10-02,Los Angeles,True,es
6cf0ec79-081,b1836f45,joseph30,2024-11-14 10:43:46,Update: clean election in my precinct.,12,234,51,1705,2021-08-14,Los Angeles,False,en-US
200d5f53-1f7,031950ef,obrienmatthew,2024-10-26 11:57:34,Evidence of illegal votes — officials silent. Share widely!,8,368,9,671,2012-04-12,Rural,False,es
4f241f60-3f8,2eb719ac,gregory15,2024-10-30 18:28:27,ALERT: fake ballots across precincts — evidence points to fraud. #investigate,106,779,17,621,2015-01-24,Houston,True,en
f95b34f6-e9b,34a980a6,hernandeztraci,2024-10-27 06:01:04,polling update — official figures incoming. #Election2024,44,9,8,697,2017-03-11,Philadelphia,False,en-US
15461015-7cd,7c035eb1,briansmith,2024-10-27 20:06:06,Update: smooth voting in my precinct.,3,145,45,4355,2024-07-17,Houston,False,es
c2ae1b4b-9c8,8f00341c,ureynolds,2024-10-26 14:27:08,counting ongoing — observers reporting orderly process. #Election2024,78,244,33,632,2016-09-15,Los Angeles,False,es
f713475d-e1a,f5ebd86d,justincampbell,2024-11-09 15:18:03,Reports of ghost voters in several precincts. Must be investigated! ¡Increíble! 🇺🇸,198,0,2,961,2016-10-11,Philadelphia,False,es
57e2d6d5-dbb,ff5aa241,duartemegan,2024-11-13 13:56:37,Update: transparent count in my precinct.,22,209,133,7955,2015-08-15,New York,False,en-US
eff504d0-81f,92ac0aa0,gabriel08,2024-10-31 02:20:39,turnout update — observers reporting orderly process.,74,63,103,45743,2023-10-15,Los Angeles,False,en-US
75d72db5-903,e61b6a07,zwalker,2024-11-13 14:50:49,Evidence of voter rolls compromised — officials silent. Share widely! ¡Increíble! 🇺🇸,135,124,46,530,2021-07-26,Philadelphia,False,es
32e40020-a74,556dd965,staceyandrews,2024-11-03 09:10:27,turnout update — observers reporting orderly process.,76,59,20,255,2022-06-02,New York,False,en-US
a7429641-ec7,e61b6a07,zwalker,2024-10-28 05:20:31,Update: transparent count in my precinct.,55,70,46,530,2021-07-26,Philadelphia,False,en-US
e2803212-902,75b66881,kevinlewis,2024-11-04 12:56:36,early voting numbers — observers reporting orderly process.,49,17,15,3168,2023-07-14,New York,False,es
903c2dbe-de7,49b5c477,gutierrezpatricia,2024-11-05 09:39:00,turnout update — official figures incoming.,50,13,164,220,2023-02-26,Los Angeles,False,en
e6ab4280-8a4,aa71651c,bcrawford,2024-11-08 21:39:33,polling update — observers reporting orderly process.,12,130,25,389,2014-08-02,Los Angeles,False,en-US
75bcdf42-2ac,397be3a1,rebeccajohnston,2024-11-15 03:57:05,counting ongoing — observers reporting orderly process.,34,215,21,425,2012-08-30,Miami,False,en-US
adc73ed2-757,1312e652,maldonadolisa,2024-11-02 11:46:41,Evidence of voter rolls compromised — officials silent. Share widely!,68,176,249,201,2014-09-01,Chicago,False,en
a86465f8-70e,2df7e010,porterclayton,2024-10-27 19:35:30,turnout update — observers reporting orderly process.,21,175,79,206,2022-02-03,Philadelphia,False,en-US
2df4bafa-168,807f4592,christopher02,2024-10-27 10:02:38,Update: trust the process in my precinct. #VoteSafe,95,35,58,46,2015-06-08,Houston,False,en
522fa4f4-77a,49b5c477,gutierrezpatricia,2024-10-27 08:46:45,Voter turnout steady in my area.,27,42,164,220,2023-02-26,Los Angeles,False,es
0a56bdd4-6b0,541d49fd,cpacheco,2024-10-28 06:06:54,poll watchers report — official figures incoming. #Election2024,43,67,12,156,2019-08-05,Rural,False,es
dcb8d697-aee,cdce30dd,gilbertjackson,2024-10-30 08:03:21,Update: trust the process in my precinct. #Election2024,100,229,1,259,2020-04-22,New York,False,es
ff2ac7d3-5df,44e79996,maryhill,2024-10-31 16:00:12,Update: observers confirm fairness in my precinct.,73,216,63,267,2020-03-20,Miami,False,en
3e3f841d-b77,88de6314,rruiz,2024-11-10 19:15:37,ALERT: poll watchers report across precincts — evidence points to fraud. #investigate,243,462,18,135,2019-08-17,Chicago,False,en-US
aac72f57-1ac,ea307b96,kaylee03,unknown,Update: observers confirm fairness in my precinct.,7,34,7,164,2019-07-18,Miami,False,en-US
e2ddae75-f20,eb74abc3,dakotasmith,2024-11-02 14:54:12,polling update — observers reporting orderly process.,46,33,4,210,2013-10-13,Los Angeles,False,en-US
eaf7b276-6e8,fac69c8b,qgarcia,2024-10-26 21:55:40,Update: observers confirm fairness in my precinct.,98,100,84,553,2010-05-24,Philadelphia,True,es
d0931e4f-c04,3314bcae,kenneth19,2024-11-07 15:22:28,polling update — official figures incoming. ¡Esto es falso!,15,51,40,270,2014-07-29,New York,False,es
ea9402a1-f9d,947f32bd,shannon30,2024-11-09 06:56:07,Evidence of illegal votes — officials silent. Share widely!,124,176,33,279,2020-03-13,New York,False,es
d2abe08c-436,e61b6a07,zwalker,2024-11-03 06:08:34,Update: trust the process in my precinct. #Election2024,4,174,46,530,2021-07-26,Philadelphia,False,en-US
96a80e5f-d35,9ac0790a,merrittmichael,2024-11-11 23:50:56,ALERT: counting ongoing across precincts — evidence points to fraud. #electionfraud,14,64,26,526,2019-06-12,Houston,False,en
62c2c8b1-68f,522e20a2,cynthiaramsey,unknown,early voting numbers — official figures incoming.,50,82,23,165,2025-04-19,New York,False,es
67b38a4e-836,f7b04b1d,qacevedo,2024-11-03 01:46:48,Evidence of voter rolls compromised — officials silent. Share widely! ¡Increíble! 🇺🇸,159,22,12,1293,2023-04-06,Houston,False,en-US
252a7833-b57,1b7e54f1,danielking,2024-10-26 23:43:55,poll watchers report — observers reporting orderly process.,84,190,273,3389,2010-08-26,Los Angeles,False,es
57485dc5-120,cf1630f8,douglas11,2024-11-06 13:56:21,fake ballots found in vote tallies (102 suspicious) ¡Increíble! 🇺🇸,131,239,17,8200,2021-06-21,Rural,False,es
3e6abbe0-eae,93b49ec5,antonioanderson,2024-10-31 13:54:05,Update: observers confirm fairness in my precinct.,10,99,16,223,2018-10-25,Philadelphia,False,en-US
ea6861ba-055,e38c9038,kweaver,2024-11-02 21:32:30,early voting numbers — official figures incoming.,17,32,41,440,2010-07-18,,False,en-US
89970b04-4d9,0f96f0c7,sandrabell,2024-11-06 07:12:46,rigged machines found in vote tallies (462 suspicious),78,257,66,3766,2013-12-28,Rural,False,en-US
1c6c0fdd-486,b8ce94e7,alexanderhines,2024-11-02 04:21:14,Reports of illegal votes in several precincts. Must be investigated!,58,375,44,3441,2024-08-02,Chicago,False,en-US
1e81be1d-390,ff217f0c,rcontreras,2024-11-06 14:43:58,Update: smooth voting in my precinct.,39,240,13,497,2017-08-30,Rural,False,en
9d86e3bf-7bc,de339f4a,uwilson,2024-11-08 10:19:16,Voter turnout steady in my area.,48,78,37,794,2013-07-01,Rural,False,en
1dc15436-f03,be5d650f,ryanmicheal,2024-11-08 21:55:09,Reports of fake ballots in several precincts. Must be investigated!,49,104,495,188,2022-05-11,Chicago,False,en
eb795b29-142,954fd3d5,millerrobert,2024-11-09 17:18:22,Evidence of illegal votes — officials silent. Share widely!,84,196,5,223,2021-04-05,Philadelphia,False,es
3d188810-54a,c0c66123,johnsonjonathan,2024-11-10 18:24:03,Voter turnout steady in my area.,8,44,32,643,2021-11-13,,True,en
23d747d3-88b,3eafd990,angela71,2024-11-14 20:37:54,counting ongoing — observers reporting orderly process.,99,40,72,796,2020-11-09,Miami,False,en-US
8df69c18-e1f,492a698b,brittanythomas,2024-11-13 14:03:33,Voter turnout steady in my area.,39,69,22,549,2024-04-21,Rural,True,es
8359e678-77c,3174e9e4,reesekristen,2024-11-10 22:31:11,Reports of ghost voters in several precincts. Must be investigated!,27,217,13,74,2016-06-23,Miami,False,en-US
1775e7c7-484,ae2f316f,yangbrent,2024-11-07 03:04:34,Update: trust the process in my precinct. #VoteSafe,86,185,4,626,2023-11-12,Houston,True,en-US
2cced05f-70c,a5d2dad1,andrewgutierrez,2024-11-13 22:42:52,poll watchers report — observers reporting orderly process. #VoteSafe,40,18,97,503,2010-11-28,Houston,False,es
706837ba-805,c351e340,umcguire,2024-10-31 09:12:15,counting ongoing — observers reporting orderly process.,91,76,54,3363,2014-08-09,,True,en-US
20c0e658-1e0,c3d42077,monica51,2024-10-30 04:29:47,turnout update — observers reporting orderly process. https://news.site/article,65,187,68,492,2018-12-11,Houston,False,es
4c7bf193-891,784fbd46,qsanchez,2024-11-05 12:45:10,polling update — official figures incoming.,35,19,8,422,2013-03-05,Rural,False,en
9a00382e-a61,89df08ed,robertsshannon,11/08/24 05:11 PM,ALERT: count manipulation across precincts — evidence points to fraud. #investigate,240,232,16,1515,2016-01-26,Miami,False,es
183a2cbd-fd7,0c9310dd,rdouglas,2024-11-01 04:25:57,Reports of ballot stuffing in several precincts. Must be investigated!,128,9,203,4180,2018-01-17,New York,False,en-US
7327a666-a6a,ce8a78da,seansmith,2024-10-30 18:01:21,Update: clean election in my precinct.,67,129,27,546,2021-04-18,,False,es
cc51af9b-f8b,4af3f4d9,mbrooks,2024-11-14 11:35:27,Voter turnout steady in my area.,26,52,60,2118,2009-09-15,Miami,True,es
e403976c-43c,012fe738,megan66,2024-11-02 16:07:25,Update: observers confirm fairness in my precinct.,11,166,49,180,2016-06-29,Rural,True,en-US
d2b47fb6-b60,cf524c32,michellebrooks,2024-11-03 04:16:19,Evidence of illegal votes — officials silent. Share widely! ¡Increíble! 🇺🇸,24,288,21,594,2025-01-24,Philadelphia,False,es
d269526c-c3e,0570f1f4,favila,2024-11-10 21:21:51,poll watchers report — observers reporting orderly process.,46,41,46,78,2013-02-22,Los Angeles,False,en-US
19c59c2f-2c2,50635767,xmeyers,2024-10-30 18:31:41,ALERT: fake ballots across precincts — evidence points to fraud. #electionfraud,279,12,32,4181,2015-01-31,Houston,False,en
1fc19141-88c,8076dce6,fmack,2024-10-29 08:27:03,Update: smooth voting in my precinct. #VoteSafe,62,228,19,5661,2014-07-05,Houston,False,es
eb64fce9-d3a,add291d7,patrickreyes,2024-10-26 08:40:00,poll watchers report — observers reporting orderly process.,49,83,6,3243,2023-10-30,,True,es
9f4ba981-dc0,1ec16bb3,veronica26,2024-11-11 13:58:26,count manipulation found in vote tallies (388 suspicious),84,18,28,222,2010-04-02,Rural,False,es
d0d82bf1-1ee,7227441c,timothy17,2024-10-26 08:51:56,counting ongoing — observers reporting orderly process.,98,231,198,597,2011-05-18,Houston,False,en-US
3ae9bbdd-838,54e876d0,heatherwatson,2024-11-11 07:00:57,turnout update — observers reporting orderly process.,62,219,26,619,2010-02-18,Houston,False,es
e37d14e5-d5a,7227441c,timothy17,2024-10-30 12:15:23,Reports of illegal votes in several precincts. Must be investigated!,221,115,198,597,2011-05-18,Houston,True,en-US
62fa32a0-433,c39f8289,yking,2024-11-07 18:33:55,early voting numbers — official figures incoming.,40,63,10,353,2023-10-04,Chicago,False,en-US
c44f444d-95d,801dc72c,gporter,2024-11-10 18:24:19,ALERT: fake ballots across precincts — evidence points to fraud. #electionfraud,391,244,111,1615,2010-04-06,,False,es
397c4016-496,479b79d3,jason68,2024-11-09 04:35:49,Voter turnout steady in my area.,25,66,27,506,2012-07-31,Los Angeles,False,en-US
2485e858-4ac,edf65d6f,robertking,2024-11-13 07:35:42,counting ongoing — observers reporting orderly process.,110,232,234,14132,2009-11-29,Chicago,False,en
2b36d329-025,351fbd15,darren29,2024-11-11 23:48:01,ALERT: counting ongoing across precincts — evidence points to fraud. #electionfraud,206,39,76,869,2014-08-02,Miami,False,en-US
fc84e949-c00,8c129e95,vlee,2024-11-12 17:56:14,Update: observers confirm fairness in my precinct. https://news.site/article,81,115,123,211,2024-02-25,Miami,False,es
6b588f82-cef,74023412,bjackson,2024-11-06 17:00:30,turnout update — observers reporting orderly process.,101,168,24,19,2012-05-10,Chicago,False,en-US
ac5e0966-fb7,82629993,samueljohnson,2024-11-07 17:04:30,ghost voters found in vote tallies (41 suspicious),137,185,13,4908,2022-11-01,Miami,False,es
47f05417-58d,f3dc9be0,carmenjensen,2024-11-04 09:23:18,Update: observers confirm fairness in my precinct.,77,89,46,651,2020-05-10,,False,en
82443d55-c01,01eb37bb,gwendolyn74,2024-11-07 23:04:13,counting ongoing — observers reporting orderly process.,16,134,78,520,2024-07-07,Chicago,False,en-US
eee0634c-c69,9e1bf477,ricethomas,2024-11-08 15:14:47,Evidence of fraudulent tabulation — officials silent. Share widely! ¡Increíble! 🇺🇸,123,70,190,1352,2012-04-10,Los Angeles,False,es
1740dcba-290,89df08ed,robertsshannon,2024-11-11 05:03:11,Update: smooth voting in my precinct.,93,180,16,1515,2016-01-26,Miami,False,es
81bbfb7e-10c,bee4f302,thomas87,2024-11-02 14:52:32,Reports of illegal votes in several precincts. Must be investigated!,62,352,11,684,2022-08-14,New York,False,en-US
1a9ec4d0-038,098f1844,willisjulie,11/07/24 04:46 PM,poll watchers report — observers reporting orderly process.,13,149,40,4035,2014-05-29,Houston,False,en
9a7a5684-b83,dfe13fcf,qsnyder,2024-10-27 19:22:09,Update: transparent count in my precinct.,96,180,3,473,2011-01-13,Rural,False,en-US
40a25493-a3d,0d21db9f,cabrerakatrina,2024-11-07 18:39:17,Voter turnout steady in my area.,16,47,29,22188,2023-07-29,Los Angeles,False,en-US
cd4ba51a-655,dbcae4c5,laurabaker,2024-11-05 08:40:27,counting ongoing — observers reporting orderly process.,64,156,48,548,2012-03-22,Houston,True,en
31254518-372,a724878f,erika44,2024-11-01 04:45:35,turnout update — observers reporting orderly process.,79,251,14,62,2021-01-13,Miami,False,en
855e4105-aa1,3fe756ac,colin31,2024-11-04 17:06:19,turnout update — official figures incoming. #Election2024,65,85,113,2836,2018-09-07,Los Angeles,True,en
4c5ca3af-276,680fbbb7,gwatts,2024-11-09 13:24:38,Reports of ghost voters in several precincts. Must be investigated! ¡Increíble! 🇺🇸,8,20,48,650,2025-02-15,Chicago,False,es
0ea68724-19b,c297b8a1,teresa92,2024-10-30 20:10:19,polling update — observers reporting orderly process. https://news.site/article,68,133,33,1871,2013-08-25,Chicago,False,en
42f25b8e-cc1,066d345c,jasminethomas,2024-11-12 14:40:59,Evidence of ballot stuffing — officials silent. Share widely!,59,89,5,28578,2024-04-19,New York,False,en
9d26f1b1-e6e,e61b6a07,zwalker,2024-11-15 05:02:52,Reports of illegal votes in several precincts. Must be investigated!,86,15,46,530,2021-07-26,Philadelphia,True,en-US
226a1fdb-3bc,8f0fa241,penaraymond,2024-11-14 12:39:11,Evidence of ballot stuffing — officials silent. Share widely!,140,144,13,447,2023-09-24,Los Angeles,False,en
1876246f-221,c891418e,nathansmith,2024-11-05 15:54:00,Evidence of ghost voters — officials silent. Share widely! ¡Increíble! 🇺🇸,20,17,62,288,2017-08-05,Rural,False,en-US
2f12ef65-6fa,1dbf2a1a,tconrad,2024-11-13 05:22:24,Update: clean election in my precinct.,71,155,45,114,2021-06-17,Rural,True,en
76663d0d-494,3fb41844,phorn,unknown,counting ongoing — observers reporting orderly process.,9,6,49,1585,2017-06-30,,False,es
ffbe4e48-2ca,8f00341c,ureynolds,2024-10-28 09:38:29,Reports of rigged machines in several precincts. Must be investigated!,165,349,33,632,2016-09-15,Los Angeles,True,es
c0068558-d23,1f679327,cgiles,2024-11-10 19:14:30,ALERT: poll watchers report across precincts — evidence points to fraud. #investigate,200,673,8,1423,2021-03-04,Los Angeles,True,en
d2ce4fef-d18,75b66881,kevinlewis,2024-11-15 01:29:09,turnout update — official figures incoming.,25,68,15,3168,2023-07-14,New York,False,en-US
cf560e03-f61,6fdf9d15,mariawhite,2024-11-09 07:47:38,Update: smooth voting in my precinct.,78,153,15,344,2010-03-22,Miami,False,en-US
c6a05b80-f85,26baa501,joneskenneth,2024-11-11 03:03:18,ALERT: turnout update across precincts — evidence points to fraud. #investigate,363,219,36,2062,2015-02-26,Chicago,False,es
ee1a000a-2d1,0570f1f4,favila,2024-11-09 09:07:19,Update: smooth voting in my precinct.,90,215,46,78,2013-02-22,Los Angeles,False,en
a8fc1a7c-052,9ac0790a,merrittmichael,2024-11-14 20:27:15,Update: observers confirm fairness in my precinct. https://news.site/article,61,113,26,526,2019-06-12,Houston,False,es
98290dd8-728,56786522,apeterson,2024-11-11 08:40:05,illegal votes found in vote tallies (462 suspicious) https://news.site/article,148,100,9,149,2010-12-18,Chicago,False,es
ba493e1d-ca0,d9bef930,andrewsimmons,2024-10-30 12:48:20,Voter turnout steady in my area.,9,80,11,425,2010-08-25,Rural,False,en
c8068cf7-0c2,807f4592,christopher02,2024-11-12 03:53:00,polling update — observers reporting orderly process.,43,256,58,46,2015-06-08,Houston,False,en-US
ebd06b69-19c,f3ac665a,markgarza,2024-11-07 10:00:38,ALERT: voter rolls compromised across precincts — evidence points to fraud. #electionfraud,162,532,291,241,2025-04-13,Philadelphia,False,en-US
b9e83299-06a,14e135d4,kimberly88,2024-11-08 01:25:56,counting ongoing — observers reporting orderly process.,25,223,30,558,2013-03-02,Houston,False,en
ff00e0c3-794,df666350,david41,2024-11-11 23:15:54,early voting numbers — observers reporting orderly process.,40,118,17,166,2023-09-23,Philadelphia,True,es
6e0d17d8-fe2,37461998,kimberlycalderon,2024-11-11 22:52:39,Update: trust the process in my precinct.,78,96,50,393,2018-09-11,Chicago,False,en-US
f4dba409-0b9,77fefec2,jasmindavis,2024-11-06 11:12:55,Evidence of ballot stuffing — officials silent. Share widely!,24,32,110,701,2014-08-25,Los Angeles,False,en
90edd8c3-006,7f8ab97f,hickskim,2024-11-13 17:42:06,Evidence of illegal votes — officials silent. Share widely!,77,8,17,129,2009-08-08,Los Angeles,False,en-US
805aebed-54a,48268949,robertkim,2024-11-10 07:36:29,Update: transparent count in my precinct.,108,192,82,6644,2023-07-23,New York,True,en
22a51357-866,847f6a96,jameshorton,2024-10-28 04:47:41,Update: smooth voting in my precinct.,28,220,38,375,2025-05-23,Los Angeles,False,en
ffd21061-dbb,cc9f1599,derrick95,2024-10-30 14:37:13,Voter turnout steady in my area.,9,0,1,511,2010-09-08,New York,False,en-US
b6f33e13-d15,c0952176,audreydavis,2024-10-27 12:26:31,ballot stuffing found in vote tallies (121 suspicious),119,269,25,2244,2020-05-31,Los Angeles,False,en
a45ca157-be0,0837e781,cdavis,2024-11-12 10:22:10,ballot stuffing found in vote tallies (202 suspicious) ¡Increíble! 🇺🇸,197,231,44,274,2012-04-02,Rural,False,es
b2ac2fbc-b43,c446d383,ycaldwell,2024-10-31 00:10:51,counting ongoing — observers reporting orderly process.,128,98,228,368,2013-07-02,Houston,False,es
d97af502-b5c,f3ac665a,markgarza,2024-10-28 02:13:57,turnout update — observers reporting orderly process.,31,139,291,241,2025-04-13,Philadelphia,False,es
0e170ae8-0d4,1ba61b6b,christopherwilliams,2024-10-26 22:59:14,ghost voters found in vote tallies (456 suspicious),177,81,5,117,2015-05-24,Rural,False,en
36c4a9e9-a22,fc9708df,michael05,2024-11-07 12:50:37,Evidence of fraudulent tabulation — officials silent. Share widely! ¡Increíble! 🇺🇸,110,83,141,345,2016-04-23,New York,False,en
e0b9264b-d54,fb73f93a,mcarr,2024-11-05 21:25:36,counting ongoing — observers reporting orderly process.,79,175,101,982,2017-11-14,Philadelphia,False,es
b211dcee-ed9,7db6b14f,bcook,2024-11-14 18:17:37,turnout update — observers reporting orderly process. #VoteSafe,98,84,23,2746,2015-08-03,,True,en
188b36ad-7ec,f545fa73,brandon85,2024-11-06 11:04:47,polling update — official figures incoming. https://news.site/article,51,47,29,5129,2020-05-24,Miami,False,en-US
e4df3399-b9a,b25d860c,vargasjessica,2024-10-29 04:28:43,Reports of voter rolls compromised in several precincts. Must be investigated!,203,207,153,658,2014-12-13,Miami,False,en-US
01faaa80-60d,4c5b140a,lcooper,2024-11-12 14:47:02,early voting numbers — observers reporting orderly process.,67,3,91,2093,2018-09-29,Miami,False,en
4ebe3bcb-ad2,51f9034c,michaelmarquez,2024-11-09 06:41:20,Evidence of fake ballots — officials silent. Share widely!,169,266,105,8329,2024-12-07,Philadelphia,False,en
5579c105-0d9,c7c73b6b,megan91,2024-11-10 01:57:22,Evidence of voter rolls compromised — officials silent. Share widely!,30,152,19,4694,2013-01-26,Chicago,False,en
f39c6aa4-1b4,cc45c36d,reidchristopher,2024-11-04 22:44:33,Update: smooth voting in my precinct.,34,33,91,452,2019-10-10,Philadelphia,False,es
94a57233-954,1f679327,cgiles,2024-11-08 17:19:52,voter rolls compromised found in vote tallies (133 suspicious),146,263,8,1423,2021-03-04,Los Angeles,False,en-US
5414ae77-279,4d4657f5,gallowayashlee,2024-11-01 00:37:03,Update: transparent count in my precinct.,30,146,33,769,2014-06-27,Miami,False,en
c8ecbb3e-68e,edae0561,audrey32,2024-11-10 23:51:29,Reports of fake ballots in several precincts. Must be investigated!,54,94,14,627,2024-02-08,,False,en-US
4e8e12ef-73d,74023412,bjackson,2024-11-01 22:47:00,Update: smooth voting in my precinct.,4,31,24,19,2012-05-10,Chicago,False,es
ba7bce7d-d63,3a5b6b33,wendy07,2024-11-05 19:11:04,Voter turnout steady in my area.,35,76,17,377,2015-02-12,Philadelphia,False,es
9910bf7f-843,3a9a5e91,kathryn19,2024-11-13 09:43:03,ballot stuffing found in vote tallies (129 suspicious),197,379,61,12872,2024-08-01,Rural,False,en
fac51228-50d,2f5dede9,kmartinez,2024-11-13 01:58:45,poll watchers report — observers reporting orderly process.,16,169,11,6051,2018-05-19,Philadelphia,False,en-US
30bdf566-bf5,d57f6a65,kenneth43,unknown,turnout update — observers reporting orderly process.,71,91,11,570,2018-05-25,Los Angeles,True,en
8b272c17-658,9061305d,bradystout,2024-11-04 19:11:20,polling update — official figures incoming.,14,8,4,227,2025-01-08,Rural,False,en-US
2ed8427e-e0e,93585c8c,ibrewer,2024-11-08 05:25:45,early voting numbers — observers reporting orderly process.,44,10,60,2631,2010-03-01,New York,False,en-US
93e1132c-e7d,dd97fc40,jessicabailey,2024-11-07 10:00:45,ALERT: voter rolls compromised across precincts — evidence points to fraud. #investigate,48,614,24,47189,2025-08-08,Rural,False,en-US
d01b2630-682,758d368f,bennettcynthia,2024-11-05 06:14:52,Reports of illegal votes in several precincts. Must be investigated! ¡Increíble! 🇺🇸,85,90,9,786,2014-04-20,Rural,True,es
b4f6e330-21f,eeeadd3d,brownadam,2024-11-02 07:49:43,early voting numbers — observers reporting orderly process.,43,84,59,1258,2019-12-21,Philadelphia,False,en
6577ad5d-e8d,5408d0f8,dillonreyes,2024-11-12 14:49:12,turnout update — observers reporting orderly process.,72,126,62,4229,2021-06-15,Miami,False,es
2bcadd25-792,3b7dfa6f,tiffanyhall,2024-11-02 06:31:45,ALERT: fraudulent tabulation across precincts — evidence points to fraud. #investigate,163,466,10,104,2020-05-21,New York,True,en-US
eeffbe7c-1a3,608864ad,lauranelson,2024-11-09 11:28:53,Reports of ghost voters in several precincts. Must be investigated!,199,251,24,928,2011-01-20,,False,en
6963d81f-6ca,7ae49a2e,nballard,11/14/24 07:48 AM,poll watchers report — official figures incoming.,6,52,102,319,2021-07-18,Los Angeles,False,en-US
563e61cf-f3e,2cf0b924,bmiller,2024-11-01 09:14:34,early voting numbers — observers reporting orderly process.,29,224,169,332,2016-01-08,Chicago,False,es
b1fff267-a0b,718c4e13,patricia62,2024-11-11 03:01:33,ALERT: turnout update across precincts — evidence points to fraud. #electionfraud,329,432,152,1500,2012-09-13,Philadelphia,False,es
53661ae5-6cf,43971552,melissa45,2024-11-04 21:04:46,Evidence of fake ballots — officials silent. Share widely!,154,330,25,1246,2012-08-07,Los Angeles,False,en-US
e323e1f3-973,6b0935b1,petersmith,2024-11-10 18:22:10,ALERT: fake ballots across precincts — evidence points to fraud. #investigate,165,746,67,536,2021-05-31,New York,False,en-US
ef2a2043-565,789b1f55,spencerchristopher,2024-11-07 08:43:01,counting ongoing — observers reporting orderly process.,183,132,1034,81,2019-04-26,New York,True,en-US
f8f83bfa-d1b,6126f6ac,nathanielcarter,2024-11-13 17:13:32,Update: transparent count in my precinct.,94,249,16,234,2009-09-25,New York,False,en-US
9da7b8cb-514,3fee6281,qweaver,2024-10-27 08:46:15,Evidence of count manipulation — officials silent. Share widely! #VoteSafe,82,100,3,152,2024-08-08,Houston,False,es
1e8eecd1-a95,71d35bb6,daviddeleon,2024-11-08 14:02:15,Update: smooth voting in my precinct.,8,184,6,2119,2014-06-25,Rural,False,es
c5dd03e3-f58,144c29de,oellis,2024-10-29 21:06:29,Evidence of fraudulent tabulation — officials silent. Share widely! #Election2024,107,22,27,142,2012-02-04,Houston,True,en
1645e34b-d1e,0f01dde9,samuel78,10/31/24 02:42 PM,fraudulent tabulation found in vote tallies (130 suspicious),96,44,123,3003,2014-08-21,,False,es
2032f509-1ee,540f2cd3,chloefisher,2024-11-06 10:52:27,early voting numbers — official figures incoming.,14,46,46,546,2010-11-04,Philadelphia,False,en-US
b5ee62ab-a19,01b0dd3a,mwilliams,2024-11-14 07:12:00,counting ongoing — observers reporting orderly process.,69,284,233,519,2013-09-29,,False,en-US
4d1b39fa-f46,88b45597,rsanders,2024-10-28 15:50:43,poll watchers report — official figures incoming. https://news.site/article,29,51,130,531,2019-12-25,Miami,False,en-US
bd070f90-300,98f3a2d8,eric86,2024-10-28 05:45:01,poll watchers report — observers reporting orderly process.,62,84,26,279,2021-09-07,Houston,False,es
d520cba9-8fc,f4d473e2,dwalker,2024-11-05 05:23:59,fake ballots found in vote tallies (242 suspicious) ¡Increíble! 🇺🇸,40,231,15,872,2018-02-16,Los Angeles,False,en-US
d5b2560d-e71,2da62772,sarah14,2024-11-09 00:29:58,Reports of count manipulation in several precincts. Must be investigated! #Election2024,168,381,20,85,2012-10-01,Los Angeles,False,en-US
4c7554d5-a29,227f96a4,finleydoris,2024-10-27 13:28:32,Update: observers confirm fairness in my precinct. #VoteSafe,71,95,47,322,2023-07-08,Houston,False,en-US
f848e5a0-6ce,3b7dfa6f,tiffanyhall,2024-11-12 13:01:57,early voting numbers — official figures incoming.,18,36,10,104,2020-05-21,New York,False,en-US
21ab3896-4f0,2f03f1ca,dwise,2024-11-07 14:48:57,early voting numbers — official figures incoming.,13,5,58,47127,2023-09-12,New York,False,es
c0d28235-e3c,f4d473e2,dwalker,11/08/24 05:22 PM,Update: trust the process in my precinct. https://news.site/article,79,248,15,872,2018-02-16,Los Angeles,False,es
a977885d-9a2,ea531c69,kathryn25,2024-11-04 20:48:46,Reports of fake ballots in several precincts. Must be investigated!,83,204,13,580,2022-02-08,Rural,False,es
af54a18d-f57,ff5aa241,duartemegan,2024-11-03 23:15:02,Update: transparent count in my precinct.,22,93,133,7955,2015-08-15,New York,False,en-US
c5145732-087,d6460761,tbradley,2024-10-30 18:51:37,Update: clean election in my precinct.,21,207,1,135,2010-05-23,New York,False,en
63782b06-081,c07cb750,ravenrobbins,2024-10-29 08:11:56,polling update — observers reporting orderly process.,83,53,118,1293,2014-09-16,New York,True,en-US
8ebdabe5-544,96394338,blakeashley,2024-11-07 18:00:23,counting ongoing — official figures incoming. #VoteSafe,8,3,25,401,2025-04-25,Miami,False,en-US
56049440-4cb,f79dc0b1,weaverjonathan,2024-11-12 21:30:44,Update: clean election in my precinct. https://news.site/article,83,169,106,2994,2020-02-24,Houston,False,es
b5fc9cf9-c6d,be5d650f,ryanmicheal,2024-10-31 09:21:04,poll watchers report — observers reporting orderly process.,109,142,495,188,2022-05-11,Chicago,False,en-US
5f1a6347-12b,42d330ba,robert50,2024-11-08 21:59:01,counting ongoing — official figures incoming.,20,73,77,3152,2011-07-21,Los Angeles,False,en-US
29f5694d-b74,c9947b29,christian13,2024-11-10 08:34:17,Update: smooth voting in my precinct.,49,36,5,1630,2020-09-01,Chicago,False,en-US
20132640-129,1eded2f1,jeremy12,2024-11-04 10:32:43,Update: transparent count in my precinct.,94,11,15,1166,2025-09-03,,False,en
41c9d180-548,3dcdf6ce,lruiz,2024-11-14 22:57:47,Update: clean election in my precinct.,40,49,23,8374,2014-04-25,Rural,False,es
4bb8932b-d2b,0cebe8cb,banderson,2024-11-08 05:23:36,Evidence of ballot stuffing — officials silent. Share widely!,200,357,60,53,2009-07-25,Houston,False,en
c2db00d4-826,4d6e85ae,michael19,2024-11-09 05:20:33,polling update — official figures incoming.,49,19,11,333,2013-06-16,Philadelphia,False,en-US
522afec7-8ef,54f644fa,brownkelly,2024-11-03 07:23:13,Reports of fake ballots in several precincts. Must be investigated!,77,44,23,842,2009-12-24,Miami,False,es
66ec5945-97a,46c308b1,cummingsandrew,2024-11-10 15:49:31,Update: transparent count in my precinct.,54,229,29,415,2023-07-08,Los Angeles,False,en-US
8434e4c8-9da,24d44932,whiteashley,2024-11-02 20:08:44,Update: observers confirm fairness in my precinct. https://news.site/article,96,225,162,96,2015-11-20,,False,en
e2c945dc-e52,543dd805,foleydavid,2024-10-27 09:08:20,counting ongoing — observers reporting orderly process. #Election2024,40,99,26,917,2016-12-25,Los Angeles,False,en-US
21f4d13a-809,758d368f,bennettcynthia,2024-10-30 17:02:21,Update: transparent count in my precinct. #Election2024,30,199,9,786,2014-04-20,Rural,False,es
873481fc-c01,527961f9,michaelbarker,2024-11-08 10:16:19,polling update — observers reporting orderly process.,46,174,4,941,2011-08-10,Chicago,False,en
88d8d29a-bdc,a5471384,williamrobertson,2024-11-13 10:22:19,ALERT: poll watchers report across precincts — evidence points to fraud. #electionfraud,67,358,144,371,2010-03-04,Los Angeles,False,en-US
8bbdeaba-b14,9ac0790a,merrittmichael,2024-11-07 23:52:46,Update: smooth voting in my precinct.,82,168,26,526,2019-06-12,Houston,False,en-US
842b8153-00f,3793bc35,brianaallen,2024-11-01 19:48:14,ballot stuffing found in vote tallies (165 suspicious) ¡Increíble! 🇺🇸 #VoteSafe,146,142,61,4455,2014-01-04,Los Angeles,False,es
7e937519-352,39a4eca8,davistanya,2024-11-07 20:59:38,Update: trust the process in my precinct.,74,30,43,443,2015-04-07,Houston,False,en-US
b9bc7a59-ad5,14e135d4,kimberly88,2024-11-14 21:07:22,Update: smooth voting in my precinct.,14,79,30,558,2013-03-02,Houston,False,en
bbf8befe-0cc,0548f749,rhonda87,2024-11-01 11:51:21,Voter turnout steady in my area. #Election2024,11,34,99,38335,2023-12-21,Chicago,True,en-US
60588a0f-1a1,3793bc35,brianaallen,2024-11-13 22:45:49,counting ongoing — official figures incoming.,30,65,61,4455,2014-01-04,Los Angeles,False,en
eff359d6-089,423834a0,danny36,2024-11-14 05:23:35,Update: trust the process in my precinct.,64,189,33,3302,2012-08-14,Miami,True,en-US
b1431043-eb3,b93972cf,jenniferboyer,2024-11-05 20:13:10,Update: observers confirm fairness in my precinct. https://news.site/article,39,5,29,269,2025-08-27,Houston,False,en-US
b62997a4-0b9,9456d98a,owenjames,2024-11-11 21:20:45,turnout update — observers reporting orderly process.,96,228,345,432,2021-01-18,Los Angeles,False,es
25526e42-154,6e33c25d,doriswarren,2024-10-29 14:17:41,Update: smooth voting in my precinct.,1,221,12,676,2013-07-05,New York,False,en-US
8e723abf-95c,f01680fe,ruizsharon,2024-11-03 14:53:09,Update: clean election in my precinct.,60,224,61,12173,2023-10-29,Miami,True,en-US
20ead14c-460,f2a3db66,rgreene,2024-11-06 13:41:13,counting ongoing — observers reporting orderly process.,68,240,90,10465,2025-03-20,Philadelphia,False,en
7f08745c-804,4c6f6115,mhuber,2024-11-11 03:01:18,ALERT: turnout update across precincts — evidence points to fraud. #investigate,314,359,5,893,2017-02-28,Chicago,False,es
81583923-b09,bee4f302,thomas87,2024-11-11 03:02:44,ALERT: turnout update across precincts — evidence points to fraud. #investigate,183,17,11,684,2022-08-14,New York,False,en
47bfcc85-4f7,758d368f,bennettcynthia,2024-11-07 20:28:50,Voter turnout steady in my area.,35,55,9,786,2014-04-20,Rural,False,es
f283a1c1-c6a,0cea9b83,qshelton,2024-10-31 11:11:54,ballot stuffing found in vote tallies (216 suspicious),105,182,64,1114,2015-10-26,,False,en-US
a4a96645-07a,52f35736,ashley17,2024-10-28 07:21:21,early voting numbers — observers reporting orderly process.,78,132,18,3827,2022-10-17,Los Angeles,False,en
2001c576-19f,fa1366de,bethdavis,2024-11-07 04:13:41,Voter turnout steady in my area.,14,26,30,308,2019-09-12,Houston,False,en
9fa56d02-574,afd847d3,troberts,2024-11-04 00:30:27,fraudulent tabulation found in vote tallies (452 suspicious),166,340,13,82,2020-07-05,Philadelphia,False,es
dcc2a1f3-57a,fa1366de,bethdavis,2024-11-11 07:15:37,Evidence of count manipulation — officials silent. Share widely!,80,262,30,308,2019-09-12,Houston,False,en-US
a7e80215-3f9,25360d75,benjaminmack,2024-11-06 15:53:41,poll watchers report — observers reporting orderly process.,38,28,26,26203,2013-12-02,Philadelphia,False,en
be8a84b3-7e2,edfa7439,shawn90,2024-10-28 20:15:29,Voter turnout steady in my area.,11,43,68,1833,2024-02-26,Rural,False,es
ea4e3c32-131,16dc25bf,ana63,2024-10-26 12:18:44,Update: observers confirm fairness in my precinct.,98,238,24,48540,2024-12-01,Miami,False,en
707dc7ac-09e,cbc6bbbb,hhartman,2024-11-04 07:55:58,Voter turnout steady in my area.,46,31,5,488,2013-05-22,Chicago,True,en-US
a18f30b5-7ff,df5373af,solislisa,2024-11-08 05:26:59,Update: clean election in my precinct.,45,140,53,101,2017-12-02,Philadelphia,False,es
89fbd445-f8c,c0c66123,johnsonjonathan,2024-11-05 07:54:22,counting ongoing — observers reporting orderly process. #Election2024,63,171,32,643,2021-11-13,,True,en-US
48194302-708,a90baccb,kimberlyshepard,2024-11-11 01:56:19,Reports of fake ballots in several precincts. Must be investigated! https://news.site/article,178,86,459,292,2024-05-12,Houston,False,en
999e90fd-049,478c4ca6,madisonhunt,2024-11-07 03:57:58,Evidence of ghost voters — officials silent. Share widely! ¡Increíble! 🇺🇸,143,294,0,351,2012-09-28,New York,False,en-US
af95e637-468,048918a1,edwin89,2024-11-15 00:08:21,Evidence of fraudulent tabulation — officials silent. Share widely!,81,146,18,258,2018-08-27,Miami,False,en
2e8cb69d-98f,fe88f6bb,williamslaurie,2024-11-14 20:16:15,early voting numbers — observers reporting orderly process.,21,93,7,1221,2018-02-22,Houston,False,en
f068c5c6-f76,553da4a2,hudsonjoseph,2024-11-05 10:22:55,poll watchers report — observers reporting orderly process.,61,219,38,74,2018-09-08,New York,False,en-US
0d513887-b9b,dc857149,dawnhernandez,2024-11-01 02:08:15,Update: clean election in my precinct. #Election2024,31,250,11,690,2015-05-09,Chicago,False,en
367425fd-8f6,427a9613,james41,2024-11-12 14:36:28,Evidence of ballot stuffing — officials silent. Share widely! ¡Increíble! 🇺🇸,111,389,18,1235,2016-06-24,Rural,False,en-US
f79e9194-89c,c714b91a,timothymoore,2024-10-27 22:25:41,Reports of rigged machines in several precincts. Must be investigated! ¡Increíble! 🇺🇸,136,367,226,390,2011-08-22,Miami,False,en-US
2cadc2fb-2df,4c772bbd,josemay,2024-11-08 01:50:52,Voter turnout steady in my area.,5,1,21,57,2014-08-17,New York,False,en
92d5c76a-321,2c64aa42,cynthia06,2024-11-12 12:13:43,Reports of illegal votes in several precincts. Must be investigated!,144,49,24,464,2010-08-05,,False,es
48b9b427-f36,1c466d9b,wmoreno,2024-11-03 04:32:56,Update: observers confirm fairness in my precinct.,27,102,44,600,2025-07-12,,False,en
8c64bed2-404,e544952d,timothy52,2024-11-11 03:04:17,ALERT: turnout update across precincts — evidence points to fraud. #investigate,336,529,46,660,2023-04-13,Miami,False,es
2deae969-543,63c32746,rdavis,2024-11-06 15:13:19,Update: clean election in my precinct.,9,111,121,452,2021-02-09,Philadelphia,True,en-US
cd54dec2-a9f,c676b98b,brian92,2024-11-12 13:41:39,Update: observers confirm fairness in my precinct. https://news.site/article,9,100,20,318,2022-07-01,Miami,False,en-US
cd3c5cfc-d14,f7076147,prodriguez,2024-11-11 03:02:57,ALERT: turnout update across precincts — evidence points to fraud. #electionfraud,218,61,19,469,2021-03-05,Houston,False,en-US
14c24169-c1e,7af49bb5,ashley04,2024-11-02 04:44:00,Voter turnout steady in my area.,38,43,3,655,2023-07-17,Miami,False,en-US
ff73f4a2-a68,ef1e1b8f,turnerpaul,2024-11-06 22:45:41,voter rolls compromised found in vote tallies (311 suspicious),151,136,6,3878,2024-07-24,New York,False,en-US
8eaaa0c5-da7,201507be,foxjames,2024-11-06 01:34:52,Update: trust the process in my precinct.,22,220,8,80,2012-03-15,Chicago,False,es
efc57d67-468,1e7222e7,rtaylor,2024-11-10 05:11:25,polling update — observers reporting orderly process.,54,163,11,749,2018-04-18,Rural,False,es
b556932e-a74,66818677,carlhickman,2024-10-30 13:26:09,Update: smooth voting in my precinct. #VoteSafe,126,163,278,2264,2024-04-29,Chicago,False,en-US
ff9d0847-775,ea448d31,alexislawrence,2024-11-05 10:19:17,counting ongoing — official figures incoming.,23,56,99,918,2022-01-19,Rural,False,en-US
420ebcd2-8c9,a2db8165,peter37,2024-10-31 15:31:32,count manipulation found in vote tallies (75 suspicious),178,32,3,163,2014-02-11,Houston,False,es
7304ca43-b5c,370053fd,tammyhughes,2024-10-30 09:01:16,poll watchers report — observers reporting orderly process.,57,77,7,1177,2024-11-30,Miami,False,en
45b8405e-328,55540cdf,alexmendoza,2024-10-30 10:59:18,early voting numbers — observers reporting orderly process. https://news.site/article,74,120,185,565,2010-02-03,Philadelphia,False,en-US
c5d5d0b0-251,26776c00,xfernandez,2024-11-12 06:17:43,turnout update — official figures incoming.,4,50,26,747,2023-09-09,New York,False,en
07a37c1f-f40,7139264c,ryanjohnson,2024-11-03 06:20:28,turnout update — observers reporting orderly process.,21,196,16,363,2018-09-18,,False,en
d05b5038-9f4,a03cba6d,april73,11/08/24 08:19 PM,Update: trust the process in my precinct.,93,30,62,273,2012-01-21,Philadelphia,False,es
9dce70a0-3ec,c018811b,sarah27,2024-11-09 18:57:32,poll watchers report — official figures incoming.,25,63,21,55,2013-12-09,Philadelphia,False,en
08c31f5a-dfe,ab0fbbd2,valenciaalan,2024-11-10 00:54:05,voter rolls compromised found in vote tallies (441 suspicious) #VoteSafe,13,263,25,8858,2022-01-02,Philadelphia,False,en-US
adb08337-8ec,166b8ee3,willismonica,2024-11-13 18:15:22,Update: clean election in my precinct.,25,220,13,193,2015-09-06,Chicago,False,en
5ff1ee22-183,6820ffee,qdixon,2024-10-26 09:57:15,Update: observers confirm fairness in my precinct.,29,133,107,41175,2024-04-16,Los Angeles,False,es
76b16309-ed8,1521c7df,rodriguezwilliam,2024-11-02 00:45:12,Reports of ghost voters in several precincts. Must be investigated! #Election2024,56,29,61,15540,2024-01-17,Philadelphia,False,es
c1551eb0-2a3,5970e633,xhughes,2024-11-14 07:16:22,counting ongoing — official figures incoming.,41,20,40,595,2022-01-29,Houston,False,en
5ad30fe1-d25,34ba1a6e,salazarbrandon,2024-10-31 13:54:23,Voter turnout steady in my area.,24,76,62,68,2009-09-06,Houston,True,en-US
00e556e5-d96,656544e6,vhurley,2024-11-15 06:35:10,polling update — official figures incoming.,49,46,99,588,2020-09-19,Los Angeles,False,en-US
b580024a-a4f,eb74abc3,dakotasmith,2024-10-29 08:55:28,Voter turnout steady in my area.,5,58,4,210,2013-10-13,Los Angeles,False,en
792908c4-ad0,3c1d7886,cassandramitchell,2024-10-30 19:56:06,Update: clean election in my precinct.,89,96,11,3405,2019-06-18,Philadelphia,False,en-US
4c318ddc-95a,b8ce94e7,alexanderhines,2024-11-04 08:56:24,counting ongoing — observers reporting orderly process.,80,114,44,3441,2024-08-02,Chicago,False,es
bb75788b-9af,c62daa47,sean22,2024-11-04 12:09:31,Update: clean election in my precinct.,95,57,343,401,2010-05-19,Houston,False,en
665eb042-1ce,8d55cad9,elizabethrhodes,2024-10-30 12:41:39,Update: observers confirm fairness in my precinct. #Election2024,69,136,54,355,2015-03-23,Philadelphia,False,en-US
6c9f23d4-833,3bdad10d,breyes,2024-11-06 07:18:26,Update: transparent count in my precinct. #Election2024,45,62,0,622,2018-09-03,Philadelphia,False,es
beb8738c-792,3fb41844,phorn,2024-10-27 09:17:37,Evidence of fraudulent tabulation — officials silent. Share widely!,20,234,49,1585,2017-06-30,,False,en
2ae43baf-9dc,70091684,michaeldavis,2024-10-28 20:09:08,illegal votes found in vote tallies (463 suspicious),146,150,50,2340,2015-02-11,New York,False,en
1005d4c2-2a4,af2126bd,lindsayjohnson,2024-11-06 04:44:11,early voting numbers — official figures incoming.,23,25,91,13606,2024-07-12,Rural,True,en
6f21453e-fee,aebf8c69,crystaljones,2024-11-05 22:54:06,polling update — official figures incoming.,28,31,32,775,2016-01-16,Chicago,False,en-US
59bb58fe-161,1981b25a,michelle51,2024-10-30 14:31:00,early voting numbers — observers reporting orderly process.,2,154,53,278,2021-07-17,Houston,False,en-US
8f51b86f-eb0,90a37f4b,carolyn59,2024-11-06 00:28:59,Update: trust the process in my precinct.,39,97,129,596,2016-07-13,,False,en-US
0a94c488-01b,5acea40e,qlee,2024-11-04 20:15:44,Reports of voter rolls compromised in several precincts. Must be investigated!,148,321,9,18469,2024-12-02,Miami,False,es
2856d2bb-c7e,f36584c7,jamesjohn,2024-11-08 22:27:47,Update: transparent count in my precinct.,67,100,21,57,2021-07-15,,False,en-US
e75cc5a4-9e2,e78b9e9f,joshuajohnson,2024-11-07 09:20:40,Voter turnout steady in my area.,5,42,31,1773,2019-11-20,Philadelphia,False,en
dd6459e6-bd6,b93972cf,jenniferboyer,2024-11-11 03:05:15,ALERT: turnout update across precincts — evidence points to fraud. #investigate,313,109,29,269,2025-08-27,Houston,False,en
b0c2bd32-103,27e8672c,ycrawford,2024-10-29 19:02:36,Update: smooth voting in my precinct. https://news.site/article,100,50,163,427,2018-04-17,,False,es
6c8d5471-0d7,cb0e4c79,james32,2024-11-12 03:13:17,early voting numbers — observers reporting orderly process. #VoteSafe,53,28,55,1864,2018-02-10,Philadelphia,True,es
f11f9c20-d58,2ea1715b,frankdaniels,2024-11-03 02:50:33,Update: clean election in my precinct. https://news.site/article,14,49,59,699,2016-02-09,Miami,False,en
8b57fd2c-f24,5233ca01,deannaberg,2024-11-12 11:58:01,Update: clean election in my precinct. https://news.site/article,109,115,217,821,2013-05-29,,False,en
6d3dcfda-09a,34b942ca,christine35,2024-11-06 10:13:53,Voter turnout steady in my area.,5,38,10,2843,2018-05-24,Miami,False,es
ec535e29-386,951eb72c,khernandez,2024-11-05 01:17:28,turnout update — observers reporting orderly process.,19,183,8,504,2021-10-07,Philadelphia,False,en-US
4482aa52-b9f,8095bd10,ucobb,2024-10-26 16:39:21,early voting numbers — official figures incoming.,17,3,24,1345,2012-02-19,Rural,False,en
d09dcc3f-64e,3c4c951c,samuelsmith,2024-10-28 06:16:29,Update: smooth voting in my precinct. #VoteSafe,75,162,52,5483,2023-06-07,Chicago,False,en-US
e73f1259-886,25360d75,benjaminmack,2024-11-11 23:49:38,ALERT: counting ongoing across precincts — evidence points to fraud. #electionfraud,372,241,26,26203,2013-12-02,Philadelphia,False,en-US
ce1f5d15-4d1,0956896c,orozcoangela,2024-11-14 23:04:42,Evidence of fraudulent tabulation — officials silent. Share widely!,36,76,35,2452,2018-04-07,,False,en
00efe973-261,d9e156de,sbanks,2024-11-02 10:53:09,turnout update — observers reporting orderly process.,93,143,39,172,2012-05-10,Los Angeles,False,en
f4a2b610-152,0292074e,josephfisher,2024-11-14 01:38:25,Evidence of rigged machines — officials silent. Share widely!,177,20,5,2859,2013-04-28,Houston,False,en
b5d043df-522,76bd2c77,david96,2024-11-02 16:45:12,Update: observers confirm fairness in my precinct.,1,7,4,761,2013-07-13,Chicago,False,en
9bf6e01f-f4e,5378e01d,martingreg,2024-11-11 23:48:39,ALERT: counting ongoing across precincts — evidence points to fraud. #electionfraud,316,88,54,2279,2025-03-08,Rural,False,en
cb3f482d-38a,062094b6,jenniferdavis,2024-10-28 17:57:29,Update: smooth voting in my precinct.,70,121,53,1852,2013-05-07,New York,False,en
edaab561-b21,45ce8d70,evansdana,2024-10-29 15:20:04,polling update — observers reporting orderly process.,42,77,9,673,2022-09-26,Chicago,False,es
10417a44-67f,4539997f,zdiaz,2024-10-29 05:51:34,Evidence of illegal votes — officials silent. Share widely!,63,7,66,583,2025-09-19,Chicago,True,es
7be4badc-e24,097096f3,jclark,2024-11-09 12:11:43,poll watchers report — observers reporting orderly process.,20,172,61,328,2010-09-04,Houston,False,es
1c21e5f4-92c,bbbdc653,salascharles,2024-10-29 21:57:09,Voter turnout steady in my area.,54,93,141,689,2014-09-01,Houston,False,es
84dde8a2-953,903cc190,uhuerta,2024-10-27 22:08:19,poll watchers report — official figures incoming.,13,29,1,750,2022-07-31,Rural,True,en
a44e3604-b64,0abfa705,barbara06,2024-11-12 04:52:23,ghost voters found in vote tallies (198 suspicious) ¡Increíble! 🇺🇸,91,107,10,155,2025-08-15,,False,en
795dbf92-083,4f5d5863,qglenn,2024-11-04 00:02:14,early voting numbers — official figures incoming. #Election2024,24,15,38,182,2018-11-24,Chicago,False,en
b496ffa3-391,55782b26,smithdaisy,2024-11-05 13:22:50,Reports of rigged machines in several precincts. Must be investigated!,160,242,48,3053,2015-01-03,Chicago,False,es
e528fdb6-ed1,dc21f7fc,audrey71,2024-11-02 14:51:22,Update: observers confirm fairness in my precinct. #Election2024,38,93,33,449,2010-02-01,Chicago,False,en-US
f54e9973-74c,5e4ddef0,nunezemily,2024-11-01 10:12:12,Update: observers confirm fairness in my precinct.,4,219,33,200,2011-11-20,New York,False,en-US
5b4001ce-380,b1fc5f64,jcunningham,2024-11-07 21:43:01,turnout update — official figures incoming.,82,73,654,306,2020-01-20,,False,es
cc02eebc-a0e,2fb9aa63,fdominguez,2024-11-11 19:05:12,Update: transparent count in my precinct.,23,24,22,1820,2019-01-10,New York,True,en
e6dd8c5b-7af,9de0ca28,gsmith,2024-11-04 13:29:58,Update: transparent count in my precinct. #VoteSafe,19,188,75,4930,2011-12-10,New York,False,en-US
86f7504f-87b,203c6169,lisa63,2024-11-02 04:53:44,Update: clean election in my precinct.,31,223,4,2790,2021-08-22,,False,en-US
95650593-c03,e159dc7f,taylormartin,2024-11-13 14:34:26,Update: smooth voting in my precinct.,68,158,7,174,2015-02-08,Miami,False,es
9f9b128d-ad3,3a9a5e91,kathryn19,2024-11-06 18:28:58,Reports of voter rolls compromised in several precincts. Must be investigated! https://news.site/article,94,160,61,12872,2024-08-01,Rural,True,en-US
72d0c3d5-c18,541d49fd,cpacheco,2024-10-27 18:06:36,Voter turnout steady in my area.,39,18,12,156,2019-08-05,Rural,False,es
4023fb1b-a4a,b2c821ef,joshua57,2024-11-02 19:59:14,ALERT: counting ongoing across precincts — evidence points to fraud. #investigate,179,380,192,313,2023-11-07,Houston,False,en-US
f1e94bd7-5d9,2bae31a8,lucas27,2024-11-09 08:12:07,Reports of ghost voters in several precincts. Must be investigated! ¡Increíble! 🇺🇸 #VoteSafe,189,108,45,2177,2023-02-19,New York,False,es
618d0a5e-680,0b808b65,harrisdana,2024-10-28 12:58:58,Update: trust the process in my precinct.,61,181,16,99,2013-03-04,Chicago,False,en-US
4128ff44-436,fac69c8b,qgarcia,2024-11-13 21:16:38,Reports of ghost voters in several precincts. Must be investigated! #Election2024,143,300,84,553,2010-05-24,Philadelphia,False,en
73730f1f-d36,3a48c6ca,edward73,2024-11-08 01:03:14,Reports of rigged machines in several precincts. Must be investigated! ¡Increíble! 🇺🇸,42,374,44,145,2009-07-31,Philadelphia,False,es
b58e3492-12c,1981b25a,michelle51,2024-11-10 02:12:19,Voter turnout steady in my area.,29,30,53,278,2021-07-17,Houston,False,en
461b9c86-32e,f539ca55,wyatttiffany,2024-11-15 01:15:22,counting ongoing — observers reporting orderly process.,97,192,5,1771,2018-09-23,New York,False,en-US
f2909c23-58f,562374a6,kyle09,2024-11-10 19:35:22,Evidence of count manipulation — officials silent. Share widely!,61,247,10,81,2015-11-18,Houston,False,es
fee42720-243,ec645d5c,amberdrake,2024-11-11 04:49:49,polling update — official figures incoming.,13,23,9,560,2011-03-29,Houston,False,en
d1b4065d-6c9,dfeeab87,qsharp,2024-10-26 17:20:36,Evidence of fake ballots — officials silent. Share widely!,38,189,66,683,2012-03-30,Rural,False,en-US
ebd4a359-c54,c5c72fe9,vanessa96,2024-10-30 17:54:38,Voter turnout steady in my area.,10,78,42,140,2014-08-06,Rural,False,en
464399fb-5f1,d6579dbe,cmay,2024-10-28 22:22:55,Update: trust the process in my precinct.,45,102,9,12643,2025-07-21,New York,False,es
64d4fd4f-8a9,413f2115,bclay,2024-10-29 18:14:53,early voting numbers — official figures incoming. #Election2024,43,72,30,329,2015-01-30,Philadelphia,False,en
923f2ec9-237,7db3c016,michelle22,2024-11-08 00:07:19,Evidence of voter rolls compromised — officials silent. Share widely!,123,100,56,125,2022-06-26,Philadelphia,False,en
d7eb5921-5af,a04e8f72,rebeccapatrick,2024-10-28 14:27:55,Update: smooth voting in my precinct.,29,73,4,249,2016-03-01,Chicago,True,es
c111b75c-3cb,f84b3817,vtran,2024-11-10 20:36:41,Voter turnout steady in my area.,1,42,13,2048,2010-02-22,Chicago,False,en-US
588e2149-730,3b7dfa6f,tiffanyhall,2024-11-10 22:41:20,Evidence of fraudulent tabulation — officials silent. Share widely!,19,19,10,104,2020-05-21,New York,False,es
fcb31caf-593,da160248,pamela55,2024-11-02 05:53:37,Update: trust the process in my precinct.,91,236,6,144,2019-07-09,Philadelphia,False,es
52504371-555,a03cba6d,april73,unknown,voter rolls compromised found in vote tallies (245 suspicious) ¡Increíble! 🇺🇸,85,173,62,273,2012-01-21,Philadelphia,False,en-US
19cde83d-5e5,1eb4dda2,shannonkeith,2024-10-31 00:10:45,Update: observers confirm fairness in my precinct.,6,27,14,445,2016-02-01,Miami,False,en
b9b40d10-a15,527961f9,michaelbarker,11/08/24 07:32 AM,Evidence of voter rolls compromised — officials silent. Share widely!,123,263,4,941,2011-08-10,Chicago,False,es
b0306cc5-08b,71d35bb6,daviddeleon,2024-10-28 18:31:24,Update: clean election in my precinct.,45,250,6,2119,2014-06-25,Rural,False,en-US
7cc4cf48-caa,96394338,blakeashley,2024-11-04 04:06:13,Reports of voter rolls compromised in several precincts. Must be investigated!,174,127,25,401,2025-04-25,Miami,False,en
3e089942-4a2,7d783951,alison23,2024-11-05 20:36:20,turnout update — observers reporting orderly process.,45,40,43,42746,2025-04-13,Philadelphia,False,en-US
b99f616b-8e3,35fc87f8,gregory03,2024-11-08 10:00:30,Evidence of illegal votes — officials silent. Share widely!,92,139,65,318,2019-10-24,Rural,True,en-US
fda2224c-87f,cfbf5b4e,juan46,2024-11-02 20:02:09,ALERT: counting ongoing across precincts — evidence points to fraud. #electionfraud,247,336,110,21416,2025-04-07,,False,es
ce3b4b3a-959,227f96a4,finleydoris,2024-11-01 15:36:14,Update: clean election in my precinct.,80,51,47,322,2023-07-08,Houston,True,en-US
261e6962-8d1,0ec67cfa,thompsonolivia,2024-10-26 15:38:39,Update: trust the process in my precinct.,6,43,42,45963,2023-08-06,New York,False,es
ec5fb99a-820,24e23265,williamskristopher,2024-11-13 20:56:29,counting ongoing — observers reporting orderly process.,46,106,168,292,2015-01-29,Rural,True,es
fec847eb-082,201507be,foxjames,2024-10-31 22:06:38,poll watchers report — observers reporting orderly process. #Election2024,24,180,8,80,2012-03-15,Chicago,True,en
dac89c08-626,7f9e47fe,jacob15,2024-11-02 11:49:09,Reports of fraudulent tabulation in several precincts. Must be investigated!,27,154,112,718,2022-06-24,Chicago,False,en-US
325436e0-ae5,e16060e4,davisangela,2024-11-11 18:40:03,Update: clean election in my precinct.,13,152,14,987,2012-07-08,New York,False,es
c57df963-27c,3d977508,jordandarren,unknown,counting ongoing — official figures incoming.,36,70,8,383,2011-08-11,Rural,False,en
ac4225df-78e,04bc47a6,alyssawhite,2024-11-06 02:26:56,Update: smooth voting in my precinct.,38,106,43,289,2013-03-05,Chicago,False,es
e44303fe-34a,f272de46,christina12,2024-11-11 09:05:25,Voter turnout steady in my area.,25,74,59,213,2025-07-18,,False,es
f2a48399-b00,7d0cf5af,tgonzalez,2024-10-31 07:06:53,poll watchers report — observers reporting orderly process.,61,211,332,1145,2021-10-19,Houston,False,en
74d10ece-f54,656544e6,vhurley,2024-11-09 08:36:46,count manipulation found in vote tallies (432 suspicious),178,185,99,588,2020-09-19,Los Angeles,False,en
a2407293-36b,a1387e00,fergusonnathan,2024-10-30 14:36:08,polling update — observers reporting orderly process.,86,73,64,2294,2013-07-29,Houston,False,es
7e905345-f8c,0fb97f73,hoodkaren,2024-11-08 15:07:11,Update: observers confirm fairness in my precinct.,60,128,37,1842,2012-01-01,Chicago,False,es
9bbe6bdf-9ca,c29743cc,tmiller,2024-10-27 18:12:46,Voter turnout steady in my area.,33,59,26,1788,2015-04-18,Philadelphia,False,es
afd3742a-548,5ee2ce1b,joneslaura,2024-11-14 10:27:13,count manipulation found in vote tallies (453 suspicious) ¡Increíble! 🇺🇸,13,155,11,2899,2016-12-02,Houston,False,en
84dbd59d-2a6,41f78e3a,lucas35,2024-11-06 17:29:15,Evidence of ballot stuffing — officials silent. Share widely! ¡Increíble! 🇺🇸 https://news.site/article,18,46,23,325,2017-08-08,Miami,False,en-US
633b1539-e88,5d104c84,lunamegan,2024-11-02 06:33:48,ALERT: fraudulent tabulation across precincts — evidence points to fraud. #electionfraud,215,186,27,871,2013-10-06,Philadelphia,False,es
4318d45a-f63,d351bc5d,julie27,2024-11-02 14:48:49,Update: trust the process in my precinct.,70,121,151,272,2025-09-17,Los Angeles,False,en
ed138c8a-9be,77dba041,cevans,2024-11-08 20:43:38,counting ongoing — observers reporting orderly process.,34,159,29,936,2023-10-25,Rural,False,es
1065bd84-c2e,c0702d3d,charles57,2024-10-26 09:47:17,rigged machines found in vote tallies (43 suspicious) ¡Increíble! 🇺🇸 ¡Esto es falso!,26,238,17,1379,2019-11-04,Miami,False,es
5888d256-67e,081217e7,greeneian,2024-11-06 05:36:58,Update: clean election in my precinct.,57,97,311,322,2013-12-04,Miami,True,en-US
72e974b6-7b6,8f0fa241,penaraymond,2024-10-31 04:18:59,polling update — observers reporting orderly process.,66,65,13,447,2023-09-24,Los Angeles,False,en-US
8a1f551b-9b8,cf4c3448,collinsmegan,2024-10-28 19:08:24,Update: transparent count in my precinct.,64,82,39,158,2018-05-11,Philadelphia,False,en
039161cc-8e5,2da62772,sarah14,2024-10-31 07:28:25,polling update — observers reporting orderly process.,14,159,20,85,2012-10-01,Los Angeles,False,es
1472ff90-258,0b808b65,harrisdana,2024-10-31 07:29:58,Update: transparent count in my precinct.,41,130,16,99,2013-03-04,Chicago,False,en-US
aaf5a45a-d0e,03c796fb,carrie11,2024-11-08 21:26:45,Voter turnout steady in my area.,43,81,59,346,2025-08-17,,False,en-US
e7ab1982-2ff,c52a49b9,patricia82,unknown,Update: observers confirm fairness in my precinct. https://news.site/article,15,178,38,250,2015-11-23,Chicago,False,es
10651b1e-fe7,4f6f1fac,warrenrichard,2024-11-10 05:18:08,Evidence of ballot stuffing — officials silent. Share widely!,82,190,24,5577,2022-03-20,Houston,True,en-US
fdbd6659-188,a1cd3bcf,mortonmarcus,2024-11-12 05:13:33,counting ongoing — observers reporting orderly process.,40,207,73,89,2009-11-08,Philadelphia,False,es
bf76d99d-271,4af3f4d9,mbrooks,2024-11-02 04:24:40,early voting numbers — observers reporting orderly process. #VoteSafe,19,12,60,2118,2009-09-15,Miami,False,en
0faf2a1c-79d,5378e01d,martingreg,2024-11-05 01:14:56,Voter turnout steady in my area.,16,47,54,2279,2025-03-08,Rural,False,es
80e2b18a-d84,ebf9bf33,fieldsstephen,2024-11-12 08:48:21,Update: clean election in my precinct.,91,144,35,1412,2021-04-27,Miami,False,en
a1f04712-db9,656544e6,vhurley,2024-11-13 10:22:45,ALERT: poll watchers report across precincts — evidence points to fraud. #electionfraud,241,637,99,588,2020-09-19,Los Angeles,False,es
61ca9a64-7cd,25573583,jfisher,2024-11-04 08:08:29,turnout update — observers reporting orderly process.,99,13,53,7216,2018-08-24,New York,False,en
30da6c2a-d6e,22950100,cynthiasoto,2024-11-14 12:18:40,Update: clean election in my precinct.,77,45,24,5249,2009-10-14,Miami,False,en-US
18ad59e4-aee,ebd96487,akoch,2024-10-28 19:48:14,counting ongoing — observers reporting orderly process.,103,40,222,455,2023-01-16,Houston,False,en-US
7d752c3a-df5,3e52e026,egriffith,2024-11-09 07:01:01,Update: clean election in my precinct. #VoteSafe,51,217,17,215,2012-03-19,Philadelphia,False,en
20337be3-d66,5970e633,xhughes,11/06/24 07:49 PM,Evidence of rigged machines — officials silent. Share widely!,78,154,40,595,2022-01-29,Houston,False,en-US
2cd47889-827,57ea7860,oconnorsteven,11/09/24 10:53 AM,Update: clean election in my precinct.,25,87,131,2996,2016-11-02,Rural,False,en
69eb27ea-318,858a5c9c,ctaylor,2024-11-15 06:05:35,Voter turnout steady in my area.,13,51,3,482,2019-04-17,Houston,False,en-US
1d7ddaa5-b83,9ac0790a,merrittmichael,2024-11-03 00:41:59,turnout update — observers reporting orderly process.,89,166,26,526,2019-06-12,Houston,False,en
225a0d39-0e7,70091684,michaeldavis,2024-11-04 21:32:08,early voting numbers — observers reporting orderly process.,34,234,50,2340,2015-02-11,New York,True,en
75c8c73b-bb0,34b909e1,reyespatricia,2024-10-28 11:31:32,Voter turnout steady in my area.,10,11,13,226,2017-02-15,Rural,True,en
42516370-9f0,1c84b3fe,georgemartin,2024-11-14 18:20:47,polling update — observers reporting orderly process.,29,63,204,1887,2012-09-27,Philadelphia,False,en-US
c3ebdbc0-262,ff217f0c,rcontreras,2024-10-28 22:45:50,turnout update — observers reporting orderly process.,65,110,13,497,2017-08-30,Rural,False,en-US
e36487de-889,edcbb561,daviskara,11/04/24 07:00 AM,turnout update — observers reporting orderly process.,38,30,45,613,2016-01-06,Los Angeles,False,es
04be7445-93c,f394cde9,george54,2024-11-11 19:08:59,fake ballots found in vote tallies (27 suspicious) ¡Increíble! 🇺🇸,110,256,91,355,2020-12-18,Rural,False,es
a825f6bf-321,4c5b140a,lcooper,2024-11-02 20:02:42,ALERT: counting ongoing across precincts — evidence points to fraud. #electionfraud,171,348,91,2093,2018-09-29,Miami,False,es
1f467ed9-997,65f14502,christopherelliott,2024-10-26 18:54:50,Update: trust the process in my precinct.,72,33,17,276,2016-04-06,New York,False,es
c12c4f09-105,0c9310dd,rdouglas,2024-10-26 13:55:27,Update: transparent count in my precinct. https://news.site/article,115,229,203,4180,2018-01-17,New York,False,en-US
c6ee536b-8a5,5d48781b,scott13,2024-11-12 21:15:25,early voting numbers — observers reporting orderly process.,4,121,2,166,2018-08-17,Los Angeles,False,en-US
1057a627-8be,a1cd3bcf,mortonmarcus,2024-11-10 08:47:32,early voting numbers — official figures incoming. #Election2024,3,38,73,89,2009-11-08,Philadelphia,False,en-US
b3c6ca95-a8b,c7c73b6b,megan91,2024-11-11 07:48:53,Voter turnout steady in my area.,8,54,19,4694,2013-01-26,Chicago,False,en
55f38f61-e93,57d3c7da,jeffrey61,2024-11-03 08:37:42,count manipulation found in vote tallies (290 suspicious),173,118,58,1073,2014-02-13,Miami,False,es
0d430516-7b4,2cea4ff6,qbush,2024-11-14 23:08:05,Update: transparent count in my precinct. #Election2024,56,78,30,1281,2014-11-03,,True,es
42d765b6-ea0,5acea40e,qlee,2024-11-13 02:07:25,poll watchers report — observers reporting orderly process.,55,230,9,18469,2024-12-02,Miami,False,es
030d58e1-4b6,b0cd4856,maria60,2024-11-06 22:34:25,Update: observers confirm fairness in my precinct. #Election2024,15,64,73,17547,2017-10-14,New York,False,en-US
f62af1e4-63d,23880aba,bookerlawrence,2024-11-06 16:18:46,Voter turnout steady in my area.,49,41,57,388,2014-01-06,Los Angeles,False,en
8baeaad9-0c9,c93cba7c,smithjulia,2024-10-27 23:23:01,fraudulent tabulation found in vote tallies (487 suspicious),26,298,13,366,2024-05-30,Rural,False,en-US
ec6fbfa0-4c5,c891418e,nathansmith,2024-10-27 20:44:50,Evidence of ballot stuffing — officials silent. Share widely!,171,57,62,288,2017-08-05,Rural,True,es
f764a7db-ce5,21d1a06b,omaxwell,2024-11-07 21:48:52,early voting numbers — observers reporting orderly process. #VoteSafe,34,101,28,3573,2021-08-04,Chicago,False,es
d66fcf47-da1,0d0e440c,ybrown,2024-10-26 22:10:48,counting ongoing — observers reporting orderly process. #VoteSafe,35,158,20,846,2013-11-14,New York,False,en-US
93429159-2a0,c3d42077,monica51,2024-11-13 20:05:48,Update: trust the process in my precinct.,58,25,68,492,2018-12-11,Houston,False,en-US
600595bf-e33,49b5c477,gutierrezpatricia,2024-11-05 21:04:26,Evidence of ghost voters — officials silent. Share widely! https://news.site/article,180,369,164,220,2023-02-26,Los Angeles,False,en
66a15ec2-4e1,858a5c9c,ctaylor,2024-11-14 15:56:29,rigged machines found in vote tallies (473 suspicious) ¡Increíble! 🇺🇸,136,17,3,482,2019-04-17,Houston,False,en
c5ac93ba-f6c,a4343100,amendoza,2024-10-31 07:30:58,Evidence of ghost voters — officials silent. Share widely! ¡Increíble! 🇺🇸,183,302,13,568,2017-09-11,Houston,False,en
d30a5a1a-b75,398c4e72,fullerjames,2024-11-13 08:18:33,early voting numbers — observers reporting orderly process.,50,87,271,1760,2024-08-04,New York,False,es
bb109a00-bc9,0bfcf234,pmoore,2024-11-12 12:51:14,ballot stuffing found in vote tallies (275 suspicious),11,170,80,56,2012-05-15,Chicago,False,en
d55390a7-707,424919e0,robert08,11/13/24 04:48 AM,counting ongoing — observers reporting orderly process.,19,67,18,1966,2011-09-12,Miami,False,es
f8b423c7-249,c7c73b6b,megan91,2024-10-27 05:49:14,Voter turnout steady in my area. #Election2024,14,3,19,4694,2013-01-26,Chicago,False,en-US
2b449520-c95,493e053c,epowell,2024-11-02 14:12:12,Update: smooth voting in my precinct.,42,184,210,65,2018-05-09,Miami,False,es
2327e877-fcc,df84be53,mercadojanet,2024-10-30 06:33:31,Reports of fake ballots in several precincts. Must be investigated!,193,280,228,521,2016-05-09,Philadelphia,True,en
8418442f-444,03c796fb,carrie11,2024-11-13 19:44:35,Update: observers confirm fairness in my precinct.,39,250,59,346,2025-08-17,,False,es
b029c417-3eb,10a390d1,dianaprice,2024-11-05 10:56:47,Update: trust the process in my precinct.,59,140,41,2160,2012-08-21,New York,False,en-US
7ec3a80b-c42,0e8c97cb,sarahrowe,unknown,Evidence of fake ballots — officials silent. Share widely!,74,190,30,1537,2017-04-17,,False,es
876b9f2e-f9c,756d9221,johnsonmatthew,11/08/24 08:56 PM,Evidence of count manipulation — officials silent. Share widely!,166,82,58,740,2023-09-05,Philadelphia,False,es
f5150462-997,9fe71c8d,zachary59,2024-11-07 00:05:27,Update: trust the process in my precinct.,29,125,53,16303,2010-06-20,,False,en-US
69f4dc69-37c,00a14da6,cblackburn,2024-10-27 14:50:55,Voter turnout steady in my area.,50,73,83,544,2011-09-26,Miami,False,en
4b99979c-a16,758d368f,bennettcynthia,2024-11-03 16:31:39,early voting numbers — observers reporting orderly process.,14,207,9,786,2014-04-20,Rural,False,es
4474e2eb-a22,979b2f39,chavezjake,2024-11-05 08:47:13,counting ongoing — observers reporting orderly process.,22,23,31,186,2020-12-28,Chicago,False,en-US
bbf8af6c-d8a,d33b0e80,jmckee,2024-10-29 08:09:09,Voter turnout steady in my area.,8,72,24,444,2013-01-11,Philadelphia,False,en-US
226b5b2f-50e,1b30f18a,hcox,2024-11-02 20:02:53,ALERT: counting ongoing across precincts — evidence points to fraud. #investigate,316,529,42,184,2020-05-21,New York,False,en
d9a8ab80-1f7,5b309df5,kristi49,2024-11-10 02:33:28,counting ongoing — observers reporting orderly process.,31,119,45,284,2021-02-23,Los Angeles,False,en
bb0f4c9b-f51,4a9413bb,wallacepaul,2024-10-26 23:47:43,early voting numbers — observers reporting orderly process.,21,61,57,1940,2018-01-11,Miami,False,en-US
0683ecdf-a5e,5c75b196,elizabeth76,2024-11-04 15:25:12,Update: transparent count in my precinct. #VoteSafe,86,164,86,276,2024-03-30,Los Angeles,True,en
396d08de-616,14445632,amanda27,unknown,Update: observers confirm fairness in my precinct.,98,234,53,494,2018-03-28,Los Angeles,False,es
a3dd29f0-23b,5408d0f8,dillonreyes,2024-11-12 09:03:57,Update: smooth voting in my precinct.,44,147,62,4229,2021-06-15,Miami,False,es
8e95b2e5-e1d,2da62772,sarah14,2024-11-09 03:59:14,ballot stuffing found in vote tallies (282 suspicious),157,294,20,85,2012-10-01,Los Angeles,False,es
2f7c3b3b-49a,13b8b1f9,alexandra71,2024-11-13 15:47:35,turnout update — official figures incoming.,18,61,88,2757,2013-02-19,Rural,False,es
e6f0e6d5-334,796cb031,kaguirre,2024-11-07 23:21:42,Reports of ballot stuffing in several precincts. Must be investigated! #VoteSafe,126,25,82,684,2013-04-25,Miami,False,en-US
f63a50ed-2f5,132c6875,bobby03,2024-11-09 15:31:34,counting ongoing — official figures incoming.,19,31,7,2051,2017-01-06,Philadelphia,True,es
ada6e290-21c,c7c73b6b,megan91,2024-11-04 09:20:15,Update: transparent count in my precinct.,7,60,19,4694,2013-01-26,Chicago,False,es
0d3f07ab-2f6,1b59d484,tanya13,2024-11-10 10:34:55,ballot stuffing found in vote tallies (269 suspicious),213,415,359,1347,2013-11-03,Rural,False,es
b5779ba2-176,a0c81b1c,smithbrian,2024-10-26 08:45:13,Update: clean election in my precinct.,80,234,36,2483,2013-03-22,Houston,False,en-US
7bf9aa73-946,937703d8,breannagriffin,2024-11-11 03:02:34,ALERT: turnout update across precincts — evidence points to fraud. #electionfraud,211,121,18,280,2016-02-10,Chicago,False,en
0d7d99bc-f06,78e9e7f8,travisjones,2024-10-27 12:01:36,Update: observers confirm fairness in my precinct.,66,39,26,1333,2015-04-13,Chicago,False,en-US
adcbf17d-e07,ad099a7e,codyjames,2024-11-14 19:59:21,illegal votes found in vote tallies (365 suspicious) ¡Increíble! 🇺🇸 #VoteSafe,82,280,141,202,2011-05-08,New York,False,en-US
d2f35efa-684,2a2dc17c,daniel19,2024-11-11 10:44:19,Update: smooth voting in my precinct.,55,28,89,1430,2018-09-01,Houston,True,es
b622013b-5c6,fa7ea260,charles88,2024-11-10 10:27:27,voter rolls compromised found in vote tallies (373 suspicious) ¡Increíble! 🇺🇸,21,185,143,636,2017-02-16,New York,True,en
88098a2b-d0c,a5d2dad1,andrewgutierrez,2024-11-05 10:33:09,polling update — observers reporting orderly process. #Election2024,74,187,97,503,2010-11-28,Houston,True,es
5322347b-dca,844c477c,toddchristopher,2024-11-03 07:24:59,Update: trust the process in my precinct.,9,120,29,470,2013-08-25,Los Angeles,False,en-US
acb1a584-e89,6fb1b42e,whitedana,2024-11-13 18:49:14,counting ongoing — observers reporting orderly process.,0,51,8,4895,2010-02-13,New York,True,en-US
df5f7613-ae1,546b84b1,bdaniels,2024-11-06 08:38:28,Evidence of ballot stuffing — officials silent. Share widely! ¡Increíble! 🇺🇸 #VoteSafe,42,372,223,80,2017-05-16,Philadelphia,False,en-US
d3c8b3ab-c93,f399e68f,mary31,2024-11-05 00:52:38,ALERT: fraudulent tabulation across precincts — evidence points to fraud. #investigate,42,367,64,93,2014-06-14,Philadelphia,False,en-US
613e9b0a-b26,0570f1f4,favila,2024-11-05 12:47:20,Reports of fake ballots in several precincts. Must be investigated! ¡Increíble! 🇺🇸,116,232,46,78,2013-02-22,Los Angeles,False,en
b9f5536f-1f8,33476ad1,tarahughes,2024-10-27 07:47:54,counting ongoing — observers reporting orderly process.,77,157,13,382,2010-07-30,Chicago,False,en
4f045b87-b35,41e861e3,sherylreyes,2024-10-31 05:21:53,Update: transparent count in my precinct.,77,22,114,69,2014-09-30,Los Angeles,False,en
b2761467-9fc,70091684,michaeldavis,2024-11-05 00:53:14,ALERT: fraudulent tabulation across precincts — evidence points to fraud. #investigate,371,41,50,2340,2015-02-11,New York,True,en
e0964b62-b5b,1b5abd8d,lauraramirez,2024-10-27 04:22:48,Reports of ballot stuffing in several precincts. Must be investigated! #Election2024,37,229,7,281,2022-08-31,Los Angeles,True,es
04526009-45e,0a23903d,rogersgerald,2024-11-10 20:46:21,rigged machines found in vote tallies (455 suspicious),76,244,583,776,2017-09-24,Rural,True,en
dc1d0cb2-29b,2f03f1ca,dwise,2024-11-04 15:17:40,ALERT: polling update across precincts — evidence points to fraud. #investigate,387,256,58,47127,2023-09-12,New York,False,es
c677cb61-48a,6bf6b86e,brandy58,2024-10-31 04:28:02,polling update — observers reporting orderly process.,38,127,96,1248,2016-02-05,New York,False,en
0d180f2d-488,315fb146,ethanprice,2024-10-30 16:19:09,early voting numbers — observers reporting orderly process.,79,179,4,632,2021-02-04,Miami,False,en-US
a40bc387-bd5,5d9a7dda,markroman,2024-11-15 00:01:35,Reports of fake ballots in several precincts. Must be investigated! ¡Increíble! 🇺🇸,101,316,39,1648,2021-12-18,Miami,False,es
a50988e4-323,04abde99,mcurry,2024-10-26 07:06:09,counting ongoing — official figures incoming.,56,44,49,172,2024-10-10,Rural,False,es
f6c6adaa-212,fc9708df,michael05,2024-11-15 05:04:15,ghost voters found in vote tallies (167 suspicious) ¡Increíble! 🇺🇸,135,396,141,345,2016-04-23,New York,False,en
15e61204-778,337e36d7,smartin,2024-10-28 08:06:42,poll watchers report — official figures incoming.,15,80,46,705,2021-01-31,Los Angeles,True,es
fd77d1f5-3cc,ed4db0fb,emurray,2024-11-06 12:05:33,counting ongoing — observers reporting orderly process.,47,83,10,3435,2009-06-04,Houston,False,es
2806b55d-91d,df84be53,mercadojanet,2024-11-06 12:38:19,poll watchers report — observers reporting orderly process.,46,222,228,521,2016-05-09,Philadelphia,False,es
5838586a-d94,61a39b9e,denise14,2024-10-29 10:41:37,Update: smooth voting in my precinct.,46,174,2,198,2023-08-10,Chicago,False,en
1ea02b79-202,b9d47891,sherry05,2024-11-06 01:26:27,Update: observers confirm fairness in my precinct.,86,161,4,1306,2011-10-11,Chicago,True,en
b9b9cdb6-dc7,17a7ab4f,jeremyromero,10/27/24 12:02 PM,Evidence of fake ballots — officials silent. Share widely! https://news.site/article,28,65,76,520,2022-08-03,Chicago,False,es
3d82cc87-825,3bdad10d,breyes,2024-11-09 06:41:44,Update: trust the process in my precinct.,23,141,0,622,2018-09-03,Philadelphia,True,es
11ddbd97-08f,b01c9727,richardgraham,2024-11-09 12:47:33,turnout update — official figures incoming.,50,9,17,10716,2025-03-13,Chicago,False,en
21924c05-f03,c0ad588a,torresjames,2024-11-03 06:18:22,Voter turnout steady in my area.,24,56,20,462,2024-02-09,Rural,True,en-US
eb58ad24-9a9,ebc3dae2,harrisshawn,2024-11-05 07:23:59,turnout update — official figures incoming.,25,21,12,292,2021-06-24,,False,en
5ffe4376-186,29411fe6,jessica26,2024-10-28 06:14:38,poll watchers report — observers reporting orderly process. https://news.site/article,28,28,21,871,2010-01-27,Philadelphia,True,es
e7076741-979,3d977508,jordandarren,2024-11-01 15:25:47,Update: transparent count in my precinct.,87,144,8,383,2011-08-11,Rural,False,en
ec633ea8-f0d,edae0561,audrey32,2024-11-13 09:47:05,Update: smooth voting in my precinct. #VoteSafe,29,237,14,627,2024-02-08,,False,es
d48453ae-aa4,b0995615,kellyangela,2024-10-31 13:38:47,rigged machines found in vote tallies (354 suspicious),36,374,137,483,2021-11-22,Los Angeles,True,en-US
06bdd7ca-37f,bd9af9c1,hayesashley,2024-11-15 02:43:19,Evidence of count manipulation — officials silent. Share widely!,122,188,95,678,2016-11-18,New York,False,en
75535d6b-be8,88bf7a2b,johnstonemily,2024-11-09 09:21:01,voter rolls compromised found in vote tallies (214 suspicious),26,69,16,342,2013-06-06,Los Angeles,True,es
a7ab6607-723,540f2cd3,chloefisher,2024-10-26 19:56:11,counting ongoing — observers reporting orderly process.,70,185,46,546,2010-11-04,Philadelphia,False,en-US
d07b244d-7a5,1eb4dda2,shannonkeith,2024-11-03 11:15:33,illegal votes found in vote tallies (490 suspicious) ¡Increíble! 🇺🇸,137,19,14,445,2016-02-01,Miami,False,en-US
ee3bf0bb-678,70091684,michaeldavis,2024-10-29 07:38:08,Update: clean election in my precinct.,12,114,50,2340,2015-02-11,New York,True,es
e89937d8-564,5ebc7422,lisamarquez,2024-11-12 21:29:08,early voting numbers — observers reporting orderly process.,23,58,87,5237,2024-03-05,Miami,False,es
2cf8fd09-ebe,22464956,johnsontammy,2024-11-14 04:42:57,Voter turnout steady in my area.,11,58,10,664,2018-08-19,Houston,False,en-US
86ae3caf-868,43e08c3b,foleybarbara,2024-10-28 10:39:59,Reports of voter rolls compromised in several precincts. Must be investigated! #VoteSafe,127,213,58,518,2011-07-27,,False,es
dc4aa10b-c23,b6745f7a,alexander07,2024-11-12 00:24:03,Update: observers confirm fairness in my precinct.,30,29,108,605,2010-07-13,Houston,False,en
d4cfe88e-b7b,49f38cb1,kayla75,2024-10-28 08:48:03,Reports of fraudulent tabulation in several precincts. Must be investigated! ¡Increíble! 🇺🇸,20,228,14,189,2012-10-25,Rural,False,en
b48b03b6-ea7,5bdf940a,kathleenhardin,2024-11-05 10:11:26,Update: smooth voting in my precinct.,36,181,5,835,2017-04-20,Houston,True,es
b80d2ba0-54c,7ae49a2e,nballard,2024-11-07 01:25:45,Evidence of ballot stuffing — officials silent. Share widely!,140,158,102,319,2021-07-18,Los Angeles,False,en
3292861d-de9,61a39b9e,denise14,2024-11-02 15:53:16,Reports of ballot stuffing in several precincts. Must be investigated!,138,56,2,198,2023-08-10,Chicago,False,en-US
f41c020c-9bd,03646e8b,tracychen,2024-11-03 13:35:23,ballot stuffing found in vote tallies (198 suspicious) ¡Increíble! 🇺🇸,62,151,72,2688,2015-02-15,Houston,False,en
bb47860f-068,bce6f7ba,tanyalawson,2024-11-12 16:36:23,polling update — observers reporting orderly process. #Election2024,100,229,8,86,2025-07-23,Los Angeles,False,en
957f99ae-b6c,62e4ec44,lisacunningham,unknown,counting ongoing — observers reporting orderly process.,105,86,164,237,2022-10-13,Chicago,False,en
d224e509-096,f3ac665a,markgarza,2024-11-05 08:31:36,count manipulation found in vote tallies (174 suspicious),26,41,291,241,2025-04-13,Philadelphia,False,es
a02767eb-a58,a02fa49a,jennifer31,2024-11-08 19:44:43,turnout update — official figures incoming.,6,11,14,121,2023-08-30,New York,False,en
22baf4db-064,3e52e026,egriffith,2024-11-13 17:11:57,ballot stuffing found in vote tallies (335 suspicious),31,203,17,215,2012-03-19,Philadelphia,True,es
ffd3cf3c-3f8,1981b25a,michelle51,2024-11-13 04:19:27,Update: clean election in my precinct.,14,97,53,278,2021-07-17,Houston,True,en-US
acc1f099-c4f,7139264c,ryanjohnson,2024-11-10 23:50:39,Update: transparent count in my precinct.,4,142,16,363,2018-09-18,,False,en
0f237388-c12,3b1338db,lucasmadison,2024-11-07 07:41:10,Voter turnout steady in my area.,20,80,8,5505,2020-10-16,Miami,True,en
dabb98ed-b35,f15a6716,griffindavid,2024-11-13 10:24:13,ALERT: poll watchers report across precincts — evidence points to fraud. #electionfraud,192,220,45,562,2022-09-05,Los Angeles,False,es
6bc609fd-bf0,9ccedeee,villegascourtney,2024-11-07 22:48:54,early voting numbers — observers reporting orderly process.,18,140,22,5446,2023-04-23,Philadelphia,False,en
56f77168-a5c,e544952d,timothy52,2024-10-31 03:41:10,Reports of voter rolls compromised in several precincts. Must be investigated! ¡Increíble! 🇺🇸,50,129,46,660,2023-04-13,Miami,False,es
7dc9dab8-961,132c6875,bobby03,2024-11-11 03:04:07,ALERT: turnout update across precincts — evidence points to fraud. #investigate,387,72,7,2051,2017-01-06,Philadelphia,False,en
8a62c480-2c4,cf4c3448,collinsmegan,2024-10-31 23:42:39,Update: transparent count in my precinct. https://news.site/article,18,152,39,158,2018-05-11,Philadelphia,False,en-US
470673ce-570,3e52e026,egriffith,2024-10-26 21:13:27,Evidence of ghost voters — officials silent. Share widely! https://news.site/article,176,269,17,215,2012-03-19,Philadelphia,False,en-US
77982b33-dee,b0995615,kellyangela,2024-11-12 00:36:45,Update: trust the process in my precinct.,15,156,137,483,2021-11-22,Los Angeles,False,es
ac14bde1-4c2,42e0093b,barrytanya,2024-11-13 14:02:04,Voter turnout steady in my area. #Election2024,49,20,28,1390,2010-12-10,New York,False,en-US
86e48670-2f3,801dc72c,gporter,2024-10-27 01:25:23,Update: trust the process in my precinct.,91,130,111,1615,2010-04-06,,False,en
d194d17f-853,ca78453f,coleemily,2024-10-29 03:15:48,counting ongoing — official figures incoming.,53,39,61,2480,2010-06-06,Philadelphia,True,es
3d0b2615-aa0,f9a0b58f,tdaniels,2024-10-28 22:31:29,voter rolls compromised found in vote tallies (113 suspicious),30,347,53,6174,2023-08-08,Houston,False,es
1704bf83-c69,c0088db8,jenniferwilliams,2024-10-30 03:04:33,Voter turnout steady in my area.,21,77,108,1507,2017-06-08,Chicago,False,en
9f883103-ee7,3f4f6fc9,lmorris,2024-11-14 02:59:27,Update: clean election in my precinct.,84,216,226,320,2013-10-22,,False,en
95778789-0b7,8ef425a4,baileychristian,2024-11-09 19:18:14,turnout update — observers reporting orderly process.,27,117,33,1446,2025-08-29,Miami,False,es
9972605e-840,1961748a,morganchristine,2024-11-06 12:40:59,early voting numbers — official figures incoming.,23,39,101,741,2015-06-01,,False,en-US
7f3ff5b6-e48,c3db1f70,mayleonard,2024-11-02 15:52:01,rigged machines found in vote tallies (359 suspicious) ¡Increíble! 🇺🇸,18,355,21,118,2019-08-20,Los Angeles,False,es
68965aa5-9bf,0d222a94,lisahurley,2024-11-09 05:59:52,Voter turnout steady in my area.,26,28,12,428,2012-03-11,Philadelphia,False,en-US
a9518dfa-ad0,53453fcc,xgibson,2024-10-30 05:59:25,early voting numbers — official figures incoming. #VoteSafe,44,43,14,493,2019-05-15,Houston,False,en
5fea4aed-76d,ca78453f,coleemily,2024-11-14 06:45:06,Update: smooth voting in my precinct.,42,135,61,2480,2010-06-06,Philadelphia,False,es
e9e86f10-89f,2f03f1ca,dwise,11/06/24 10:13 PM,early voting numbers — observers reporting orderly process.,101,23,58,47127,2023-09-12,New York,True,en
cf785a7c-021,797065d6,luiscooper,2024-11-14 01:38:16,polling update — observers reporting orderly process.,37,187,28,1064,2019-01-11,Chicago,False,en-US
95e34e17-023,f9b4a316,george49,2024-10-27 14:19:50,count manipulation found in vote tallies (205 suspicious),166,296,224,537,2016-04-29,Chicago,False,en
837949a8-022,cbae0b13,seth13,2024-11-04 11:47:48,Update: clean election in my precinct. https://news.site/article,45,153,4,6957,2016-02-14,Miami,False,en
36f278a3-3fa,314620dc,robinsonbrian,2024-11-03 06:16:58,Update: transparent count in my precinct.,55,96,37,515,2023-05-15,Miami,False,es
c71dfdef-d8f,d8ff842c,walkernicholas,2024-10-30 11:05:06,Update: transparent count in my precinct.,89,131,30,327,2010-07-18,Philadelphia,False,en
115ce66f-5e8,bd9af9c1,hayesashley,2024-11-05 08:30:09,poll watchers report — observers reporting orderly process.,57,194,95,678,2016-11-18,New York,False,en
58edb858-2cb,96235545,perezbrenda,2024-10-26 21:43:24,Voter turnout steady in my area.,13,19,15,92,2020-04-10,Rural,False,es
09a79f5e-ddf,b93972cf,jenniferboyer,2024-11-11 08:20:38,counting ongoing — official figures incoming. #VoteSafe,51,3,29,269,2025-08-27,Houston,False,en
13124a88-9d5,3e52e026,egriffith,2024-11-04 10:34:47,Update: trust the process in my precinct. https://news.site/article,85,76,17,215,2012-03-19,Philadelphia,False,en
5b39205b-cef,988f9cda,greenmelissa,2024-11-04 18:30:52,polling update — official figures incoming. #Election2024,180,186,1078,1012,2015-09-26,Philadelphia,False,en-US
2f5c0541-4d4,a8197a65,fcompton,2024-11-09 01:42:08,ghost voters found in vote tallies (103 suspicious) #VoteSafe,161,259,66,2132,2023-12-22,New York,True,en-US
0c4d00b2-861,2c66f33a,fsmith,2024-11-03 03:58:12,Reports of voter rolls compromised in several precincts. Must be investigated!,164,398,25,2293,2025-03-29,Los Angeles,False,es
214a4153-7f2,277c1e6f,walkerkayla,2024-11-06 07:48:19,illegal votes found in vote tallies (259 suspicious) ¡Increíble! 🇺🇸 https://news.site/article,8,394,22,172,2016-03-02,Chicago,False,es
d3a1ae9f-d14,b23ce10f,robert01,2024-10-27 18:55:23,turnout update — official figures incoming.,24,69,7,1723,2016-11-20,Philadelphia,True,es
cd359de6-b39,2c5e4955,brendawoods,2024-11-13 11:12:51,Evidence of rigged machines — officials silent. Share widely! ¡Increíble! 🇺🇸,114,136,364,301,2009-08-04,Chicago,False,en-US
860d714d-778,eeeadd3d,brownadam,2024-11-11 14:03:57,ghost voters found in vote tallies (94 suspicious),122,375,59,1258,2019-12-21,Philadelphia,False,es
28f464d6-d87,450a79b7,wdavis,2024-11-12 05:32:59,Update: observers confirm fairness in my precinct.,41,123,75,2250,2020-01-06,New York,False,en-US
922ef79f-988,4e4228fe,vnunez,2024-11-03 03:35:06,polling update — official figures incoming. #Election2024,35,51,22,165,2022-10-23,,False,en-US
7bfea5f9-8f8,54e876d0,heatherwatson,2024-11-08 17:11:03,ALERT: count manipulation across precincts — evidence points to fraud. #investigate,171,363,26,619,2010-02-18,Houston,False,en-US
f6ac84be-b11,5bdf940a,kathleenhardin,2024-10-30 10:01:57,turnout update — observers reporting orderly process. #VoteSafe,70,38,5,835,2017-04-20,Houston,False,en-US
2cb89e10-ba5,75fe06f1,moorematthew,2024-10-30 20:54:04,turnout update — observers reporting orderly process.,34,30,50,3107,2021-01-20,Philadelphia,False,es
98458674-433,5e061c8b,bmiller,11/01/24 02:59 PM,polling update — observers reporting orderly process. #VoteSafe,38,181,82,174,2025-02-21,Los Angeles,False,en
360cd59f-a20,7f9e47fe,jacob15,unknown,Update: clean election in my precinct. https://news.site/article,105,172,112,718,2022-06-24,Chicago,False,en
cc79b331-605,cd9acfb3,ianmartinez,2024-11-14 12:39:25,turnout update — observers reporting orderly process.,99,262,221,698,2018-12-31,,True,es
7fbc0f0e-a9e,5f56c825,zwhite,11/11/24 03:02 AM,ALERT: turnout update across precincts — evidence points to fraud. #investigate,181,331,32,596,2025-05-15,Houston,True,en
0f07eb0f-ab7,54f644fa,brownkelly,2024-11-05 13:47:51,Update: observers confirm fairness in my precinct. https://news.site/article,13,87,23,842,2009-12-24,Miami,True,es
303aecaa-b59,571ea087,hjohnson,2024-11-03 02:07:50,Update: observers confirm fairness in my precinct.,92,251,50,24230,2024-12-12,Los Angeles,False,en-US
1170690f-0c0,1ba61b6b,christopherwilliams,2024-10-27 18:47:13,early voting numbers — observers reporting orderly process. https://news.site/article,73,239,5,117,2015-05-24,Rural,False,en
10ec44a9-c04,c62daa47,sean22,2024-11-05 10:52:04,Update: trust the process in my precinct. #VoteSafe,16,199,343,401,2010-05-19,Houston,False,es
1ae96b63-02d,5743ba3f,keith20,11/13/24 11:59 AM,Update: transparent count in my precinct. #Election2024,101,231,740,1725,2021-08-30,Los Angeles,False,en-US
4573e6cb-b72,817389a8,pwebb,2024-11-08 17:14:47,ALERT: count manipulation across precincts — evidence points to fraud. #electionfraud,77,152,176,315,2014-01-06,Rural,False,es
1d6d8213-425,ad117feb,masonjohn,2024-11-02 15:06:21,Update: trust the process in my precinct.,39,118,9,673,2015-05-19,,False,en
fbe2db80-3d2,6e15df23,jerry88,2024-11-07 08:17:00,Reports of fake ballots in several precincts. Must be investigated! ¡Increíble! 🇺🇸,30,118,43,675,2018-11-25,Houston,False,en-US
f2329c1e-423,df00f022,tammy48,2024-11-02 20:10:17,Update: transparent count in my precinct.,28,32,74,541,2023-11-14,,True,es
ed85a328-799,838d66c7,tracyprice,2024-11-01 08:46:48,early voting numbers — observers reporting orderly process.,81,57,3,481,2017-01-02,Los Angeles,False,en-US
1aaa56c1-b22,9016bb85,justin09,11/02/24 05:26 AM,poll watchers report — official figures incoming.,9,73,20,224,2015-08-27,Chicago,False,es
0173146b-610,c446d383,ycaldwell,2024-11-05 17:59:30,early voting numbers — observers reporting orderly process.,96,170,228,368,2013-07-02,Houston,False,es
2265e5ce-1d4,87b2ad6d,dhenderson,2024-10-28 22:09:17,Reports of count manipulation in several precincts. Must be investigated! ¡Increíble! 🇺🇸 #Election2024,99,377,6,89,2024-08-20,,False,es
a942b3c1-855,39034fee,wellsrichard,2024-10-30 06:27:08,early voting numbers — observers reporting orderly process.,20,51,3,1001,2013-01-01,Rural,False,en-US
8fc102e0-a44,d87d14b9,barry09,2024-11-12 20:43:21,counting ongoing — official figures incoming.,46,10,19,4010,2015-10-12,Chicago,False,en-US
613f3227-3a6,95fd4838,fmann,2024-11-13 04:38:22,count manipulation found in vote tallies (307 suspicious) ¡Increíble! 🇺🇸 https://news.site/article,115,4,68,19695,2024-08-18,New York,False,en
f795466f-3e8,34845b76,gallen,2024-10-28 17:47:48,count manipulation found in vote tallies (84 suspicious),60,362,6,1167,2011-06-12,Miami,False,en
05c1f5bc-79b,b1958221,kevinreyes,2024-11-08 08:24:30,turnout update — observers reporting orderly process.,47,209,8,656,2013-02-22,Los Angeles,False,en
bf49374c-0a3,88b45597,rsanders,2024-10-31 13:52:20,counting ongoing — observers reporting orderly process.,95,38,130,531,2019-12-25,Miami,False,en
6a50bc72-a54,e586e546,rogersantonio,2024-11-03 07:35:11,fake ballots found in vote tallies (217 suspicious),79,183,67,75,2017-06-21,Philadelphia,False,en
2b368abb-45c,74023412,bjackson,2024-11-10 13:47:44,Evidence of illegal votes — officials silent. Share widely!,40,221,24,19,2012-05-10,Chicago,False,en-US
eed2c75f-ff5,4730148a,zgamble,2024-10-27 04:58:52,counting ongoing — observers reporting orderly process.,82,87,293,437,2024-07-05,,False,es
c0666cc4-752,7c261296,michael66,2024-11-09 00:12:55,Voter turnout steady in my area.,49,76,76,82,2018-10-19,Rural,False,es
08c47e4a-00d,add291d7,patrickreyes,2024-11-06 23:36:49,Evidence of rigged machines — officials silent. Share widely! ¡Increíble! 🇺🇸,140,49,6,3243,2023-10-30,,False,es
5680d348-8ec,6afee4d6,tanya74,2024-11-11 23:47:49,ALERT: counting ongoing across precincts — evidence points to fraud. #electionfraud,358,388,4,198,2015-04-25,,False,en
1a936e4f-d37,52f35736,ashley17,2024-11-03 16:49:09,Reports of ballot stuffing in several precincts. Must be investigated! #Election2024,42,217,18,3827,2022-10-17,Los Angeles,False,en-US
e8a7d1e5-983,c1da444f,shannonnorton,2024-11-05 09:14:25,Evidence of illegal votes — officials silent. Share widely!,199,386,13,753,2022-08-07,Rural,False,en-US
aef99bf0-fbc,cc5b74e6,pprice,2024-11-12 09:01:47,Voter turnout steady in my area. #Election2024,7,68,17,1027,2015-06-10,Rural,False,en
39aae631-cef,3403dad5,wrightcolleen,2024-11-12 13:58:00,Update: trust the process in my precinct.,68,181,40,3156,2017-08-09,Houston,False,en
706cafbd-240,3fcd5ad1,deanshepard,2024-11-02 16:05:02,Update: observers confirm fairness in my precinct.,65,36,322,2528,2010-05-22,Los Angeles,False,en-US
c0b463ec-551,3b28aa86,jose76,2024-11-08 04:21:37,illegal votes found in vote tallies (435 suspicious) ¡Increíble! 🇺🇸,116,195,239,692,2019-09-02,Los Angeles,False,en
268457a1-f65,2ab66e6b,kenneth66,2024-11-13 05:59:56,turnout update — observers reporting orderly process. https://news.site/article,77,118,61,611,2012-01-21,Philadelphia,False,en
d435fbcb-9f7,656544e6,vhurley,2024-11-06 23:27:16,early voting numbers — observers reporting orderly process.,17,97,99,588,2020-09-19,Los Angeles,False,en
ee2690ba-244,54d2a3b3,smithpamela,2024-11-07 02:06:59,Update: trust the process in my precinct. #VoteSafe,48,213,11,43314,2025-03-30,Houston,True,es
fd5ff160-a8f,0d0e440c,ybrown,unknown,Update: trust the process in my precinct.,81,246,20,846,2013-11-14,New York,False,es
05c1e6dc-3d7,2f2a2eb9,woodwardsusan,2024-11-14 01:08:58,ghost voters found in vote tallies (429 suspicious),204,345,47,266,2016-10-07,New York,False,es
ccfa4399-e32,966bfea1,eweaver,2024-11-11 03:05:02,ALERT: turnout update across precincts — evidence points to fraud. #investigate,32,44,102,2577,2010-12-28,Miami,False,en
a7b890c3-322,26c6695e,erinmontes,2024-11-01 04:48:51,Update: clean election in my precinct.,35,60,87,248,2022-06-27,Houston,False,en
dadaea51-fa7,04bc47a6,alyssawhite,2024-11-10 18:24:55,ALERT: fake ballots across precincts — evidence points to fraud. #investigate,17,599,43,289,2013-03-05,Chicago,False,en-US
4a1048ca-810,c714b91a,timothymoore,10/28/24 02:30 PM,turnout update — observers reporting orderly process.,24,191,226,390,2011-08-22,Miami,False,en-US
ca9de6d0-a6b,49dd704d,youngcassandra,2024-11-03 00:29:39,Evidence of count manipulation — officials silent. Share widely!,123,277,14,413,2021-11-26,Los Angeles,False,es
fc5d92ab-8ce,7d0cf5af,tgonzalez,2024-11-14 10:59:36,Update: smooth voting in my precinct.,115,281,332,1145,2021-10-19,Houston,False,en-US
8e4b82ed-2be,88de6314,rruiz,2024-11-14 03:44:37,Update: observers confirm fairness in my precinct.,55,91,18,135,2019-08-17,Chicago,False,en
101914fb-9e2,b23ce10f,robert01,2024-11-05 11:38:38,Voter turnout steady in my area.,23,46,7,1723,2016-11-20,Philadelphia,False,en-US
f07e10ed-087,5b634628,matthewcarter,2024-11-04 01:18:29,Update: clean election in my precinct.,18,136,14,27,2011-01-01,Los Angeles,False,en-US
3ac8f869-030,5d45d091,greenrhonda,2024-11-04 13:28:41,Voter turnout steady in my area.,35,10,25,5182,2016-03-17,Chicago,False,es
dd2c94d9-9a9,55782b26,smithdaisy,2024-11-07 10:00:05,ALERT: voter rolls compromised across precincts — evidence points to fraud. #electionfraud,115,36,48,3053,2015-01-03,Chicago,False,en-US
8421b5b6-3bf,dc2c293c,jordanjason,2024-11-05 00:51:30,ALERT: fraudulent tabulation across precincts — evidence points to fraud. #investigate,78,765,24,96,2018-02-18,Los Angeles,False,en
84bb622a-631,1aeac545,peterskimberly,10/29/24 03:45 AM,Update: transparent count in my precinct.,27,69,46,520,2023-10-18,Chicago,False,es
c3142b18-11d,4932f910,karengonzalez,2024-11-13 21:32:27,Voter turnout steady in my area.,45,78,34,1744,2017-08-25,Houston,False,en
563bf762-627,74dbdc57,bmorrison,2024-11-03 07:36:23,Evidence of count manipulation — officials silent. Share widely! ¡Increíble! 🇺🇸 #Election2024,77,331,263,7025,2012-12-12,,False,en-US
2be97306-d41,6a7ae958,pmccoy,2024-11-07 06:14:30,early voting numbers — observers reporting orderly process.,90,249,15,1490,2020-07-13,Miami,False,en-US
e4f5782a-ed1,f29b638f,patrick08,2024-11-06 08:39:01,Reports of ghost voters in several precincts. Must be investigated!,148,345,45,1479,2014-09-26,Chicago,False,es
43dbae3e-cbc,1eb4dda2,shannonkeith,2024-10-30 18:28:09,ALERT: fake ballots across precincts — evidence points to fraud. #electionfraud,44,607,14,445,2016-02-01,Miami,False,es
dd0e1c3e-d5b,4f6f1fac,warrenrichard,2024-11-14 16:11:53,Evidence of fraudulent tabulation — officials silent. Share widely! https://news.site/article,142,226,24,5577,2022-03-20,Houston,False,en-US
6254f6f7-bd5,d6460761,tbradley,2024-10-27 01:38:27,Voter turnout steady in my area.,49,57,1,135,2010-05-23,New York,False,en-US
5efa009d-619,a056dc71,aolson,2024-10-29 17:10:21,fake ballots found in vote tallies (264 suspicious),11,151,49,2705,2016-12-26,Miami,False,en
4194e1f8-331,8f27f548,lowerytonya,2024-11-10 18:24:39,ALERT: fake ballots across precincts — evidence points to fraud. #electionfraud,52,578,50,38,2020-01-03,Rural,False,es
12e1548a-a78,96779bb5,knoxjeffery,2024-11-09 22:59:10,counting ongoing — observers reporting orderly process.,69,214,14,317,2022-10-12,Chicago,False,es
abdf50a4-d2b,7cd374aa,bowenalexandra,2024-10-31 21:14:53,polling update — observers reporting orderly process.,73,185,72,26464,2025-03-07,Chicago,False,en-US
aac7fed9-076,50ddefbd,julierhodes,2024-11-14 12:49:41,turnout update — observers reporting orderly process.,24,145,17,728,2012-09-07,New York,False,es
a0b15b09-84b,f394cde9,george54,2024-10-29 08:49:49,Update: smooth voting in my precinct.,42,103,91,355,2020-12-18,Rural,False,es
081905ae-d2e,1f679327,cgiles,2024-10-26 20:01:50,Voter turnout steady in my area.,19,16,8,1423,2021-03-04,Los Angeles,False,en
ac00090e-512,f394cde9,george54,2024-11-08 07:06:19,counting ongoing — observers reporting orderly process.,91,183,91,355,2020-12-18,Rural,True,en
a6739158-366,2180cd7f,emilysanders,2024-10-29 16:16:31,Update: clean election in my precinct.,93,83,17,130,2018-08-28,,False,es
68848f7f-0ab,1b23d6f5,moorejohn,11/14/24 07:48 AM,Update: smooth voting in my precinct.,33,26,5,2825,2011-10-04,Philadelphia,False,es
4bad5ffc-886,1b645874,asimmons,2024-11-12 21:04:12,Evidence of ballot stuffing — officials silent. Share widely!,202,80,48,485,2012-08-24,Los Angeles,False,en-US
36c7e369-853,88bf7a2b,johnstonemily,unknown,polling update — official figures incoming.,48,35,16,342,2013-06-06,Los Angeles,False,en-US
2dbe342b-19a,6335b3db,daniel09,2024-11-01 02:47:50,early voting numbers — observers reporting orderly process.,35,1,34,205,2019-06-06,Miami,False,en
d44406b9-9c2,c8af6ec8,joseherring,2024-11-08 12:41:21,Update: clean election in my precinct.,35,194,16,438,2015-07-13,,False,en
3ddefb9b-f2b,cdce30dd,gilbertjackson,2024-10-26 20:18:39,Evidence of fake ballots — officials silent. Share widely!,118,363,1,259,2020-04-22,New York,False,en
6da21334-11d,ff217f0c,rcontreras,2024-11-06 17:40:58,Update: clean election in my precinct. #VoteSafe,79,202,13,497,2017-08-30,Rural,False,en
6678a906-edd,3f4f6fc9,lmorris,2024-11-10 19:11:43,ALERT: poll watchers report across precincts — evidence points to fraud. #investigate,55,75,226,320,2013-10-22,,False,en
7ebab9f5-c67,ca3589ce,collinsmark,2024-11-13 18:54:35,counting ongoing — observers reporting orderly process. https://news.site/article,105,184,54,2588,2010-12-22,New York,False,en
272e1789-abf,cb0e4c79,james32,2024-11-05 14:53:02,Reports of voter rolls compromised in several precincts. Must be investigated! https://news.site/article,18,354,55,1864,2018-02-10,Philadelphia,False,en-US
e23c93c4-72e,858a5c9c,ctaylor,2024-11-03 03:47:16,poll watchers report — observers reporting orderly process.,4,250,3,482,2019-04-17,Houston,True,en-US
663067f8-ed6,50635767,xmeyers,2024-10-28 23:02:16,Evidence of count manipulation — officials silent. Share widely! ¡Increíble! 🇺🇸,95,302,32,4181,2015-01-31,Houston,False,es
35d3a8b0-22a,7c035eb1,briansmith,2024-11-04 17:42:55,Evidence of fraudulent tabulation — officials silent. Share widely! ¡Increíble! 🇺🇸,34,303,45,4355,2024-07-17,Houston,False,es
1b505831-49e,d33b0e80,jmckee,2024-11-10 09:16:03,Voter turnout steady in my area.,53,51,24,444,2013-01-11,Philadelphia,False,en-US
29fdca8a-c90,c9dab772,olivia06,2024-11-04 23:30:10,Update: transparent count in my precinct.,19,122,30,3372,2020-08-02,Miami,False,en-US
24c2d5c2-96b,bd0ee5cb,casey55,2024-11-13 21:38:09,turnout update — observers reporting orderly process.,85,223,41,535,2019-12-20,Rural,False,es
2463d635-164,dcb70de4,michelecollier,2024-11-03 17:09:30,turnout update — observers reporting orderly process. #Election2024,54,48,90,1806,2014-06-27,Chicago,True,en
df229b2e-d7c,54a8287a,vgutierrez,2024-11-02 16:32:26,Update: transparent count in my precinct. https://news.site/article,12,149,11,447,2024-05-28,New York,False,es
9f96dcf2-979,ee5cc0f1,hutchinsonsarah,2024-10-30 07:31:47,turnout update — observers reporting orderly process.,19,119,7,152,2017-06-14,Miami,False,en
840afdfc-515,c0702d3d,charles57,2024-11-05 21:33:15,illegal votes found in vote tallies (10 suspicious),199,30,17,1379,2019-11-04,Miami,False,en
c2b825db-78a,57d21719,gregorytaylor,2024-10-29 14:54:46,Reports of ghost voters in several precincts. Must be investigated!,91,113,246,114,2015-08-29,Rural,False,en
ab352349-a2c,1063d9b8,stewarteric,2024-11-07 21:11:08,Voter turnout steady in my area. #VoteSafe,32,74,5,193,2015-10-29,Chicago,False,en
076a2eb7-b02,c0952176,audreydavis,2024-11-02 01:05:33,fraudulent tabulation found in vote tallies (310 suspicious) ¡Increíble! 🇺🇸,76,80,25,2244,2020-05-31,Los Angeles,True,en
9fb3f943-f8e,2ea1715b,frankdaniels,2024-11-08 14:37:06,early voting numbers — observers reporting orderly process. #VoteSafe,44,64,59,699,2016-02-09,Miami,True,es
a22cf7aa-637,3e52e026,egriffith,2024-10-31 13:13:08,Reports of fraudulent tabulation in several precincts. Must be investigated!,105,352,17,215,2012-03-19,Philadelphia,False,es
46f2b821-e5c,7c0b0919,jdonovan,2024-11-09 06:06:45,Reports of count manipulation in several precincts. Must be investigated!,84,318,227,176,2013-03-22,Los Angeles,False,es
c2170529-62d,966bfea1,eweaver,2024-10-30 23:58:25,turnout update — observers reporting orderly process.,37,50,102,2577,2010-12-28,Miami,False,en-US
ce1027fe-904,17a7ab4f,jeremyromero,2024-11-10 07:27:17,Update: smooth voting in my precinct. #Election2024,72,172,76,520,2022-08-03,Chicago,True,en-US
9aca9c18-2d4,3190ea2e,clarkheather,2024-10-31 08:25:47,Evidence of count manipulation — officials silent. Share widely! ¡Increíble! 🇺🇸 https://news.site/article,195,192,46,569,2019-06-14,New York,False,en
8bb6dc53-682,34e1aca0,shanemccarthy,2024-11-12 06:28:54,turnout update — observers reporting orderly process.,63,58,14,183,2022-08-17,Los Angeles,False,en
5a6c4809-980,6fdf9d15,mariawhite,11/06/24 02:18 AM,Evidence of fake ballots — officials silent. Share widely!,114,262,15,344,2010-03-22,Miami,False,en
c9dc256c-919,41b035bb,ryanrivera,2024-10-26 14:17:14,Update: smooth voting in my precinct.,78,127,19,377,2020-11-30,Rural,False,es
d67a6dac-113,54e876d0,heatherwatson,2024-11-05 08:58:06,Update: smooth voting in my precinct.,88,194,26,619,2010-02-18,Houston,False,en-US
443e3f26-8f1,66f7d39a,whitneyjenkins,2024-11-14 08:20:28,early voting numbers — observers reporting orderly process.,23,273,150,2839,2013-05-23,,False,es
cf9b644a-524,718c4e13,patricia62,2024-11-11 04:09:07,Update: smooth voting in my precinct.,78,72,152,1500,2012-09-13,Philadelphia,False,en-US
6185850e-53f,813e8827,paulperez,unknown,early voting numbers — observers reporting orderly process.,72,15,8,476,2010-06-23,Rural,False,es
939f0bc8-c52,387eee27,wagnerteresa,2024-10-28 07:05:18,Evidence of count manipulation — officials silent. Share widely!,215,366,101,46972,2023-08-05,Rural,False,en
db851ba1-aab,54650899,nbaker,2024-11-05 20:58:46,Voter turnout steady in my area.,29,28,15,156,2013-08-04,Chicago,False,es
19f58ae0-3af,8a4047c7,dlee,2024-11-06 14:47:23,Update: clean election in my precinct.,30,29,7,145,2025-06-04,New York,False,es
b550ebbf-c8c,3e52e026,egriffith,2024-10-28 13:19:20,Reports of voter rolls compromised in several precincts. Must be investigated! ¡Increíble! 🇺🇸,93,78,17,215,2012-03-19,Philadelphia,True,en
7cda958a-06d,ebf9bf33,fieldsstephen,2024-10-28 13:58:12,Update: transparent count in my precinct.,13,138,35,1412,2021-04-27,Miami,False,es
bb3701a2-8ac,39532208,steven42,2024-11-09 11:31:58,Update: transparent count in my precinct. #VoteSafe,21,201,142,1171,2012-02-06,Houston,False,en
cf9765de-1fd,b5f531c2,andrea10,2024-10-31 23:26:45,Update: trust the process in my precinct.,65,14,18,146,2016-06-25,Chicago,False,en
3f6a3be7-83e,cccafd0d,cynthiadoyle,2024-11-13 15:03:27,Update: transparent count in my precinct.,60,83,26,307,2010-10-01,Rural,False,en
76d21f18-a12,89df08ed,robertsshannon,2024-11-09 00:29:20,turnout update — observers reporting orderly process. https://news.site/article,70,225,16,1515,2016-01-26,Miami,False,es
af97ade6-061,5acc24e9,erin23,2024-11-06 10:11:11,Voter turnout steady in my area.,53,28,75,7874,2023-01-17,,False,en
b89483e1-315,face526c,amandaporter,2024-11-05 12:34:15,polling update — observers reporting orderly process. #VoteSafe,87,177,47,315,2010-09-15,Houston,False,es
d9691ed5-b2a,ea448d31,alexislawrence,2024-11-01 16:45:50,early voting numbers — observers reporting orderly process.,41,159,99,918,2022-01-19,Rural,False,es
2507dc41-381,f7076147,prodriguez,2024-11-06 23:13:38,Update: transparent count in my precinct.,17,1,19,469,2021-03-05,Houston,False,es
be98addb-3fd,f9b4a316,george49,2024-11-06 15:21:40,early voting numbers — observers reporting orderly process.,35,274,224,537,2016-04-29,Chicago,True,en
6d3ef20e-79d,a0f28277,bryan47,2024-11-07 14:26:47,Reports of fake ballots in several precincts. Must be investigated!,164,156,51,4050,2014-07-04,Philadelphia,True,en
e560e8c7-894,05e458e6,franciserica,2024-11-10 22:44:03,Voter turnout steady in my area.,22,79,29,282,2016-08-20,Houston,True,es
7894f002-3c3,0795ee17,sandrabranch,2024-11-09 13:19:42,polling update — observers reporting orderly process.,7,17,24,4345,2023-11-27,New York,False,en-US
e2712233-eb8,cc5b74e6,pprice,2024-11-02 15:26:04,Update: transparent count in my precinct. #VoteSafe,8,211,17,1027,2015-06-10,Rural,False,en
8eb34918-df9,034c7c08,hamiltonsusan,2024-11-02 20:03:22,ALERT: counting ongoing across precincts — evidence points to fraud. #electionfraud,396,367,29,26,2025-08-16,Philadelphia,False,es
6128a5f6-a51,869c9115,dking,2024-11-10 22:15:08,Voter turnout steady in my area. https://news.site/article,20,60,29,277,2010-03-17,,False,es
0b6d290c-f4c,979b2f39,chavezjake,2024-11-07 21:55:00,Update: trust the process in my precinct. #VoteSafe,18,2,31,186,2020-12-28,Chicago,False,es
e2501627-820,6fdf9d15,mariawhite,2024-11-04 07:27:05,rigged machines found in vote tallies (249 suspicious) ¡Increíble! 🇺🇸,174,394,15,344,2010-03-22,Miami,False,en-US
3d383735-f9e,40fb60ac,johncobb,2024-11-13 11:39:54,turnout update — observers reporting orderly process.,3,116,13,211,2023-02-02,,False,es
e5141734-802,6afee4d6,tanya74,2024-11-14 11:01:09,counting ongoing — observers reporting orderly process.,3,213,4,198,2015-04-25,,False,en
96aa9a20-107,b9440f26,shortdavid,2024-11-02 13:24:01,early voting numbers — observers reporting orderly process.,40,79,16,86,2014-03-09,Chicago,False,en
557ffc6c-aee,19f02da9,knoxjohn,2024-11-10 03:53:07,Evidence of ballot stuffing — officials silent. Share widely! ¡Increíble! 🇺🇸 #VoteSafe,174,82,5,581,2022-11-03,New York,False,en
b6fdd373-ae2,ea508003,rholmes,2024-11-15 02:26:45,illegal votes found in vote tallies (498 suspicious),173,76,8,78,2023-04-08,Chicago,False,en
9c36c460-aca,951eb72c,khernandez,2024-11-09 09:08:22,turnout update — official figures incoming.,42,7,8,504,2021-10-07,Philadelphia,False,es
ca08de9b-068,3dcdf6ce,lruiz,2024-11-12 06:57:06,early voting numbers — observers reporting orderly process.,77,71,23,8374,2014-04-25,Rural,False,es
37641d8d-467,4f5d5863,qglenn,2024-10-28 06:00:56,turnout update — observers reporting orderly process.,56,21,38,182,2018-11-24,Chicago,False,en-US
9d33789e-803,5408d0f8,dillonreyes,2024-11-11 04:53:53,fake ballots found in vote tallies (495 suspicious),62,245,62,4229,2021-06-15,Miami,True,en
915d95aa-d71,41f78e3a,lucas35,2024-11-14 05:06:17,Update: clean election in my precinct.,16,20,23,325,2017-08-08,Miami,False,en
cedd8e65-241,10e95709,oyoung,2024-11-14 09:41:00,Reports of fraudulent tabulation in several precincts. Must be investigated!,219,259,136,85,2020-07-16,Houston,False,en
32fe1c77-1f7,ae4189a3,james09,2024-11-02 05:40:58,polling update — observers reporting orderly process.,60,47,76,24309,2024-09-11,Miami,False,es
b64fd960-ff2,370053fd,tammyhughes,2024-11-05 00:07:44,voter rolls compromised found in vote tallies (50 suspicious),142,105,7,1177,2024-11-30,Miami,False,en
b98b34f3-a3c,63394faa,mmoss,2024-11-08 12:03:00,Voter turnout steady in my area.,28,14,65,2833,2024-06-10,New York,False,es
1f4b358b-379,f0c1f595,powersbrianna,2024-11-08 08:37:44,counting ongoing — observers reporting orderly process.,69,74,45,262,2010-12-29,Miami,False,en
c6b4e5fb-39c,aa71651c,bcrawford,unknown,ALERT: count manipulation across precincts — evidence points to fraud. #investigate,210,527,25,389,2014-08-02,Los Angeles,False,en
3083f11a-f3f,543dd805,foleydavid,2024-10-26 15:08:07,Update: clean election in my precinct. https://news.site/article,34,97,26,917,2016-12-25,Los Angeles,False,en
9cca4250-a9e,250baf12,barbarajohnson,2024-10-31 01:34:28,polling update — official figures incoming.,15,19,77,200,2019-11-27,,False,es
d8e1476f-967,1c466d9b,wmoreno,2024-11-05 04:46:58,voter rolls compromised found in vote tallies (483 suspicious),20,228,44,600,2025-07-12,,False,en-US
3677994e-8c0,3a9a5e91,kathryn19,2024-11-04 08:27:43,Voter turnout steady in my area.,51,43,61,12872,2024-08-01,Rural,True,en-US
7380fdec-66d,09761359,andrewfreeman,2024-11-10 11:01:59,polling update — observers reporting orderly process.,62,40,11,776,2023-01-25,New York,False,en-US
e7f0ee6f-f8d,319bc1e4,anthonymitchell,2024-11-06 21:34:43,Update: trust the process in my precinct.,46,190,9,117,2020-11-30,Chicago,False,en
8c9c8b04-def,106ecdfd,natalie70,2024-11-11 14:27:35,polling update — observers reporting orderly process.,30,231,49,3081,2020-04-29,Philadelphia,True,en
8a023258-654,18e55dc0,jeremystewart,2024-11-02 18:40:08,Update: trust the process in my precinct.,41,56,95,581,2019-07-03,Rural,False,es
38c01184-80e,95fd4838,fmann,2024-11-07 12:44:21,voter rolls compromised found in vote tallies (85 suspicious) ¡Increíble! 🇺🇸,105,100,68,19695,2024-08-18,New York,False,es
31b67b4f-f35,f2a3db66,rgreene,2024-10-30 16:28:36,Update: clean election in my precinct.,86,175,90,10465,2025-03-20,Philadelphia,False,en
444c6700-bcc,39532208,steven42,2024-11-10 13:50:00,Update: smooth voting in my precinct.,124,111,142,1171,2012-02-06,Houston,False,es
db3d92b7-566,813e8827,paulperez,2024-10-27 10:38:50,Voter turnout steady in my area.,38,24,8,476,2010-06-23,Rural,False,es
9db33852-4b5,eeeadd3d,brownadam,2024-10-27 13:20:32,Update: observers confirm fairness in my precinct. https://news.site/article,94,218,59,1258,2019-12-21,Philadelphia,True,en
76fc9ea5-c54,ff217f0c,rcontreras,2024-11-02 20:02:00,ALERT: counting ongoing across precincts — evidence points to fraud. #investigate,28,653,13,497,2017-08-30,Rural,False,en
26e5c26e-f8f,dcb70de4,michelecollier,2024-11-03 07:42:07,Update: trust the process in my precinct.,58,25,90,1806,2014-06-27,Chicago,False,en-US
c46062d8-f93,489bd3c9,qrodgers,2024-10-29 17:39:53,fraudulent tabulation found in vote tallies (417 suspicious) ¡Increíble! 🇺🇸,5,1,17,3244,2017-06-08,Los Angeles,False,es
0935da0c-aed,546b84b1,bdaniels,2024-11-09 01:22:44,ballot stuffing found in vote tallies (481 suspicious) ¡Increíble! 🇺🇸 #VoteSafe,155,206,223,80,2017-05-16,Philadelphia,True,en-US
4cbcfead-280,15aedf38,mcdanielchris,11/10/24 07:15 PM,ALERT: poll watchers report across precincts — evidence points to fraud. #investigate,113,118,7,481,2017-11-01,Philadelphia,False,es
dc7b59c7-d9d,58f67dba,lee27,2024-11-03 21:52:19,ballot stuffing found in vote tallies (440 suspicious),45,86,24,796,2025-05-03,Rural,False,en
d55abf7e-34a,30a5af77,bullockdouglas,2024-11-06 04:43:26,poll watchers report — observers reporting orderly process. #VoteSafe,93,165,5,573,2020-10-01,,False,en-US
207e1001-96f,3403dad5,wrightcolleen,2024-11-14 12:58:38,Update: clean election in my precinct.,59,40,40,3156,2017-08-09,Houston,False,es
d94d3740-035,2fda970b,nguyenjason,unknown,counting ongoing — observers reporting orderly process. #Election2024,63,103,51,684,2019-01-10,Philadelphia,False,en
18115747-8cd,d10739d9,andrewhenderson,2024-10-26 20:41:13,Update: smooth voting in my precinct.,41,212,237,162,2018-07-29,Rural,False,es
b1bda55c-3f7,bbbdc653,salascharles,2024-11-12 09:27:35,Update: clean election in my precinct.,45,157,141,689,2014-09-01,Houston,False,es
