National_ID,Name,Surname,Date_of_Birth,Residential_Address,Mailing_Address,Citizenship_Status,Email,Contact_Phone,Signature
126855092,Danielle,Johnson,10/10/1985,"3658 Pine Rd, Johnberg, WV 97031","PO Box 9035, Lake Joyside, CO 11896",Citizen,danielle.johnson55@example.org,8162274257,ecce782cd4a32b88be3d6b0b9c857c3a647a64b49d1a9eda1e1c35729338214e
732719211,Brittany,Johnson,03/01/2007,"2616 First St, East Jessetown, MI 74064","PO Box 3627, Lake Debra, WI 71927",Non-Resident Citizen,brittany.johnson56@example.net,8184701711,782dc7432ed2d65aa5c26ea494f643f747f35f4c8abc76c4bc0c1eb74cef5b10
506448196,Robert,Cole,06/11/1981,"5926 Washington St, Lisatown, IL 21427","5926 Washington St, Lisatown, IL 21427",Citizen,robert.cole68@example.com,3035895554,eac54897c8d4daaac9049cbd7a35f601528c25f82a3d8ea0ba3c9be43230353b
491735568,Helen,Peterson,11/15/1975,"3433 Elm Way, East Susan, VT 44619","3433 Elm Way, East Susan, VT 44619",Citizen,helen.peterson60@yahoo.com,367.673.7216,717b53faac8e89cef548056b48e45c90aedf2136b31f6f21f4e9a7d02b968e8b
787194506,Curtis,James,01/16/1988,"5314 Main St, Melanieview, IA 06196","5314 Main St, Melanieview, IA 06196",Citizen,curtis.james54@example.org,780-935-6155,8e7fd1209015fb24fd748a2d257c1444e6ed09a7fd97c74b556a29d57bbea75b
524806516,Jessica,Herrera,01/27/1950,"7518 Pine Rd, Millerport, KY 82898","PO Box 9297, Barbaraland, OH 06507",Citizen,jessica.herrera87@gmail.com,(341) 721-9085,20cf7d84ac6734611979e68cd426cc77adcc57eed2430afe90d987e93c6e72e2
217734861,Donna,Mejia,05/23/1993,"6917 Washington St, Port Jesseville, CA 50324","6917 Washington St, Port Jesseville, CA 50324",Citizen,donna.mejia66@yahoo.com,211.896.2876,2ba0a336b1ab5a98e634d6edfea0a65d00442cad52ef8ce36bb8f0352a9b63aa
465260635,Joshua,Reid,09/27/1968,"2592 Second Ave, Franciscostad, AL 27961","2592 Second Ave, Franciscostad, AL 27961",Permanent Resident,joshua.reid82@example.org,308-840-5889,f9645c50389ff4806f682e64700309cd6f224291136092899c0c8025c2bec7c5
143365489,Elizabeth,Miles,03/01/1960,"10 Washington St, New Cynthiaside, MA 96069","10 Washington St, New Cynthiaside, MA 96069",Citizen,elizabeth.miles69@example.org,7802802403,74af94429437c6a8808ce7ed01a5bb94b13710040529d04679ad7e8b2d2ae6dc
916690353,John,Ford,06/18/1996,"2104 Second Ave, Veronicaside, OK 29286","PO Box 8745, Meganton, RI 30522",Citizen,john.ford84@hotmail.com,930.519.7537,40e95c436e08b20c16e480ea205d7e090c3c10802feae6afdf154c67d0205c81
655742829,Lydia,Trujillo,07/03/1985,"3682 Oak Ave, Adamsborough, MI 74842","PO Box 9175, Jasonfort, IA 52357",Citizen,lydia.trujillo@,(260) 434-2104,f2f37932a0d5b8be19708706ded4aa599dce1b4b3ebba05f32c804c55e24e922
176082500,Nicole,Day,10/05/1982,"7954 Cedar Dr, West Donald, OH 98148","PO Box 9455, Juliechester, OR 76985",Non-Resident Citizen,nicole.day76@example.org,8746416804,6c963e3b8f9dd9149ffe46663f32284441acc0ffa809d39e92d2f198ae229507
882839238,Reginald,Robinson,02/13/1949,"1613 Main St, New Trevor, MT 99562","1613 Main St, New Trevor, MT 99562",Citizen,reginald.robinson62@example.org,343.632.4006,83aeb89da49b2322142dfc5844f6638734405943cada8b78c4f0904ce16f3e7d
180943908,Brandon,Rodriguez,05/16/1958,"1605 Main St, Port Erin, TN 78673","1605 Main St, Port Erin, TN 78673",Citizen,brandon.rodriguez98@example.org,6976924502,a04dc338927ba3a44fde920896e3cfc54a4cc309ea7d73b1a440bfd3652d6a22
276777762,Bryan,James,09/19/1972,"4346 Second Ave, Riceside, ME 02005","4346 Second Ave, Riceside, ME 02005",Citizen,bryan.james85@hotmail.com,358-394-5861,0d5f91d01e9ff86b47552b29f8d038d6e1ad96ea7c6a89cbab767dfdb36e3de8
721890096,Erin,Wilson,04/11/2002,"5139 Main St, Kaylamouth, AR 15122","5139 Main St, Kaylamouth, AR 15122",Citizen,erin.wilson60@example.com,(282) 390-2122,975d8dd984607d15268d6a83cadb0de3c62029b6cbd185cadeb6c4c965a0652b
352548261,Kelly,Moore,08/20/1956,"4034 Washington St, Lake Nancyview, RI 66113","PO Box 1443, New Rita, NE 82460",Citizen,kelly.moore70@example.net,933.521.4910,90cd4f714952840b81801635e2fb137a0b7740dfc2b61a6500b194a75ca9cb92
821221887,Kenneth,Fowler,09/22/1966,"5181 Oak Ave, East Nathaniel, AL 21675","5181 Oak Ave, East Nathaniel, AL 21675",Citizen,kenneth.fowler54@yahoo.com,(471) 335-6718,78fac3f70673eafc5a68f0baf786685fe9b91659f1c1def89262dbb73d37d9ca
496776692,Amber,Osborne,06/07/1968,"8901 Elm Way, New Mariotown, SC 15163","8901 Elm Way, New Mariotown, SC 15163",Citizen,amber.osborne92@yahoo.com,879.306.3200,4528fe362ad2ff053e953f5323a620cd021c2eae9e59642be209c91e90c3e9da
128732250,Sarah,Koch,10/19/1993,"4463 Elm Way, Johnbury, RI 74865","PO Box 5717, North Jessicaland, IN 70323",Citizen,sarah.koch82@gmail.com,252.294.7939,fe133fbfe8fa1fc9bd79cba0298146c572d55b4c06032eadcf2b625874ec3f91
189538401,Katie,Anderson,08/03/1950,"4292 Pine Rd, Arroyoburgh, WV 35242","4292 Pine Rd, Arroyoburgh, WV 35242",Citizen,katie.anderson57@example.com,(907) 352-9938,909b036b48d950e5dc04994ac1347a06452067b60630d0b97c68a37711155308
725464884,Allison,Obrien,03/09/1969,"2089 Main St, New Karina, MD 90923","2089 Main St, New Karina, MD 90923",Citizen,allison.obrien52@example.net,455.882.2684,dca463be873ea776792d24c13eedbb23471fa2acf88e4a75f7d7133502d823da
536344399,James,Collins,11/17/1993,"3879 Pine Rd, Samuelhaven, ID 59678","3879 Pine Rd, Samuelhaven, ID 59678",Citizen,james.collins71@gmail.com,952-454-5371,b7c433df1eccac07c31119e556550ad3550f61a0cb446c96c8e271aff8ddcff8
216066793,David,Walker,04/09/2004,"7712 Cedar Dr, Andrewside, IL 30662","7712 Cedar Dr, Andrewside, IL 30662",Citizen,david.walker64@example.org,397.608.6378,6eeb2cfb067d458e8cb73743bb7645e641ec45473aa0f536077b37ffc7c2802f
930353157,Brianna,Smith,03/12/1950,"8347 First St, East Carloston, UT 43810","8347 First St, East Carloston, UT 43810",Citizen,brianna.smith57@example.net,4712392776,0c0b6d35ed92c9e7e1ebb68edb1c6995cd1f0aba94fbc0bcf24018d03d58ccb4
944420824,Chad,Young,05/11/1953,"8380 Oak Ave, Lewisberg, MO 95312","8380 Oak Ave, Lewisberg, MO 95312",Citizen,chad.young77@example.com,751.903.4228,334974bc51f644cef288f4e6948be580a946308819ff8bf5eb6233acf2a5522d
813219781,Selena,Duncan,11/03/1951,"5144 Oak Ave, Sanchezfort, WA 53855","5144 Oak Ave, Sanchezfort, WA 53855",Citizen,selena.duncan70@gmail.com,7673304143,0dac2f29295f47392811e05d4f0276431d9a08bbb20bfd77e0c44cda05f91bcf
507104143,James,Davis,02/18/1992,"9325 Elm Way, Gomezchester, MT 61714","9325 Elm Way, Gomezchester, MT 61714",Citizen,,6407936279,ae6c7ebebc8d8368abe5563e622d6af548393fabee64eee0f208a808f7088edc
825449223,Michelle,Brown,04/17/1965,"2781 Oak Ave, North Richardmouth, ME 14823","2781 Oak Ave, North Richardmouth, ME 14823",Citizen,michelle.brown98@example.org,(430) 403-3414,d649df5a5337832dae693ea06807b3746fe88517bf8c825e0724732264ba0b08
610173760,John,Lee,03/18/2001,"7462 First St, Taylorburgh, SD 37010","7462 First St, Taylorburgh, SD 37010",Citizen,john.lee75@example.org,9042052746,2957bc86334a6e2a9a8d81a30e87b5929dcb1e9043a4440bd328d5ab2a68feea
963406382,Steven,Baxter,04/11/1961,"7612 Main St, South Lindseyside, OK 13334","PO Box 2088, Lake Yvettetown, NJ 12725",Citizen,steven.baxter83@yahoo.com,9736539270,eed6d68facdd5eab18bd49250111976d3e02dbee49a2be105b185b5a23fe30ce
688273030,Sara,Allison,06/19/1993,"7778 Second Ave, South Todd, KY 28517","7778 Second Ave, South Todd, KY 28517",Citizen,sara.allison99@yahoo.com,(444) 481-8206,6db52b98db7b12ac8300e57a639bafe1928a5d129eb871b9e366910fb1481dd7
351785565,Michelle,Barrera,01/23/1979,"8850 Oak Ave, South Aaron, FL 51674","PO Box 6375, Saramouth, VT 37889",Citizen,michelle.barrera76@gmail.com,677-625-2020,6d6f102f513edf46b11d8cfb5375abb9491f7a4e8aa1fdd0be1534f8e47120a5
518197538,Rodney,Bernard,05/06/1955,"321 Washington St, Mooreport, MO 29035","321 Washington St, Mooreport, MO 29035",Non-Resident Citizen,rodney.bernard74@gmail.com,9527594613,5e79c737503dd99553bbebbad2aa6dabb3183b33c56f9d610bc71a0239cbb1b1
567975319,Tanya,Riley,11/09/1972,"5508 First St, Lake Leeton, WA 77070","PO Box 7757, Shawhaven, FL 21136",Non-Resident Citizen,tanya.riley75@yahoo.com,227-285-8022,14874f13f827399833c9cefcef967f4e712149e44b8dacb3e4e63245784bdda6
295130056,Brian,Romero,09/25/1973,"5364 Cedar Dr, North Brooke, NJ 89002","PO Box 6311, South David, LA 75169",Citizen,brian.romero66@example.com,967.752.1853,c19ea4435c09049b2c97194ce0c2620d70ff66e29f13686a8b9ee8819259967d
173678414,John,Wheeler,04/10/1949,"660 Main St, South Dianeshire, KS 69023","PO Box 433, Sarahborough, SC 88283",Citizen,john.wheeler92@example.com,423.676.5198,3c9bd74203f6d604301aa80a187e60bac5bb268277e9546bf4cc2ac3a8b2ec62
752027025,Jennifer,Allen,04/19/1943,"1877 Pine Rd, Andersonport, MD 60430","PO Box 520, Sarahland, MD 01721",Citizen,jennifer.allen74@gmail.com,(403) 277-4978,3ea9905a3019d7df08a2d9985b8fe86db95ef6b794d1afaa85f522cd3e2ecd39
423821937,Stephen,Murillo,11/17/1953,"1984 Washington St, North Amandahaven, AZ 35261","PO Box 7118, West Nicole, TX 32519",Citizen,stephen.murillo71@example.com,701.308.8102,741fae6849cde4d27dfb6b7ac425f4504d71e4ebcf94a4278823ca2adf6054f1
989817696,Mike,Moore,01/07/1994,"7136 Pine Rd, Cherylhaven, WA 01526","7136 Pine Rd, Cherylhaven, WA 01526",Citizen,mike.moore84@gmail.com,948.806.5397,c1993e67da46332deaec6bab35c27cb44b6125eb2992a23a2568107361ed2e52
991990632,Elizabeth,Spencer,09/21/1982,"7386 Cedar Dr, East Josephville, WI 97811","7386 Cedar Dr, East Josephville, WI 97811",Citizen,elizabeth.spencer51@gmail.com,386.699.4475,c5629ee22a00b922d0788389f981831461be8ee5a68dc94cece6340943e3ff7f
465436049,Angela,Nelson,04/06/1954,"4527 Park Blvd, Lake Matthew, AL 90612","4527 Park Blvd, Lake Matthew, AL 90612",Citizen,angela.nelson76@gmail.com,4469078800,df789c6a2c4c60d5b77fc84638f3b4b3913078d4af26f7c9eacd3c7de7a0324a
118514813,Cynthia,Baker,11/12/1987,"6626 Cedar Dr, Kington, MD 12598","6626 Cedar Dr, Kington, MD 12598",Citizen,cynthia.baker72@gmail.com,7635386764,f003e2dd4841a95d17905cbb3a9a3fe6297e3e1b0d655876df40f7b1056a57f7
369942642,Cynthia,Calderon,01/13/1943,"3156 Maple Ln, North Matthewberg, DE 84008","3156 Maple Ln, North Matthewberg, DE 84008",Permanent Resident,cynthia.calderon62@example.org,483.941.9595,bffb737cf2f40840eb26e2fef77afbbe0ac01461e3cf1c75fbeb3c11dd3b7fc5
994027897,Tina,Martin,05/03/1987,"5913 Pine Rd, Arnoldchester, MD 74020","PO Box 8851, North Charlesberg, FL 72012",Citizen,tina.martin85@example.net,(329) 853-9042,b7e258b00073619c51fb741e57830c60a59f058371124ac15e494db61c3fbfd0
716396766,Barry,Wood,10/18/1964,"7217 Maple Ln, South David, ID 40905","7217 Maple Ln, South David, ID 40905",Citizen,barry.wood57@example.com,275-790-1878,17c9c5909ebb7a27ddf70486cc2e50f981e01149f94e4d6ccdb3b3c47e4023ae
704344408,Michael,Fitzpatrick,02/07/2000,"4067 Oak Ave, West Jasonbury, OK 87917","4067 Oak Ave, West Jasonbury, OK 87917",Citizen,michael.fitzpatrick64@yahoo.com,653.504.8025,c3cfddfbe2ffe86c10289dda6e858d035d8eca18174591cd1efee9e28f94c5f2
164671796,Curtis,Deleon,05/07/1941,"1626 Cedar Dr, Dicksonberg, SD 31530","PO Box 1430, Port Lisa, HI 54541",Citizen,curtis.deleon60@example.com,905.808.8699,3d95bf43bc0c3f3c36d0cbc648a21927e43ff070ee45227a71a7a5783aa8d9c4
409350265,Angel,Doyle,09/04/1944,"7439 Oak Ave, Kimberlychester, UT 88307","PO Box 4434, West Erik, SD 92418",Citizen,angel.doyle62@gmail.com,430.863.3441,9eefe2cc1ad4273ea7d83f5f94b0879870900ef3f750afcb8fd12cf5a19e25c6
176675731,Daniel,Brennan,02/24/1980,"9750 Washington St, Walkermouth, ME 46331","9750 Washington St, Walkermouth, ME 46331",Citizen,daniel.brennan75@example.net,(705) 648-2317,fb1aba8dba1aed55b59d0730d11b7674bc514fc2204034ff563130dfbb4f7d34
123456789,Kevin,Pope,04/13/1985,"424 Oak Ave, East Andrew, IA 25814","424 Oak Ave, East Andrew, IA 25814",Non-Resident Citizen,kevin.pope51@hotmail.com,7902413870,732bed66d3a79ff7c0e7fef9c4470784f7f6057a2c43086e7299ebb4dd995181
574840200,Raymond,Ramirez,06/18/1991,"9591 First St, Port Joshuahaven, SD 52887","9591 First St, Port Joshuahaven, SD 52887",Citizen,raymond.ramirez76@example.net,3073646403,206777384faa755542be9e4d0f00658f75934751b3031f6b50ce5795d7d31487
409471503,Erin,Anthony,10/26/1971,"9013 Main St, Sheilaville, NJ 34738","PO Box 4235, New Sydney, MA 35296",Non-Resident Citizen,erin.anthony82@example.com,(755) 673-7770,e8d5d7141a0de28e6e5cd0ba5be1f38931ea5f88ca379372af5dc2b257cebbc3
488457631,Benjamin,Carlson,01/09/1963,"7243 Main St, Jessicamouth, IN 57700","PO Box 2246, South Rachelborough, ME 33887",Permanent Resident,benjamin.carlson57@example.com,823.445.3594,458d9f07e58477f4b430ebca7a147d55dad765ffc37d02db014b4be2c846149b
692975437,Bradley,Graham,08/03/1987,"1859 Second Ave, West Ryan, DE 87563","1859 Second Ave, West Ryan, DE 87563",Citizen,bradley.graham68@yahoo.com,625-694-8736,ab59366a5f7b3cb4af437bd35d6d0715f8591a9f9f50874a2d0fa17703fedc84
255308128,Samantha,Hanson,12/21/1953,"8328 Pine Rd, Lake Rachelhaven, CA 41039","PO Box 6898, Nguyenport, MI 73168",Permanent Resident,samantha.hanson50@example.net,801-793-9022,2bdebf9385b4a5de967ffa568dd2c7095ed32934c810b9a31682d3ca52225a99
620057604,David,Fisher,03/25/1958,"8904 First St, Byrdburgh, NJ 81177","8904 First St, Byrdburgh, NJ 81177",Citizen,david.fisher65@yahoo.com,994.620.1715,b78a5a253fb6c0b12ccd9110b39b8801709a5b2a2bd47773e6c7fde743d432cd
857232668,Ashley,Sullivan,07/17/1973,"6326 Pine Rd, West Justinchester, NY 76520","6326 Pine Rd, West Justinchester, NY 76520",Citizen,ashley.sullivan71@example.com,6503029617,1121cb9822b3c70861319f763d12f165e891cce6d065a60c7694db3f0894bf91
138696424,Catherine,Morris,01/01/1949,"2530 Oak Ave, Ramosborough, NM 67501","2530 Oak Ave, Ramosborough, NM 67501",Citizen,catherine.morris75@hotmail.com,5368909742,463711ae0ba5adb98a52bb9fe962dfc8bf616545da0a9567a175f909fdb4a177
773020489,Thomas,Santana,12/20/1963,"8865 Main St, Lake Christopher, SC 68062","PO Box 4808, Clarencebury, IA 88685",Citizen,thomas.santana56@hotmail.com,302.654.3725,3cd29edda1b6616b4d41fd5d44231afe855ce6f8b3dcb4d61dacda3e47361570
149382425,Lance,Drake,09/17/2002,"4807 Maple Ln, North Brandon, MS 62778","4807 Maple Ln, North Brandon, MS 62778",Citizen,lance.drake93@example.org,280-824-7267,8305db555383015d472ce833cf2067d0b1fa173e81881a03a1660eb72460530d
726160204,Cheryl,Mack,05/17/1966,"4162 Second Ave, Perryshire, KY 25986","4162 Second Ave, Perryshire, KY 25986",Citizen,cheryl.mack68@hotmail.com,275.652.6661,c82ddf96d18fd28da7405e52c10bdcfc7c7811d223c1e5ffc25ff03c1d3fe7ac
555598254,Jennifer,Cruz,10/05/1966,"4950 Cedar Dr, Sancheztown, MO 98931","4950 Cedar Dr, Sancheztown, MO 98931",Citizen,jennifer.cruz72@yahoo.com,9165021359,3d64909cb28e7664629ad68dbb3d550a4d1db802c21e9f45638607e4d5543a32
707661655,Michelle,Mcclure,12/08/1940,"804 Washington St, Robinsonhaven, WV 61390","804 Washington St, Robinsonhaven, WV 61390",Citizen,michelle.mcclure64@yahoo.com,424.851.4115,7ecd451640bedbe283cb0d1f9dbfd1eac4af3eb1d3f7d2fa733d56c21f9f09e8
874090950,Brent,Wright,08/30/1946,"2241 Oak Ave, South Dennismouth, SD 88001","2241 Oak Ave, South Dennismouth, SD 88001",Citizen,brent.wright87@example.net,2925026352,57a98e39140f9c20fa328cd022100b38d5243933e38ef002a074bc0d7081f2c7
241905500,Amanda,Hansen,12/03/1974,"8698 Park Blvd, Stephaniemouth, LA 80802","8698 Park Blvd, Stephaniemouth, LA 80802",Citizen,amanda.hansen80@example.net,(546) 317-8673,ed546c0f75510c76dc945c30894022f4f62f0ec2a350a51e606553846eb1f19e
342251928,Lisa,Mcclain,10/09/1942,"6512 Park Blvd, Rivasside, MS 58947","PO Box 6564, Lake Michelle, AL 59492",Citizen,lisa.mcclain73@hotmail.com,468.798.7242,767a9c3cf421028316a039a0044222d7638511b071382827aefc00e3846d8c9e
351064359,Jonathon,Wright,02/29/1952,"9199 Maple Ln, Katiehaven, SC 64018","PO Box 1135, West Scott, SD 94026",Citizen,jonathon.wright69@hotmail.com,343.246.1609,84f2821a2b9feaab351cb8b959ada503721a1be22d90c1a62083966dc7051589
224683417,Justin,Nelson,07/09/1959,"2223 First St, Patricialand, NJ 18637","2223 First St, Patricialand, NJ 18637",Citizen,justin.nelson84@gmail.com,(944) 358-7797,13233a33b6b5d8629bd3ff2faf96e8aab12afef40ff8661c3a5ca1d9f7ae78f6
761051532,Edward,Reyes,08/25/1982,"537 Maple Ln, Lake Jason, IN 54878","537 Maple Ln, Lake Jason, IN 54878",Temporary Resident,edward.reyes56@hotmail.com,8605671992,b0e39cb8a3be306b941ee743a209aac0f77ed9fcc2adbcfc2a745b8dca263354
231167999,Rick,Daniels,12/13/1966,"1502 Cedar Dr, Brownchester, TN 51550","1502 Cedar Dr, Brownchester, TN 51550",Citizen,rick.daniels71@example.org,778-410-2124,a07fceb47dadcba09ac1c676d2d9b350ffdd621093ddf5c4eaa3eb94067835a0
973008988,Rebecca,Silva,04/08/1978,"2418 Washington St, Port Nicoleshire, AL 50358","PO Box 2470, Smithstad, FL 39640",Citizen,rebecca.silva57@hotmail.com,334-215-6869,1832c9ebe66787cf4bb74145ec2e4bda2372614ff726c7ae50048abb73389673
116944811,Karen,Castaneda,01/16/2003,"2077 First St, Medinaside, ND 79570","PO Box 1141, South Jeffrey, NM 57626",Citizen,karen.castaneda87@example.com,426.829.1710,a0e9e21dd85214427ea2cf3376aa6fc75340696a0e4f1b9d35f01118aff6f24b
133447745,Todd,Price,10/09/1964,"6581 First St, Ramseymouth, UT 17229","PO Box 7367, South Brittanytown, CA 11504",Citizen,todd.price59@example.com,839.848.9984,28a6bb67744eeab02f3277f91a7b5b6141d38c5dd3dfeb580abf6e58faba5673
741444618,Dawn,Taylor,01/15/1967,"8283 Washington St, Whiteview, NV 50190","PO Box 1974, Jasonmouth, TN 44737",Citizen,dawn.taylor96@example.org,4336236553,1f2f2f97cc0940f9465c908bcac5f8f088cb21c95a1c43c14e79c29a811f47ab
883415470,Kathleen,Gray,06/16/1969,"5121 Elm Way, Kingland, MS 62145","5121 Elm Way, Kingland, MS 62145",Citizen,kathleen.gray55@example.com,298-962-7105,1774775877e38c6c3590bde7bc1e00c9f6ec48fcdd098c6d90c9ea1667cf5da0
729712082,Andrew,Ryan,05/09/1957,"5401 Oak Ave, Jeffreyland, NE 85927","5401 Oak Ave, Jeffreyland, NE 85927",Citizen,andrew.ryan96@example.com,(814) 519-6761,cd7e62e2833628d7bf81ea596c6e258d9d165d6677870c8d997a1567905716fe
328426553,Billy,Johnson,06/26/1964,"3675 Oak Ave, East Mary, MN 81940","3675 Oak Ave, East Mary, MN 81940",Citizen,billy.johnson86@example.org,774.985.1430,9ad681856a2e1355a1edd60b0c66f7b6473710c8f7fc0aadb9fe317b2922016f
393421844,Elijah,Martinez,01/10/1980,"5568 Maple Ln, New Staciemouth, AL 92181","PO Box 2447, Katieburgh, OR 79916",Citizen,elijah.martinez97@hotmail.com,293-964-9691,8c83730422b6f359386ebda4b90317e64bf5e23aa7b2473522d9af7ed88eb03d
587098457,Catherine,Adkins,07/19/1974,"5106 Maple Ln, Port Loriport, WY 14669","5106 Maple Ln, Port Loriport, WY 14669",Citizen,catherine.adkins59@example.org,250.890.2336,44221c065812572dfd8155a8899946b646b233a6b7eb55dc6d43b62420eb2770
555282394,Beth,Hickman,02/02/1968,"6786 Elm Way, Sandersborough, IN 10462","6786 Elm Way, Sandersborough, IN 10462",Permanent Resident,beth.hickman68@hotmail.com,(698) 739-6053,cfefce6c4e090fb304a76a26316d32948ede29da5a86351fe42d1964cd2d97ee
743520276,Brittany,Rivas,05/28/1989,"4939 Cedar Dr, North Heidi, WY 40030","PO Box 4286, Port Tonyaton, ME 46009",Citizen,brittany.rivas@,379-332-7229,9135b96beaf6dd21e349ed981930b799910f19f31d02f6f7e7512f1a2f444e46
994807263,Amanda,Stanley,12/21/1975,"1181 First St, New Deborahtown, WV 55558","PO Box 407, Garciastad, NJ 83808",Citizen,amanda.stanley86@gmail.com,926.855.7843,ca43595bc2615ee5246f2560a473583e51dfe42403f2bd2f86c19c8a6139f79d
122394554,Patricia,Stevens,04/29/1992,"7539 Maple Ln, South Gregory, CO 68887","7539 Maple Ln, South Gregory, CO 68887",Citizen,patricia.stevens75@yahoo.com,517-963-6562,f257d477dadcd20aadc7b89099d9b5b0a3845b0c3bd0f95ee898b8129f4f1a84
280531127,Tammy,Nelson,12/08/1950,"1869 Park Blvd, Marshallshire, NC 35680","PO Box 5824, Melissaland, MN 37060",Citizen,tammy.nelson59@example.org,462-402-3842,8ad71b32cd29819e238757f11ebd7dad2c7ff6bffd7dfc337798fd51b2550b45
803847447,Nicole,Sanchez,05/30/1951,"8096 Second Ave, Hudsonfurt, WI 44593","8096 Second Ave, Hudsonfurt, WI 44593",Citizen,nicole.sanchez86@hotmail.com,839-530-6179,3cb6f82cdebe379264349beb589be61934bcea0d4e9cfb7e8e500b1d2cd28a47
603500181,Anthony,Rosales,07/30/1980,"4501 Washington St, South Jason, AR 34363","4501 Washington St, South Jason, AR 34363",Citizen,anthony.rosales52@example.com,4932782479,8d94f19d33fafeacb6e085bb01aaa4252fb6de72ff87464a17fe114b399b4c5f
695192667,Matthew,Beard,06/15/1941,"673 Second Ave, Angelahaven, OR 25543","673 Second Ave, Angelahaven, OR 25543",Citizen,matthew.beard59@example.com,551-931-2381,8f82bcd4526677e7279af2c483db6f2b49796207c17feac59a26013e3680e1db
859803019,Christopher,Cortez,04/28/1968,"8587 Park Blvd, Petersbury, SC 91020","PO Box 6208, Brewerfort, ME 59244",Permanent Resident,christopher.cortez93@yahoo.com,(846) 862-6482,9d8b7a14e95f92d01370b0641d88e9d041a8a24c649ba10606c24d3c798a2899
699108439,Laura,Davis,04/03/1982,"4129 Washington St, South Heather, GA 40636","PO Box 9647, Thomashaven, TX 45557",Citizen,laura.davis91@hotmail.com,332.809.2388,8b72290ffadbb51f9ec41a0ff7c89561434b45023ee644007e0c857cc5df862c
790945624,Ronald,Reese,04/12/1996,"8625 Oak Ave, Michaelmouth, TN 36010","8625 Oak Ave, Michaelmouth, TN 36010",Citizen,ronald.reese69@example.org,549-984-8967,96631fca88ee1db2c8f5ea97d7ef3f9831e4697416c47c1005128a7547a5a372
247709679,Kristopher,Hall,03/17/1981,"1658 Park Blvd, West David, WY 70737","1658 Park Blvd, West David, WY 70737",Citizen,kristopher.hall92@example.net,832-334-7172,27c4a841ceff3d44cbc8a4021be9ffb0e7ee229a2555de32286e96dc5c6b861b
992649957,Stephanie,Vaughn,09/12/1951,"2713 Second Ave, East Joanna, AZ 36742","2713 Second Ave, East Joanna, AZ 36742",Citizen,stephanie.vaughn78@yahoo.com,966-659-4833,f4763dcfaabe52610f22763aa4597c2a7fac5247a377d102e2e25f1148df6265
968253265,Jenny,Bray,05/04/1990,"6027 Washington St, Tinaborough, NH 39330","6027 Washington St, Tinaborough, NH 39330",Citizen,jenny.bray83@gmail.com,404.819.3267,1620ec8f5fe558c195d7293c8b35929ad9733febf69ad1ba0e1e86aded6b004f
616030284,Jeremy,White,12/29/1957,"1681 Park Blvd, Lake Amandaview, DE 06466","PO Box 2726, New Kellyberg, LA 84107",Citizen,jeremy.white77@example.com,(427) 661-6727,85f9cff29f8d6e40d70299c03b9647bda933d6257fd48dd6530fb7d7cd0c235d
525689202,Miranda,Henry,08/05/1986,"6327 Oak Ave, New Justinfort, MS 58234","PO Box 5321, Jackton, CT 33593",Citizen,miranda.henry59@example.org,6839123273,4f72ac7cf0b68d3cc78a5e90e47fbdc5fab05a35dc4eb839423ced2b88dc3862
105638424,Shelley,Woods,01/15/2006,"4194 Cedar Dr, South Travisshire, GA 83003","4194 Cedar Dr, South Travisshire, GA 83003",Citizen,shelley.woods57@example.net,3242484906,ea2c79cf2b8910aedfaf11214a8f3aa52032b21e53b6bffadba6a95d9b10771e
768737754,Glenda,Hernandez,10/19/1997,"8190 Washington St, Christopherbury, OH 16026","PO Box 8543, Obrienbury, OR 68995",Citizen,glenda.hernandez77@example.com,446-784-7825,27f70bb3cbe3b81895f3db2f591c1dbb12d18017ef2b01013f1f4af3adbba255
191927283,Omar,Kerr,05/24/1975,"1109 Park Blvd, Michellechester, OH 40527","1109 Park Blvd, Michellechester, OH 40527",Citizen,omar.kerr74@gmail.com,(596) 582-5155,bfe557d18a0e90cc7eb35b2e971a3f6b82b214c44641a1212c9efedcb4d71651
172541521,Ashley,Brown,12/27/1941,"1699 Washington St, Port Jaredborough, WV 35188","1699 Washington St, Port Jaredborough, WV 35188",Citizen,ashley.brown71@hotmail.com,9979018612,0d525666f32f36e02b5b6e525b00bdb92bd77ef169939c710873cf4502848e67
971339002,Donna,Moore,07/04/1943,"7499 Main St, New Charles, ME 00851","PO Box 3368, Hayesfort, AZ 38676",Citizen,donna.moore75@yahoo.com,237.971.4131,5526bf767e2cd96b7fbb08904f12448907788ac570bf054688d31793bf32f4cf
938422254,Antonio,Roberts,11/30/1948,"5439 Elm Way, Jacquelinemouth, DE 09830","5439 Elm Way, Jacquelinemouth, DE 09830",Citizen,antonio.roberts78@gmail.com,391.708.9151,a45031243314af290ee5e14e70be17b7f47dacd55a54e374039b79a0a037d587
657568201,Grace,Bradshaw,05/01/2000,"6956 Oak Ave, South Danny, NV 29967","6956 Oak Ave, South Danny, NV 29967",Citizen,grace.bradshaw70@example.com,8765026021,b06062ad5f1f376cc9eecfbaf0f78affba6ce60ea7cd8780a2698f166c6cfb75
557538651,Deborah,Kerr,12/03/1967,"5760 Second Ave, North Brian, AZ 40820","5760 Second Ave, North Brian, AZ 40820",Citizen,deborah.kerr77@example.net,258.276.7655,2b3dfae34bd4eff8a9743a6c17945f045eaeaafef3d5ddc8926a321d4d1d392b
905196831,Brooke,Holloway,12/13/2004,"2340 Washington St, Scottmouth, UT 90767","2340 Washington St, Scottmouth, UT 90767",Permanent Resident,brooke.holloway99@hotmail.com,592-780-1530,47808f4c640a69a7e0b32262353380fb26335e75e184b4670d8e1fccf1dc3b18
498320110,Kevin,Powell,11/05/2000,"9404 Pine Rd, Vincentfort, ND 57878","9404 Pine Rd, Vincentfort, ND 57878",Citizen,kevin.powell57@example.com,(711) 730-7340,fd1f5d2a41019058c21b8845969792fbd828632c40f883c50f39c4d102f9aedf
379484009,Christopher,Williams,06/29/1988,"4679 Second Ave, Navarroview, IL 03891","PO Box 1313, East Suzanneshire, NH 77456",Citizen,christopher.williams55@hotmail.com,(527) 883-6692,044d32587bc4a725a4777bb3a039f314996813b77e7205b636a5adac1ae8ab27
411774120,Stephanie,Key,08/12/1993,"2853 Maple Ln, Barbaraburgh, NC 62170","PO Box 3392, Moonburgh, FL 77221",Citizen,stephanie.key73@yahoo.com,(678) 764-3126,e3bd9a8a4f3addbfe7a33daa537afed354601d07134546e6188a8c2b68f04e9f
527521016,Ryan,Olsen,04/03/1943,"7843 Park Blvd, South Michaelmouth, NE 42582","7843 Park Blvd, South Michaelmouth, NE 42582",Citizen,ryan.olsen70@hotmail.com,677.896.9476,f808d59d15fda991f6f5ac44c04129714c0bdc37c66165e17d56ed3bd6a09c5c
990189659,Elizabeth,Hodge,05/07/1950,"9631 Pine Rd, Robertfort, WY 38278","9631 Pine Rd, Robertfort, WY 38278",Citizen,elizabeth.hodge53@example.com,511.368.3653,73faa7bbed9bd6553ec56363be884085c84d6472fdea79ba63f85f47a4347867
342096876,Elaine,Morales,03/11/1961,"4654 Oak Ave, South Christopherview, KY 42873","PO Box 9124, Port Richardhaven, LA 00651",Citizen,elaine.morales84@example.com,372-806-3526,da233d77bb6c6351fc73c4b65b0e67d6312474d74c5a94bf15c275dee4f342be
873773537,Diane,Daniels,06/15/1977,"9235 Main St, Brownhaven, AK 47920","PO Box 9549, Garrettton, KY 27181",Citizen,diane.daniels76@yahoo.com,709.842.9938,a8a01002410ae6bda1c6f6848476ddb2e78cb24eec3aa5a6fd44ffe9ee70bde9
424371087,Joseph,Anderson,04/17/1946,"6654 Elm Way, Samuelfort, NJ 16416","PO Box 1081, Lake Chelseabury, HI 93533",Permanent Resident,joseph.anderson63@example.net,520.935.6231,5cb7a22971eb6e83adc8e68af02b6489d8f75e2823141f474225115239afb909
240409084,Eric,Pierce,07/18/1961,"9203 Oak Ave, Davisville, MA 60983","PO Box 2107, Lake Marilynfort, LA 94427",Citizen,eric.pierce53@example.net,830-628-5067,b8ad8d4080f0ba704114df3a3011b6ab12d3aefd6fe146bc005906799d147136
720286733,Kelly,Thornton,09/18/1990,"2611 Second Ave, Davenportfort, NC 32447","2611 Second Ave, Davenportfort, NC 32447",Citizen,kelly.thornton55@gmail.com,(446) 420-6781,3e1b91070ef94359bcb219e95028ff955c3477d50f6b5fb95fef711329d2f8d2
631388604,Stephen,Thomas,01/18/1949,"7711 Elm Way, New William, OH 18393","PO Box 1861, West Kendrachester, NV 45049",Permanent Resident,stephen.thomas73@gmail.com,610.252.4189,5bd96552ce00937b49201d50d1199afaead76d11d9818e0b3d7e224149ba3da5
178954113,Sarah,Romero,05/05/1967,"9009 Elm Way, West Jessicashire, SC 76512","9009 Elm Way, West Jessicashire, SC 76512",Citizen,sarah.romero75@example.net,547-771-6990,9b01720a04c3eb0e3fed9b2dd8f8da935db4f26a4b97c4a24106a7efa199bcd1
646666136,Yolanda,Burns,02/18/2004,"743 Main St, South Amanda, FL 45737","743 Main St, South Amanda, FL 45737",Citizen,yolanda.burns59@yahoo.com,343-535-6218,a8ff83b59f9de836e0af448080d9df6c45aabccd9ecdcf788aad0ad2f51a6f67
761962359,Martin,Hines,11/24/1980,"9728 Maple Ln, Gibsonmouth, NC 25228","9728 Maple Ln, Gibsonmouth, NC 25228",Permanent Resident,martin.hines69@gmail.com,5775392795,cab73465d987fcbb95f202095b08d00d79cab6f0a3505680a3cf1868481250f5
955508961,Tina,Allen,01/07/1946,"437 Washington St, Hallchester, NM 06221","PO Box 9577, Juliefurt, OR 51105",Citizen,tina.allen80@example.org,938-834-7229,f18145fe60358dc96d6811d15354b56d4714e91991ce6a2e2294741c94d1b619
360056579,Vanessa,Sparks,11/24/1944,"1801 Cedar Dr, South Tammie, AK 17048","1801 Cedar Dr, South Tammie, AK 17048",Citizen,vanessa.sparks63@gmail.com,826-682-2020,19b2a12d2d26edddac0a6ade8f6441b9f1ef6e470ae4d638e335b0840cc41d3e
702247585,Wayne,Lawrence,05/02/1948,"7838 Park Blvd, Port Meganville, MO 69438","PO Box 2937, Smithberg, NJ 54237",Permanent Resident,wayne.lawrence72@hotmail.com,9388975331,0d12403aa296bf82e99393a4cb4b76c72906432212e13db9fb28a67c869b5b6b
364697908,Monica,Booker,12/18/1980,"3685 Elm Way, South Kimberlyview, WY 44876","PO Box 3496, Santosmouth, VT 88890",Citizen,monica.booker72@yahoo.com,(938) 480-5715,392750e47eaf678331e135561227db886a3a5a9a11720ea8799c071a3f92f221
683246764,Michele,James,05/07/1972,"5655 Pine Rd, Courtneyfort, ME 71413","PO Box 1394, New Caseyport, MN 30318",Citizen,michele.james97@gmail.com,751-477-5450,d5a98710ebf451796bb57d61d26b2b476600ff0f43eefea33ab2c394317a3fb4
895525625,Julie,Hamilton,12/29/1985,"832 Park Blvd, Port Cynthiaville, IA 58654","832 Park Blvd, Port Cynthiaville, IA 58654",Citizen,julie.hamilton95@gmail.com,989-340-1084,b25ffaf160d247653492bda319e82067b02f2bda8b10eb03ced86e3d7ec076df
610778600,Garrett,Evans,11/07/1989,"4707 Maple Ln, North Markton, ME 38953","4707 Maple Ln, North Markton, ME 38953",Citizen,garrett.evans86@example.org,9402383868,e05e26efb60a6713c5605d3f9ac496a6d8836903195a0e05900e6ba49ebe6f95
288751681,Michael,Jordan,06/26/2004,"6505 Second Ave, New Robert, ID 89865","6505 Second Ave, New Robert, ID 89865",Citizen,michael.jordan52@example.com,817.309.6489,f84a02ff4f4b067c0a86947df8ea8f37bbc0222a2b8463e487951ca19bb68fd5
788603957,Laura,Jackson,06/08/1963,"2199 Park Blvd, New Monicabury, NJ 65731","PO Box 1945, East Steven, MI 33790",Permanent Resident,laura.jackson66@hotmail.com,954-545-5833,8bd88393eecd26284be038e63162d4ff256e9db613131cbdd9e2e7e134b3f503
785826598,Steve,Estrada,05/17/1969,"8443 Maple Ln, Santanaside, CO 21207","8443 Maple Ln, Santanaside, CO 21207",Citizen,steve.estrada80@example.net,206-467-7284,7d8e3e37a1a9b7d8a58602a104320365cfafa0484e8807200088e99a1bfbe17b
386682971,Charles,Landry,08/27/1980,"9544 Washington St, Daniellechester, AL 90981","PO Box 5990, Stephenport, VT 26612",Citizen,charles.landry79@example.net,(902) 714-6095,640ef88f3f5ac7a9ac29c6831c2f0fffb0d6161bf84a759e78f35f648eb2dd85
416794215,Yvonne,Castaneda,12/07/1987,"3591 Pine Rd, East Patrickstad, NM 75842","PO Box 6221, Victoriaport, NE 03376",Citizen,yvonne.castaneda98@yahoo.com,(423) 980-5054,3e1623a817ee3bf50466dd977762c286d13a922d1f7faa5f9cdb660c099a4c7d
667121569,Tiffany,Barrett,09/26/2000,"9244 Oak Ave, Alanton, AR 79983","9244 Oak Ave, Alanton, AR 79983",Citizen,tiffany.barrett84@example.org,732-652-2904,9cf2296d6d72401e6300a96e25476d804fc46021c0f375fded04084a00525698
624875038,Julie,Wall,12/16/1961,"7299 Main St, Kimberlybury, NJ 80070","PO Box 6906, Jefferyborough, NJ 81882",Citizen,julie.wall93@example.net,605-460-1049,cdfbd61de84c83f746218ca33e3dd5f33c27fad9f9f077c1b732bbf3098ca024
148629555,John,Campos,11/28/1944,"1045 Park Blvd, Lake Colton, AR 82743","1045 Park Blvd, Lake Colton, AR 82743",Citizen,john.campos52@example.net,987.338.7887,83c4d32aeb121ae63f9845136d9b41e81b41dbe0a79872c090448e769fa8a04b
510684364,Debbie,Parker,11/17/1973,"6155 Oak Ave, Johnsonstad, UT 96492","6155 Oak Ave, Johnsonstad, UT 96492",Non-Resident Citizen,debbie.parker72@example.com,750-602-9664,d863e80968aa02744e06e506c4c1f6b4b0d7fab55ad011610d7ff14d30011f3a
339111798,David,Browning,09/15/2005,"4889 Second Ave, Julieburgh, UT 26819","4889 Second Ave, Julieburgh, UT 26819",Citizen,david.browning64@example.org,(358) 482-4088,e59e38917d4e0c36fa587b452ea7085a7810a0d01460ac20e7e535a9dc1b3890
808881871,David,Ryan,05/05/2006,"3944 Cedar Dr, Alyssaview, CA 22068","PO Box 650, Robinfort, NH 39185",Citizen,david.ryan53@example.org,611-649-4839,4d97b94e95a33ca0402be2d05f9951a245cc7d3abccec3a1e17b450fb2b04449
933291969,Julie,Morgan,07/16/1962,"4740 Cedar Dr, South Sydneyberg, WA 99349","4740 Cedar Dr, South Sydneyberg, WA 99349",Citizen,julie.morgan70@example.org,346-876-9540,06d235ea9a8c940f707eee42cb6a9adb5acd1a18255a0eaa49073c23241ebc19
395444277,Tammy,Dalton,08/31/1954,"2870 First St, Coffeyside, OK 48443","2870 First St, Coffeyside, OK 48443",Citizen,tammy.dalton92@gmail.com,5269137821,b62dffca080ac3f607d75c6b8438c49932d69e42d56f67c44d6b6a529fb7f40d
504221050,Christopher,Foster,06/27/1959,"7759 Cedar Dr, Amandamouth, IA 48812","PO Box 2465, Brendastad, NJ 14702",Temporary Resident,christopher.foster76@yahoo.com,597-448-5177,85547519db23a57190e379ad5e51d70b38d95da40b8ac7583cfb42fae7a492ff
184901228,Emily,Ruiz,06/15/1974,"1515 Park Blvd, Rosebury, WA 85390","1515 Park Blvd, Rosebury, WA 85390",Non-Resident Citizen,emily.ruiz88@yahoo.com,2743924555,4b6408f655fcd08d6bcb455256d16f79f71bed61ad0ca0ae5dee6e50d5460993
457517705,Bryan,Colon,05/15/2006,"3471 Cedar Dr, Debraville, WV 18821","PO Box 7946, North Kevinfort, KS 15721",Citizen,bryan.colon75@example.org,9944897236,063cad4cdb9148896a28dd42a52976cd1d4812591af0f968d0d9ef500aae5e38
485752015,Colton,Clay,06/25/1975,"8402 Second Ave, South Shawn, NJ 88382","PO Box 7792, Matthewsberg, WI 54880",Citizen,colton.clay73@example.net,(776) 426-3390,fdc438b32ea6b2ef85816b8a8c625e75e41c705dd8d2b4f0aaee950e8d554f4f
727099478,Diana,Bass,04/13/1970,"4837 Pine Rd, Crosbyview, IL 04789","PO Box 6323, Jeffmouth, OR 31448",Citizen,diana.bass91@hotmail.com,9817009037,6fd58b24c728ef78dd5f60cd4df0377fcf91054e8a040b701ec4df8f39116ce3
953598460,Melissa,Garcia,03/10/1995,"8955 Second Ave, Amystad, ID 08437","8955 Second Ave, Amystad, ID 08437",Citizen,melissa.garcia53@yahoo.com,(276) 884-1794,5c9add114e39780ab797ce3e36e1e55bd70afa745c2e7321b6ed99fa06ae8290
777210736,Raymond,Lopez,04/20/1944,"2475 Main St, Port Madisonland, IN 87371","2475 Main St, Port Madisonland, IN 87371",Citizen,raymond.lopez92@yahoo.com,(875) 699-1257,d75a9550029b0e5f92d6e000b4354133e25e51fe8609614e2158f80683d4a7c3
541671360,Jason,Fowler,03/15/2010,"8778 Elm Way, North Kristinbury, AK 17006","8778 Elm Way, North Kristinbury, AK 17006",Citizen,jason.fowler61@example.com,736-352-4948,f1a0c14d55d82ad7f1f6d9f78ecb59b68c00615ecf5c08c035b6b42cf64b7127
371031968,Kristin,Harris,10/06/1983,"6503 Oak Ave, New Jason, MS 31040","6503 Oak Ave, New Jason, MS 31040",Citizen,kristin.harris94@example.org,(282) 869-1519,2fefc21d60c3edead97a5daf20cd5de602abfd8196b0e0f6341e65d8d773a5d2
504982743,Mark,Hernandez,09/17/2002,"155 Pine Rd, West Micheleberg, CO 17539","155 Pine Rd, West Micheleberg, CO 17539",Citizen,mark.hernandez86@example.com,2434354463,b18ffbbab3eaba9fd6cfd9f7065350c04cedd6666342586e49f89fcb089c71b0
179830621,Amber,Lindsey,08/04/1982,"8898 Washington St, Lake Michelleberg, TX 02448","PO Box 5252, Kristybury, AK 77683",Citizen,amber.lindsey98@hotmail.com,278-506-3661,b54a67646e949685a020a8c95ea0b4cb8379ddf4c896e714ce62f1721dda9660
234567890,Mario,Thompson,04/01/1959,"5436 First St, East Judyhaven, WI 15397","5436 First St, East Judyhaven, WI 15397",Permanent Resident,mario.thompson55@yahoo.com,5542542600,1e1dc8cdeefd759ffe3ae9306073e81614c1d365afaf56052c059acb08999a87
181623972,Julie,Alvarez,09/02/1952,"9759 First St, Williamville, WY 59746","PO Box 4578, New Bradley, NH 86864",Citizen,julie.alvarez74@gmail.com,(799) 876-7227,07b78807fe6cf40ae7a413e35a7555a2ef3bf0c58d75d03000173791515d60b9
417161302,Adrienne,Ellis,10/08/1943,"1205 Oak Ave, North Yolandafurt, LA 56373","PO Box 2627, South Jennifermouth, WV 10133",Citizen,adrienne.ellis55@example.com,(655) 568-5419,aaaf4e88e8f3a74f2b3301d52264fd8afe593bbe10d1629288396e95b0474eb0
301210399,Rachel,Morris,10/10/1957,"9089 Park Blvd, North David, NE 82331","PO Box 1568, Oscarhaven, MN 39153",Citizen,rachel.morris70@gmail.com,623-597-2387,9aa72a15d6e27ee06ca87152e1959724dbc604d2c8bc438c9b427894689dd2c9
282088279,Shawn,Jacobs,07/15/1992,"2275 Elm Way, Port Jacquelineside, MD 94982","PO Box 2490, South Shannon, CA 30450",Temporary Resident,shawn.jacobs69@gmail.com,5694575040,82dcad0ab0eb3496d0ff3a4ffe4e5aa270830af22397c40baeebdb25210eedb3
309968304,Robert,Wilcox,08/04/1995,"4992 Main St, Perryville, MT 41467","PO Box 6324, Edwardsview, MI 49561",Citizen,robert.wilcox91@yahoo.com,5288174290,990bec6b19077dd4e26b8d13ddab7998a1ddb4bc197d4507ec448ccab9e3f681
527606494,Stephanie,Mcdaniel,08/06/1981,"8045 Washington St, Jonesland, KS 12720","PO Box 4692, Davisstad, MT 17555",Citizen,stephanie.mcdaniel62@yahoo.com,3848981440,48f2b9267d4f98dcc037a507ea16ba322bff6c2fa85bb76871d89f98774761fd
325108249,Angela,Willis,08/10/1981,"1134 First St, Elizabethchester, UT 46847","1134 First St, Elizabethchester, UT 46847",Citizen,angela.willis92@example.org,5862758357,7b70d39de779c68923c406a05b41efc7ae433eff3ce872d08ff365ad1c4d1685
673772626,Morgan,Pugh,09/09/1945,"6854 Park Blvd, Parrishton, AZ 38201","6854 Park Blvd, Parrishton, AZ 38201",Citizen,morgan.pugh84@yahoo.com,287.311.5067,b1080fc6505ae61d64acec12b1d7b48458514dedbd902325ef1e5f46ae5a3c39
757857890,Caroline,Bell,11/16/1949,"6548 Maple Ln, East Diane, NV 29893","PO Box 1715, West Meganstad, KY 15559",Citizen,caroline.bell85@yahoo.com,4266567129,441575624e41489abb9a561a1e9f3aa56eebf32f4978ca2bf5e9e8f034b0fdf6
829667145,Kathryn,Andrews,11/05/1962,"2470 Maple Ln, Bruceside, AK 03942","2470 Maple Ln, Bruceside, AK 03942",Citizen,kathryn.andrews55@example.com,947.345.6707,ce08d8af7c6e820f04a02f817491013cd61da97fa4b64ddf89ba231690006a37
942103498,Chelsea,Barrett,06/02/1964,"5707 Second Ave, Anthonyview, CT 92605","5707 Second Ave, Anthonyview, CT 92605",Citizen,chelsea.barrett69@example.com,(317) 223-6620,86f568460fb9121c24a462932bd41e808fe2131060c496a51ba2f3569df20e56
276473863,Kathryn,Dorsey,04/24/1941,"3997 Park Blvd, Adamberg, ID 74729","3997 Park Blvd, Adamberg, ID 74729",Citizen,kathryn.dorsey79@example.org,8443884053,255e5aa986e2c6bd8e24a7c5d59f3bf1ad892c1b605ba03010bef3cfc1797a8a
891764728,Diane,Jones,01/16/1990,"7366 Washington St, North Julieborough, NV 49809","7366 Washington St, North Julieborough, NV 49809",Citizen,diane.jones98@hotmail.com,264-791-2667,122f5942811d812726bc9ce9c39d482d39b9edbb5891731f816e21a0e6a9fb1c
311606895,Robert,Peterson,03/17/1984,"8020 Park Blvd, Larrymouth, SD 74896","PO Box 6467, North Ericton, SC 88839",Citizen,robert.peterson72@gmail.com,(889) 922-5873,acb0d1b591a70f9769330617987dc59086d1b786336b9f1eb520839aee731e56
436280635,Christopher,Ramos,05/07/1980,"1917 Pine Rd, Tuckermouth, MS 54788","1917 Pine Rd, Tuckermouth, MS 54788",Citizen,christopher.ramos58@yahoo.com,390-698-9804,a7e2ba91e3f69ccec167e398253e9e187ae929c3c4fcc33b6509f0b9169680e5
625749126,Joshua,Fischer,12/17/1990,"5155 Second Ave, West Russellport, SC 89396","PO Box 5982, Roseport, AL 06453",Citizen,joshua.fischer74@yahoo.com,7066189056,ed3b0acec492b2653e10ab7535d0f431c1a03351ca3dc0e764009610c7635e88
576582183,Jeffrey,Joyce,04/30/2000,"9264 Main St, North Jamesborough, WI 18488","PO Box 635, Keithville, LA 01514",Citizen,jeffrey.joyce99@gmail.com,(991) 984-9115,abc5b820bc900387cd51640e8c2b8016fac8161555406acdca952bb3d8169ce6
387643522,Tyler,Jordan,10/31/1974,"8881 Main St, South Amanda, WI 30662","8881 Main St, South Amanda, WI 30662",Citizen,tyler.jordan56@hotmail.com,(969) 453-5877,e40fb3980bb8d3d8e3644d391ee8990b16393bc883bf3492fbbb79bdde700352
474281674,Vincent,Whitaker,12/10/1999,"7194 Oak Ave, Charleston, WY 57677","7194 Oak Ave, Charleston, WY 57677",Citizen,vincent.whitaker94@example.net,824-847-8015,1cd373fda89039f81a185b50654882007c9d914250d0e6f68a078df01d730955
942725534,Andrew,Morse,03/06/1989,"973 Washington St, Barbarashire, MN 53509","973 Washington St, Barbarashire, MN 53509",Citizen,andrew.morse95@example.net,473-726-2560,e8dc8f976b98581bac5b3165c9f6a563378255939106f0ad2d8375d81acbb44e
943629337,Jenna,Butler,06/05/2002,"4544 Pine Rd, South Andrewmouth, VT 23028","4544 Pine Rd, South Andrewmouth, VT 23028",Citizen,jenna.butler65@hotmail.com,3457915402,567a47d875d3c71537e2e99b32f3cab4d93517ffc65c15181e952b77da0b4eb0
181084980,Laurie,Montgomery,05/24/1999,"6601 Park Blvd, Christopherville, WV 32392","PO Box 6146, Chapmanhaven, NJ 10809",Citizen,laurie.montgomery50@hotmail.com,(669) 850-6869,be1f4d707c31f300c27871fa637737638f70b847b7be7f5dc7a2c74804282929
527044165,Randy,Collins,03/14/1969,"3471 Second Ave, Jeffreyburgh, LA 10512","PO Box 4746, New Williamstad, MI 46520",Citizen,randy.collins81@example.net,(980) 249-1752,f72fb0d68254a91b7d97853bacb389f5ff5ee2ef0c07c21e36d6371fc6be9c90
998402124,Jessica,Fuentes,08/06/1996,"2589 Second Ave, East Curtis, NJ 34051","PO Box 7109, East Carrie, IL 86419",Citizen,jessica.fuentes91@example.net,480.295.6905,b4419cbf2cc818fcef0c5673822012f1a6500d8ee3617fbe6aaac334dad467bd
813510897,Charles,Bean,11/23/1992,"849 First St, Marshallshire, SD 76453","PO Box 3936, Maldonadoshire, NV 84779",Citizen,charles.bean50@example.org,3358074705,67db8656addc9375db6f22ccf7d84f0b0d7dbb62466c5251f4928bda9e154bb0
286722926,Cynthia,Weber,12/04/1996,"6920 Pine Rd, Edwardland, NM 61963","PO Box 6376, Welchview, CO 78019",Citizen,cynthia.weber70@example.net,340-591-3181,89447e10aad108ea7f4981eebd62b81d439a977e12144adac46e3f276670db40
704829337,Brian,Romero,04/10/2009,"5754 Cedar Dr, Steventon, SD 07957","5754 Cedar Dr, Steventon, SD 07957",Citizen,brian.romero78@example.org,3023433017,bd4a24bcee3fd12fd5ddba9c94b709beaa8f8c3eedc019f1e649f0e87fe72651
561052655,Miguel,Mitchell,03/15/1995,"4060 Elm Way, New Brookefurt, TN 61149","PO Box 9166, South Reginashire, RI 85938",Non-Resident Citizen,miguel.mitchell99@hotmail.com,874-508-4366,213dcfba40eb04faa32b76dce1f1363a5f27d5caecee401a9cb70fbbf65b2918
417335858,Jacob,Jacobs,04/10/1986,"8109 First St, North Shannon, DE 45516","PO Box 9830, New Debbieton, CA 32973",Citizen,jacob.jacobs73@example.net,782-630-6986,b0a08706486b78abac9098835366de3b8533f5936fe1946d9da77716e0bebc06
927175323,Jasmine,Ritter,01/19/1955,"1107 Main St, West Nathan, KY 37580","PO Box 1090, Ortizmouth, MT 89485",Citizen,jasmine.ritter82@gmail.com,611-284-9791,e4b2c8c18e078601a711b6e61dfe6a8949b2d3ad5d1b68b8312b6d37afa41560
432759989,Carla,Mccormick,07/07/1989,"2546 Park Blvd, Cameronville, MA 73634","2546 Park Blvd, Cameronville, MA 73634",Citizen,carla.mccormick93@hotmail.com,(915) 647-4909,6e1e1eac49fa5b8cc604d097cff19671dd1a829c6ae0919bc7632f7c26b90f0c
566523205,Erika,Mitchell,10/24/1952,"9976 Main St, West Christopher, MD 87481","9976 Main St, West Christopher, MD 87481",Permanent Resident,erika.mitchell50@hotmail.com,211.367.9133,3d42b61c9bac015a3710080df1cb21f4e60624ecb16f7eb9f16b278e4932ee1d
940725996,Donald,Bailey,06/26/1984,"2736 Maple Ln, Andersonland, FL 41078","2736 Maple Ln, Andersonland, FL 41078",Permanent Resident,donald.bailey57@example.com,(639) 478-9582,d41b11e190f948479fb13e93cdc57637a4fe402d722013bc50cfd94814373dce
719175016,Angelica,Schneider,03/27/1963,"7458 Park Blvd, Lisahaven, MS 12750","PO Box 9387, Romerotown, HI 48027",Citizen,angelica.schneider56@yahoo.com,(318) 433-9336,c28aee6e1cf7856f4fdf50dbaed6fdf9f3465a32fc39fdd9df8da18c361e42ce
113194223,Kyle,Bean,06/03/1965,"5964 First St, Staceyfort, GA 25667","PO Box 679, East Eric, OK 39271",Citizen,kyle.bean91@gmail.com,454.626.6241,00e418af0a54f08034bca79e611b122b06c39627467ee633fb4cd0bd80ed0350
713682070,Megan,Garcia,09/15/1962,"863 Pine Rd, Lake Matthewberg, IA 78783","863 Pine Rd, Lake Matthewberg, IA 78783",Citizen,megan.garcia54@gmail.com,(992) 518-6362,d220d915952ae79dc75acde079d292bb0939e3410897ac452c80da69809cbb27
108556837,Nicholas,Martin,08/02/1981,"9238 Elm Way, Lake Samuel, WV 54353","9238 Elm Way, Lake Samuel, WV 54353",Citizen,nicholas.martin81@example.org,759-978-5016,82442fd2b99fda8f813cd02e7074d9d5e9c4ddbfaaf9c8cbaaf7fd26223da6a8
210068230,Michael,Ball,02/28/1959,"5676 Main St, Bishopmouth, MI 31172","PO Box 6264, West Tammy, WV 61975",Citizen,michael.ball83@example.org,(261) 345-5584,6f21c4437dd17601f340094395fd1e8f22caaea07c9e92cd77acb34effde621b
348541776,Rebecca,Lee,02/11/1961,"6768 Maple Ln, Murrayport, NJ 50553","6768 Maple Ln, Murrayport, NJ 50553",Citizen,rebecca.lee58@hotmail.com,2768062020,c792d0e0373332d7e188e059eb64594e878b5cf26016798c622516cf118058f2
240346956,Wesley,Barnes,04/30/1984,"5162 First St, Port James, VT 79755","5162 First St, Port James, VT 79755",Citizen,wesley.barnes64@example.com,339-998-2785,6b0b47329c39ea648b76006bd919db6c2bff459672da35c65c505b911e7709cd
582718617,Devon,Wright,04/11/1971,"1979 Park Blvd, Sawyerside, MN 13947","1979 Park Blvd, Sawyerside, MN 13947",Permanent Resident,devon.wright66@example.com,902-511-1660,79fc811e2a7a4c2eb9cb8c55fed770bdb68b6e89e777a18327ba611be6bef6e7
451965766,Jennifer,Black,12/11/1943,"4067 Maple Ln, West Christopherburgh, MT 36256","4067 Maple Ln, West Christopherburgh, MT 36256",Permanent Resident,jennifer.black61@example.com,(663) 769-5093,6f813d66ff66939ef29c382b322f3796a1f35e52a272e4cc526a96b8ea684546
963177562,Shannon,Palmer,11/06/1996,"196 Main St, Davisbury, WY 59631","196 Main St, Davisbury, WY 59631",Citizen,shannon.palmer73@hotmail.com,(860) 286-5240,967bb264b22cc1378812e1c320c1a25aab56a724a022efbf190e2646592aa094
117306580,Nicole,Arias,10/16/1949,"7266 Pine Rd, Brownhaven, CO 49516","7266 Pine Rd, Brownhaven, CO 49516",Citizen,nicole.arias52@gmail.com,7876437471,3397528771ba821cd55f088d449417fad7c50eceb20a0d1ed02120a57e599d25
833594284,Joe,Vang,12/28/1975,"3518 Pine Rd, Jeffreymouth, LA 13488","PO Box 2535, Laceyberg, AZ 05521",Citizen,joe.vang91@example.net,(763) 690-1999,5e4edea5367a2482b121b2d9f92aed2e41a2bc64c59693b5ef6daae9dbae9867
247356051,Justin,Gallegos,02/02/1950,"8615 Cedar Dr, Port Janice, SD 59300","8615 Cedar Dr, Port Janice, SD 59300",Citizen,justin.gallegos74@hotmail.com,757.696.6636,73e2f4e399b71b67a712ff6f5161077e6a8413a5bc553bdd0c23e0285b9100da
293075824,Christina,Bullock,03/05/1954,"3589 Main St, West Jasonberg, WY 72433","PO Box 7828, Rodriguezport, ND 31648",Permanent Resident,christina.bullock64@example.org,(872) 446-5366,f9dfb4d962aa6d7f9443887d4e733ee3795b9aa077b25ed4d010d9d52ab1b33a
335591393,Kevin,Williams,11/24/1972,"5814 Pine Rd, Fowlermouth, ID 08733","PO Box 5310, Port Rebeccaside, WV 02655",Permanent Resident,kevin.williams51@hotmail.com,781-777-3328,5139cb569d3a15ba0f8d953650c05c9d5f3f57889021a602ff89de72408e5f51
970161616,Crystal,Andrews,08/02/1963,"8883 Elm Way, West Ruben, ID 81085","8883 Elm Way, West Ruben, ID 81085",Citizen,crystal.andrews64@example.com,200-539-4300,096e6b74e17b0d5a1f880285d0f7f333ecd7bc8f1891dd577a4bb98f4b656d52
290546084,Michael,Duncan,09/18/1978,"976 Main St, Lake Elizabeth, GA 69115","976 Main St, Lake Elizabeth, GA 69115",Citizen,michael.duncan83@example.net,(582) 921-7481,5d4401437b4c57cfeeca792d89463cc54da31292e708285c7ecbc0cd22e48a02
446392556,Theresa,Jones,08/12/1993,"7158 Second Ave, South Morganton, TN 83819","PO Box 9307, Zavalaview, VT 98453",Citizen,theresa.jones72@example.org,379.587.6026,e56c32642ba6cdd0f022cfa7f4ace24b879b5fbead71a9f8a9edd7fdc403cf4c
882576281,Allen,Kramer,07/19/2009,"9298 Main St, Johnville, ID 76772","9298 Main St, Johnville, ID 76772",Citizen,allen.kramer64@hotmail.com,(708) 344-6425,0ee75f8a54908449044f08a4be08ec0fea94259c9d396910a6100a1ce47ce74d
443080569,Jill,Cook,10/14/1999,"5501 Second Ave, West Amyburgh, AL 90243","PO Box 4188, Pollardfort, VT 83303",Permanent Resident,jill.cook56@hotmail.com,6574950,e529b97065ef4482fb3c9f1806bbc2a70ba7e1d77ba106612c25f99800ab506f
550599217,Ian,Taylor,08/08/1970,"8079 First St, Johnsonborough, MN 06242","8079 First St, Johnsonborough, MN 06242",Citizen,ian.taylor86@hotmail.com,(430) 366-8393,72328515c43432d0a07583a14eaefac96cf3817cd19f1d78172b1c5c634730f8
135876704,Kylie,Blackwell,02/25/1979,"4279 Oak Ave, Sarahhaven, CA 52697","PO Box 6251, Kingborough, HI 38002",Citizen,kylie.blackwell55@example.net,8286941507,a66ba71c086b9e90d06ee51e681f9a8581ccb891f48ea8237d46f0739b789ef1
277164387,Michael,Norman,10/16/1968,"2574 Main St, Joshuastad, CT 57773","PO Box 3212, Paulfurt, NE 44939",Citizen,michael.norman96@yahoo.com,(488) 504-4891,2778ca2e712bf05319c9d85f4cef6b0249b75d4471bd9406e1cdcd733a458ce2
713933158,Terri,Crawford,09/13/1963,"2517 Main St, Richardsonhaven, MS 35460","PO Box 1535, Lake Rogerchester, ME 79465",Citizen,terri.crawford80@example.org,(411) 374-5781,c8571fbfee5139d5ba100900e89e894a15940a9f3da507e576f0df7290a45309
224026766,Wanda,White,02/01/1972,"7716 Second Ave, Manuelland, TX 43482","PO Box 9014, Kirkchester, MO 22343",Citizen,wanda.white73@example.org,469.650.8619,b07432dc990cf553beb05cfd91f7d65b8e421ea89e2b7b1aca5f4219eb09833c
388366246,Hannah,Bell,03/09/1994,"1585 Oak Ave, Lake Mollystad, TX 81090","PO Box 8971, Hillton, NE 10336",Citizen,hannah.bell85@example.com,7356289773,f45435255bf6fb78476e865c99a4f27c7ed370d40a0ec28e9356ccd1734f438e
353018691,Emily,Sullivan,08/29/2000,"6469 Main St, North Douglas, NC 80136","6469 Main St, North Douglas, NC 80136",Citizen,emily.sullivan89@example.org,975-659-3832,35fc33c48455c35d1a9f4edea22e94bedc0a14274712a9c62adde73eee9d3b6d
968078090,Erika,Kim,12/01/2003,"6937 Oak Ave, North Joel, UT 85063","6937 Oak Ave, North Joel, UT 85063",Citizen,erika.kim88@example.net,9442682425,72284eb54fa5911e246ab37e9245862aa9b0c84307f14ec89a11fd04b2082b1a
692763677,Michael,Reyes,12/19/1982,"8515 Second Ave, New Ericmouth, AL 49124","8515 Second Ave, New Ericmouth, AL 49124",Citizen,michael.reyes76@example.com,(351) 780-2641,6241f02df2a302e735d4b23fe1e564571bc6fe773faf7f06cb246bdf23a631a7
208437656,Nathan,Hines,09/10/1959,"5634 First St, New Michael, KY 41708","5634 First St, New Michael, KY 41708",Citizen,nathan.hines52@example.org,(347) 833-7581,1cbe88e82ef2f3bceaed23d19d7a621ae63b68d8182ed256fddcaa7cf03a1b07
455939049,Debra,Wright,04/28/2003,"7786 Elm Way, North Jillfort, MS 68362","PO Box 5065, Mcintyreville, MD 34812",Citizen,debra.wright94@hotmail.com,4333375923,a019ad09e390712ab0f897ca1ef98fea1229ae335967bd4a0db58e40e5864b96
444529729,Kimberly,Padilla,05/10/1970,"9912 Oak Ave, New Justin, IL 64883","9912 Oak Ave, New Justin, IL 64883",Citizen,kimberly.padilla81@yahoo.com,(257) 727-3604,8928c689477ac7f412e8bca7fc6ef6b8c6294e52139ed6e8a47e72cfbbedb32f
644167285,James,Taylor,09/16/1960,"9318 Main St, South Geraldmouth, ID 12007","PO Box 3388, Elizabethland, AR 72590",Citizen,james.taylor73@hotmail.com,5776759275,0f8b0fb2fbd54b20b4b6dd09d45fdf644349282ab2647800ec88c45630f6ae63
233007467,Amber,Vance,01/15/1986,"6103 Second Ave, Lake Jenna, RI 92280","6103 Second Ave, Lake Jenna, RI 92280",Citizen,amber.vance85@example.net,464.966.2480,e1f9c00b78c9156ecc1d2499a6301013eb9d37ac8538a12001ceefc2c531fa01
153312407,Dana,Leon,05/28/1956,"3512 Cedar Dr, North Tracie, TN 18703","PO Box 3487, Port Troy, LA 47804",Citizen,dana.leon99@hotmail.com,2319862,7ca3820f6682ac8119080469ed4371e79381e5b291cd6ea2190cb60f3b900ffc
745471251,Angela,Wood,09/02/1987,"4136 Washington St, New Nicole, MD 09118","4136 Washington St, New Nicole, MD 09118",Citizen,angela.wood74@example.net,4236775950,ecfd9bdf74023cf617cc3fc7d586d01e7becfbd81f6cdfea19e2c172d9bbbaec
107889398,Kyle,Key,04/27/1948,"6132 Park Blvd, Foxchester, TN 75854","6132 Park Blvd, Foxchester, TN 75854",Citizen,kyle.key80@example.com,483.855.6327,1ff5c4b037fb7e61801ea69d6f77e6cf03b5bb69a1d23b2f9c7ffc53d3ca1e5e
863531123,Charles,Compton,04/19/1949,"4896 Cedar Dr, South Stevenhaven, GA 45657","4896 Cedar Dr, South Stevenhaven, GA 45657",Citizen,charles.compton88@gmail.com,8973431417,24b083ac65557475b955230099e6a6ca47991f7773003a03a3035aaf00da31a5
378556835,David,Calderon,06/13/1971,"6362 Main St, Port Tammy, PA 57205","6362 Main St, Port Tammy, PA 57205",Citizen,david.calderon96@hotmail.com,747.853.8794,a6ae4f5a16e38bcce7632d5a2d1f505fda4ec584de5996a15a41dae5f483839b
282521788,Wesley,Oneill,08/30/1957,"2968 Elm Way, New Ericburgh, CT 21730","2968 Elm Way, New Ericburgh, CT 21730",Citizen,wesley.oneill85@example.org,543-870-2463,5eaf008efa8abedd069cba5a3496b8728048ab68c6768af149c6016c6a8a55ac
899089320,Marcus,Fletcher,01/08/1970,"5429 Maple Ln, Staceyhaven, KY 37731","5429 Maple Ln, Staceyhaven, KY 37731",Citizen,marcus.fletcher53@hotmail.com,835-272-8736,452408dff885572ceaafab4c040b544f729fd1a213857b2cfada8ade8780e3c9
830893658,Meghan,King,12/23/1980,"6769 Main St, Davidport, GA 81035","PO Box 3381, New Danielleshire, MI 76607",Citizen,meghan.king79@example.org,9323842324,6e0e7b6e2119311426eb817c9fa08c25b65f559d3e6553630828347b59091699
289863614,Eric,Hopkins,07/17/2002,"78 Second Ave, Meganshire, LA 05900","PO Box 2862, North Brandonshire, OR 35189",Temporary Resident,eric.hopkins98@example.com,6448488035,5d6835f9e71dd1001328d29efe2961ba4e1ea9d84dc1ed853175daf66f1970d0
612604642,Debra,Wang,05/11/2004,"8746 Cedar Dr, Montgomerytown, WA 65779","8746 Cedar Dr, Montgomerytown, WA 65779",Citizen,debra.wang83@example.org,204-841-5076,99886043161a42207009bc1869bee10fcdca1c653b869c3ec64b0c4dd701802e
469742752,Pamela,Gardner,07/13/1998,"6285 Park Blvd, Timothyfurt, PA 39486","PO Box 1169, Joneston, AZ 21220",Permanent Resident,pamela.gardner96@yahoo.com,545.644.3192,04d09bcf6e5e3ddf80ee4e95a56463e4aac5447316bbe7a11b35a3e42a541959
626325353,Scott,Washington,11/03/1990,"2702 First St, West Catherine, AK 41471","PO Box 2249, Jessicastad, IN 52761",Citizen,scott.washington60@example.com,866.238.7147,d454605198e2e87fb7bb89531421d83176b42fc2ae3aaaef69f624c84eff7fbb
769085879,David,Wood,06/11/2003,"1772 Main St, West Johnville, AR 35559","1772 Main St, West Johnville, AR 35559",Citizen,david.wood85@example.net,356.410.1152,c935ca4099cc05205272876229e44e1f27d373907ec32450f89e92f19d7ed8fe
208426285,Shannon,Thomas,07/11/1983,"9923 Pine Rd, West Soniachester, NE 33042","9923 Pine Rd, West Soniachester, NE 33042",Citizen,shannon.thomas57@example.net,308-709-4254,59a97ed490154ce9bb46327f922d10abb780a4386f3d4a00c95865b786927561
992815061,Sydney,Barrera,08/26/1989,"5865 First St, Sarahmouth, ME 25382","PO Box 9080, South Wendy, NY 61687",Citizen,sydney.barrera80@example.net,(213) 887-2458,406138696bdc583c81bc0dec987e555e5b9f6b86e701ced6c658557af2cc9581
818356830,Victor,Parker,08/31/1999,"8384 Oak Ave, North Sierrahaven, WA 60431","8384 Oak Ave, North Sierrahaven, WA 60431",Citizen,victor.parker79@example.net,(251) 302-3862,092d4d310f5b6da64435d70e669df1759a6dc758dbcda0f2f6f3e11d5de2c344
486777550,Tammy,Lewis,09/10/1979,"6980 Oak Ave, Brandonport, CT 65367","6980 Oak Ave, Brandonport, CT 65367",Citizen,tammy.lewis58@hotmail.com,536.566.8171,e956009504b4307453dcc4de10b201f7a284528375b4eb7f1a63f7da9cbf6332
199805719,Carla,Cameron,12/30/1976,"2997 Oak Ave, Mitchelltown, MT 14590","2997 Oak Ave, Mitchelltown, MT 14590",Citizen,carla.cameron94@gmail.com,864-370-2852,c7f607bbc9d412297df98f7a2e3a15e46e144861f40e3feeae234805f378afac
162971085,Ryan,Khan,06/11/1993,"1700 First St, Kathrynstad, PA 06431","1700 First St, Kathrynstad, PA 06431",Citizen,ryan.khan89@gmail.com,8262293140,02d675e905cc245ac9127cc9650ca6b062c11a32d4d1c640aa10b39ef4a8ddd7
221265692,Richard,Hudson,03/17/1968,"754 Oak Ave, West Angela, KY 10138","754 Oak Ave, West Angela, KY 10138",Citizen,richard.hudson83@hotmail.com,(778) 429-6542,94d00bd63fd0a177f22d3049eed71c00d12ee0187bbd0a3c03a560be51ce27cf
880236611,Paul,Cole,09/22/1976,"6306 Pine Rd, Marciaville, OK 17365","6306 Pine Rd, Marciaville, OK 17365",Citizen,paul.cole60@yahoo.com,7073692226,bc78a296c1ab99609f370efe63752528ec567ec976bca6821e84d134f2a37976
455295629,Theresa,Long,03/25/2003,"8306 Cedar Dr, Angelastad, OK 99455","8306 Cedar Dr, Angelastad, OK 99455",Citizen,theresa.long79@gmail.com,6582909166,31d000d68f9ca7f7f5b0aa3cb0340f6c3ffc6322d4a8d6c09f47cb9ecff818db
634050562,Drew,Morrison,02/24/2006,"1682 First St, Porterton, NE 05601","PO Box 9096, Lake Mason, AL 62595",Non-Resident Citizen,drew.morrison89@hotmail.com,7207754389,d87ccee31b8297f8b004e35768a49dd6190e4a1c21c6e6af8ca31629c288b8ca
490136011,April,Hernandez,09/30/1987,"7446 Maple Ln, West Sarah, OK 42251","7446 Maple Ln, West Sarah, OK 42251",Non-Resident Citizen,april.hernandez73@hotmail.com,(299) 977-4633,b6ce52e7f71ea51d79e0a6f0971bcb8e95ae4689dfc0efdacc4f8b0fc161db7c
991081037,Francisco,Ewing,07/20/1981,"8974 Park Blvd, Brittneyhaven, MS 67310","8974 Park Blvd, Brittneyhaven, MS 67310",Permanent Resident,francisco.ewing58@hotmail.com,619-309-5166,5f80018856ff03ab3ca4af4590d10a71b665b94c2e625a0399631938e2585b67
521869399,Amanda,Erickson,08/25/1990,"5537 Oak Ave, Thomastown, WI 48782","5537 Oak Ave, Thomastown, WI 48782",Citizen,amanda.erickson87@example.com,661-668-9260,b51f7068ab56b33955162e52696e8f944ceeee09eae444255452c55ab984dec8
104657489,Mark,Rodriguez,05/22/2003,"9065 First St, Silvatown, PA 78739","9065 First St, Silvatown, PA 78739",Citizen,mark.rodriguez61@hotmail.com,9483312696,011d82fc6be83b2fec5d9c4bf11951aff6d26db44fa876840a9f7471bfc489c5
750860170,Thomas,Coffey,07/09/1962,"6303 First St, Lake Brett, RI 63474","6303 First St, Lake Brett, RI 63474",Permanent Resident,thomas.coffey71@example.net,336.341.7762,cf6c5af2d1a3136d81c47e14054c3e4da3a24f36f2732e293f4c818a9f0aba86
688202182,George,Fuller,11/18/1943,"9070 Cedar Dr, Hernandezbury, IL 04639","PO Box 4860, East Andrewmouth, UT 55391",Citizen,george.fuller95@hotmail.com,382.715.9888,fc9400c85a00acf210ea2fa2696d53c8b3290ae08bdb00c21776552d6446302c
916875967,Edward,Vaughn,08/25/1964,"9549 Washington St, Shawfort, TX 96948","9549 Washington St, Shawfort, TX 96948",Non-Resident Citizen,edward.vaughn84@example.net,(632) 213-9564,18df1c949ae518d900460a31d3e3994b7f4396599eb9e3c264a567e2e77caf2c
256043375,Jessica,Thornton,09/01/2002,"3276 Elm Way, New Mark, WI 87300","3276 Elm Way, New Mark, WI 87300",Non-Resident Citizen,jessica.thornton59@example.com,(502) 408-9866,11da15d85142209e7b1b4cd2c818f515d9d04b949bbbb44bdf8760fff29504bc
585969649,Timothy,Bennett,02/21/1947,"9206 Cedar Dr, South Rhonda, WV 45370","9206 Cedar Dr, South Rhonda, WV 45370",Permanent Resident,timothy.bennett94@example.net,2485907349,27345de255f343a59c552ad657f5e9244b383127c8ee15d35c02be017de16745
345678901,Amy,Lowe,03/18/1958,"882 Main St, Chelseaborough, WV 32812","PO Box 7359, Angelabury, IA 39509",Citizen,amy.lowe91@example.net,759-956-4218,35c165a022e18f0cbe8852c811072aafdb9e03f35ed1db506f7a5768827bbb2d
290509600,Kellie,Bush,01/23/2001,"3064 Pine Rd, Stewartstad, WV 73965","3064 Pine Rd, Stewartstad, WV 73965",Citizen,kellie.bush85@example.net,798.461.1092,c1c02289a63902746a5b2fa7955e29d15a169abb0cfa9f72da8dc7015dbca0b0
266221352,Sarah,Pope,10/20/1978,"9780 Main St, Keithshire, WY 89187","9780 Main St, Keithshire, WY 89187",Permanent Resident,sarah.pope81@yahoo.com,274-924-6207,10d151a2c2afead66f3741c636b9849560295cdbebad868058b140c32a17901c
658996745,Amy,Huang,06/05/1962,"2612 First St, Cardenasberg, OH 38571","2612 First St, Cardenasberg, OH 38571",Citizen,amy.huang63@hotmail.com,5695004579,6315aefb54a96a91701c2840c55a3c64bcd1de015af716e4705261c9f13c3e7e
984428681,Bobby,Moses,06/29/1949,"145 Oak Ave, West Sandraview, TX 98456","PO Box 4037, Lewisside, TN 36038",Citizen,bobby.moses52@hotmail.com,590.316.7322,297158091cd8ca6c8597970794f2ddedfd91d2014169e5a442d4950002e94c09
403685324,Sarah,Horton,05/17/1961,"6144 Park Blvd, North Christina, NC 77418","6144 Park Blvd, North Christina, NC 77418",Citizen,sarah.horton62@example.net,(298) 371-9814,427e023b1f63bc2a848ba0be02f443620ab292dc679a12b510e63625a693e2e6
326324885,John,Williams,08/14/1988,"6951 Oak Ave, Lake Jesse, IN 13634","6951 Oak Ave, Lake Jesse, IN 13634",Non-Resident Citizen,john.williams99@gmail.com,(273) 964-3519,dd110419ebfc054b83fefc2bb182c9e39d32b54b96a286bd4417ae1a8a63e6eb
456176676,Robert,Love,03/04/2001,"890 Pine Rd, Lake Kellitown, KY 72636","890 Pine Rd, Lake Kellitown, KY 72636",Citizen,robert.love66@gmail.com,845.614.8094,d1aaed525c8aba0308b4988fbbffc2754371590f5a0fa5144b554acdc80d9be9
280737253,Tiffany,Moore,03/20/2007,"1037 Washington St, Woodsborough, AZ 99579","1037 Washington St, Woodsborough, AZ 99579",Citizen,tiffany.moore56@example.net,508.821.2417,9793cc151d10a4ad48f32d66cef7a84e64daf2024ca4a23323ef6a3b8c1e13fd
569951184,Tamara,Morris,06/20/1948,"505 Second Ave, Port Christophershire, HI 30938","505 Second Ave, Port Christophershire, HI 30938",Citizen,tamara.morris84@example.net,(347) 505-7113,217130687076883bd9409f8a79f9244ea1e6c6a36027cca6c9334eab8f3461d1
696001601,Amanda,Sharp,12/31/2003,"83 Washington St, East Robertburgh, RI 05264","83 Washington St, East Robertburgh, RI 05264",Citizen,amanda.sharp63@hotmail.com,9435524469,a783ab90a1f32e83ea688b8d9408b18cb36a644ab82fab80ce326ca025f2878f
650349270,Wendy,Sanders,03/28/1991,"3618 Washington St, Lopezport, KY 05411","PO Box 3071, West Ashleyville, TX 44415",Temporary Resident,wendy.sanders98@yahoo.com,(762) 274-5762,0347855eb25dcc2a3b5c9e27d6b8335d4caa6df79fd6daedce5bc2501de339a8
311975522,Justin,Hays,01/14/1964,"5421 Maple Ln, Smallberg, FL 66589","5421 Maple Ln, Smallberg, FL 66589",Citizen,justin.hays54@example.org,661-536-6008,443c824aa29d572f9afc4c1b7bdc27cc7f026b0bd86522d450e69f7f5d88ee0a
491371841,Taylor,Lee,04/27/1969,"2763 Main St, West Franciscomouth, MA 85473","PO Box 3729, Jennifertown, VA 97050",Citizen,taylor.lee73@example.org,5396918583,ae07ec3c4de838036fc459c4601139ed238908d49d8fdd6b1a3ebc6ce9a8a477
427997841,Matthew,Phillips,12/24/1997,"2880 Washington St, East Cheryl, CO 84220","2880 Washington St, East Cheryl, CO 84220",Permanent Resident,matthew.phillips84@example.org,(841) 278-2235,9cb37e2cca5698bf8d4c21ee5f655cbfa5e4c72fd25f837328250b6c02515034
778203785,Penny,Wilcox,07/17/1955,"9485 First St, Christopherville, WY 24720","9485 First St, Christopherville, WY 24720",Citizen,penny.wilcox84@yahoo.com,9933526993,82672266cde6737bd35656536a3e768efbc3acb2431dfb6999f13f82e06038de
929084214,Tina,Woods,08/21/1981,"2194 Second Ave, North Jose, NC 31371","2194 Second Ave, North Jose, NC 31371",Citizen,tina.woods92@example.org,828-900-3717,9cd957cb5cba739875ef0cdd81d0cd72165b6c0b3a0f67283cb5213aa1d64a88
292355674,Sean,Adams,12/25/1956,"2396 Second Ave, Kevinshire, MN 01999","PO Box 8089, Desireebury, IA 08643",Citizen,sean.adams52@hotmail.com,5695978695,095c0f566118c715b64f99919c7f824016954a6d3ed92ea128e7cf86d471cbcc
142847338,Elizabeth,Marshall,09/02/1978,"1692 Park Blvd, South Gina, SD 92717","1692 Park Blvd, South Gina, SD 92717",Citizen,elizabeth.marshall84@yahoo.com,(869) 587-6985,2cfafec0e6f7cf4a1598259253c4cc62cbcf5e9e7a1fab5847e4d547140e42ca
504079950,Kayla,Vaughn,10/01/1987,"8461 First St, Michaelbury, MN 29222","8461 First St, Michaelbury, MN 29222",Citizen,kayla.vaughn88@example.com,342-650-3713,250007ffebcf82cf2696d9221821f2bdc1549536a7121de9963e60ad6c0edad1
790928175,Susan,Mendoza,04/07/1994,"3063 Pine Rd, Adkinsstad, MS 55006","3063 Pine Rd, Adkinsstad, MS 55006",Citizen,susan.mendoza76@example.net,6938918844,106252ccc99cd1858466fdff8f7c07eba1858b715583b978430a5d246b7a2293
273136853,Jacqueline,Durham,11/18/1970,"368 Cedar Dr, Port John, AZ 99426","PO Box 9805, New Seanstad, HI 10738",Citizen,jacqueline.durham86@example.org,4643849464,3f33f3f2c39335e262200e5a0197634641d0d8ab64bd443ab648f73985460016
705165937,Samantha,Rodriguez,03/11/1943,"4645 Oak Ave, New Amanda, IN 22067","4645 Oak Ave, New Amanda, IN 22067",Permanent Resident,samantha.rodriguez60@example.org,815.346.3979,9b813f2c328b32665d07bd27906b086b6bdf920d95c02a3bc9594d2f85ce8604
836147907,Mark,Meyer,01/23/1967,"9774 Washington St, Lake Jamieshire, CA 64572","PO Box 6415, New Seanton, FL 59933",Permanent Resident,mark.meyer82@hotmail.com,353-820-2577,dbbfd927586714d256d2655b04d8669d397579d8edad87f2e17409d1db57f7aa
760080817,David,Perry,01/26/1960,"8247 Oak Ave, New Stevenport, CO 95302","8247 Oak Ave, New Stevenport, CO 95302",Citizen,david.perry50@hotmail.com,(734) 630-7068,54af6c4bbe4856908dceb6b285d07e903cee5108b33ba36809a4f7328899fe4c
560588284,Andrew,Scott,06/28/1964,"6247 Maple Ln, Lake Jefferyland, PA 06437","6247 Maple Ln, Lake Jefferyland, PA 06437",Citizen,andrew.scott86@example.com,(460) 688-4809,b16b2c5b054fd47a3cdadea2f6e8ef9b942d4e72ed1a4ad52fe0b4083e2151f8
683826742,Rodney,Graves,10/15/1990,"90 Main St, North Valeriefort, OR 04660","90 Main St, North Valeriefort, OR 04660",Citizen,rodney.graves63@hotmail.com,618-570-2746,ff878148e55ce5e7b5e2cc6475b198d48136205ee0f301d32e06a13a005dd6ff
728536453,Justin,White,08/25/1959,"6940 Washington St, Port Darlene, MS 96090","6940 Washington St, Port Darlene, MS 96090",Citizen,justin.white63@gmail.com,770.694.3928,62aaf440daee51ec1525b0bae078b0a4fc33a1bc30ce091ad561007f22c0ec42
619433519,Debbie,Fisher,03/26/1980,"9465 Maple Ln, Westfurt, WY 49737","9465 Maple Ln, Westfurt, WY 49737",Citizen,debbie.fisher92@example.com,(657) 916-3650,c3bb010b250bec8610ea94f1347258f4df3f27c13cd3aeddba6dfaf1cdd2a6d2
530098998,Christopher,Brandt,05/08/1958,"853 Pine Rd, Lake Michelle, MO 16050","853 Pine Rd, Lake Michelle, MO 16050",Citizen,,(348) 682-8133,fe72c3a9389ff17b88ab632972132ebf17dad6a39aafe1b203eb530333855b73
338123991,Gregory,Medina,02/08/1953,"619 First St, Lake Tiffany, MT 00956","619 First St, Lake Tiffany, MT 00956",Permanent Resident,gregory.medina88@example.com,3798559099,18d7bb47819c4df868b9b40e5b2f3ddb899bfdabac2202e1e396922ff20848b7
276331015,Katelyn,Good,04/05/1961,"4686 Cedar Dr, Nunezside, AZ 56092","4686 Cedar Dr, Nunezside, AZ 56092",Citizen,katelyn.good89@example.org,568-444-1004,234651c5b1c6b528bc509e946c05983a0dc3d1604b71bd05505c89de6e63d806
396284956,Amanda,Morrow,01/24/1976,"6475 First St, South Michael, PA 36630","PO Box 351, Lake Kathy, WV 04723",Citizen,amanda.morrow85@example.net,772.796.6703,7aa883e5f1ade498a731879431de2eb72dffe14ad86a21037a5b0910dd202782
396898040,Lisa,Barnes,04/17/1990,"7451 First St, East Jamieville, OR 78350","PO Box 2967, South Carlaton, NE 32578",Citizen,lisa.barnes82@example.net,319.725.5222,381e14e4761d456f9a3913ac4fd0a2ae9e7ed353019655a892a9087ae5455c4b
504886868,Joy,Morales,12/02/1985,"5566 Second Ave, New Jeff, UT 07899","5566 Second Ave, New Jeff, UT 07899",Citizen,joy.morales57@example.net,848.425.4767,f85e50f0d6a2c5c658c4e10cfae1c65ada9dbb4b6e0b2a8fd13f08b34347ecd6
479134231,Donald,Holder,11/15/2006,"4315 Cedar Dr, Port Sabrina, ME 76012","PO Box 5703, Barbaramouth, CA 31552",Citizen,donald.holder70@example.net,787-475-3994,8c8ce6cfaa53b981af9280c4556aaad87639278db8369a3a537f7dd1bb8e5faa
314390318,Kevin,Thomas,01/11/1986,"4349 Cedar Dr, South Kevin, IA 08490","PO Box 4191, Lake Erika, SC 73357",Citizen,kevin.thomas57@example.com,(879) 704-1108,0ff5c73a9aa74ff99a050dde780d53e905ad4001d9faa848ff9c6f1eedd619ff
498569245,Tyler,Compton,07/29/1963,"9413 Elm Way, Floydmouth, NY 91767","PO Box 8474, Russellport, LA 49844",Citizen,tyler.compton58@example.com,(633) 689-9859,ed7e43bcd58f9a84e5b76ce788e31da29f0c07bc0c2105bd82479478b428e902
522750321,Ivan,Medina,01/24/1992,"7491 Oak Ave, Port Jeremiah, VT 93244","7491 Oak Ave, Port Jeremiah, VT 93244",Citizen,ivan.medina93@example.org,303.533.6924,cac3aef0b7044513fefd85654e617381fba0c413e7eb54b07a08c7a2422c2507
382232003,Drew,Ford,06/16/1965,"5622 Maple Ln, New Robertchester, ID 73545","5622 Maple Ln, New Robertchester, ID 73545",Citizen,drew.ford73@example.net,486-661-3947,f8508f41a8fd05be3788adbcb58b1b7381d6945bba9acdf839cd63fac6655c24
836599683,Alyssa,Price,10/14/1998,"4423 Cedar Dr, Jamesland, OK 59455","4423 Cedar Dr, Jamesland, OK 59455",Citizen,alyssa.price97@example.org,2093807906,5f9c97d0bc09a3cf70c07666c3bb1b1a71be5106e76a7b7e65dbd784a323d021
777157408,Melanie,Davis,02/06/1943,"5173 Second Ave, North Joseph, MD 88800","PO Box 9403, Port Charlesshire, AR 95437",Citizen,melanie.davis53@example.org,6878442577,ed693b290722e9740559a29256abf3bda28c68e9415df070b01ac4f594e586d0
378924968,Emily,Robinson,06/22/1957,"9134 Elm Way, Port Rebecca, MN 40240","PO Box 2086, East Sharonville, MN 98395",Citizen,emily.robinson62@yahoo.com,864.751.3859,1daaf43734b38ff0c6ee961a8b1cc2f53863b624cd61c7d69cfad470ed01ff78
822835305,Yvonne,Mendoza,09/01/1941,"7323 Oak Ave, Lake Cassandra, MO 27306","7323 Oak Ave, Lake Cassandra, MO 27306",Citizen,yvonne.mendoza60@hotmail.com,(545) 631-7631,e000282e84125fe901324b77c94bf47d101f898c380a418758354a355dbd2950
468965063,Randy,Allen,04/26/1979,"4774 Elm Way, Kimberlyfurt, RI 61613","4774 Elm Way, Kimberlyfurt, RI 61613",Citizen,randy.allen73@hotmail.com,661-623-3741,b6ce51a54aa23bf8815f621f6f8c4a2a78ecee0de11b2861149c29ec0761a79a
234260583,Amanda,Howard,05/08/1948,"4123 Oak Ave, Michaelfort, IN 61581","PO Box 1787, Port Tinafort, CT 42474",Citizen,amanda.howard85@example.com,(606) 736-2363,fb683f85bc44d9b6cafd4f84e0a050d7d7d05ba8531862e1a9b25c3f42700d75
266724578,Robin,Wood,10/08/1972,"5069 Cedar Dr, Williamsbury, KS 97658","5069 Cedar Dr, Williamsbury, KS 97658",Citizen,robin.wood83@example.org,8795656328,d9391528976f02792f51c30860c9611f2143c54e6389bfbed06eb3bfc8e9406b
680447823,Dustin,Green,07/14/1958,"7289 Pine Rd, Phillipsborough, VT 43737","7289 Pine Rd, Phillipsborough, VT 43737",Citizen,dustin.green97@hotmail.com,645.736.9745,8f471699ef3e440f30a21352a1d5b58b085f8000575ad9746709cfa0f0053769
617169553,Jerry,Hudson,09/17/1999,"7240 Elm Way, South Andrea, MS 90265","7240 Elm Way, South Andrea, MS 90265",Citizen,jerry.hudson83@example.org,6807471136,25449765c06ff72aae356e8b3e5ce0f4166f545f14b35507ae2518c20954f496
612246868,Matthew,Hines,02/16/1969,"4800 Washington St, Levyfort, IA 60902","4800 Washington St, Levyfort, IA 60902",Citizen,matthew.hines85@gmail.com,3679327385,eeffd5fb1797643ea6350fdc68f1a466da0866c7b2a04646d23fa5be1c0a09cd
185050803,Gary,Norton,04/03/1986,"8465 Washington St, East Jennifer, VT 64505","8465 Washington St, East Jennifer, VT 64505",Citizen,gary.norton67@gmail.com,270.386.3238,76a78f18de26b3b548cfb75beaddf3930e20d089fc38cfe1f1f30e13ef6c8375
588920837,Jack,Preston,05/01/1983,"8061 Cedar Dr, New Arthurland, MA 88085","PO Box 913, Port Adamberg, OH 83168",Citizen,jack.preston68@example.net,648-944-1134,916bd133ab4a55ef6317d4f627c65966bcbc43bc13715385769b904d2cadfd33
115810687,Jesse,Mann,01/26/1977,"6886 Elm Way, East Williamstad, NY 08424","6886 Elm Way, East Williamstad, NY 08424",Citizen,jesse.mann71@example.com,3492575366,35ad362e8418ace36858193f06c70d087703fc0c0ca987e7b03f2a84a1474df6
604816257,Christine,Estrada,04/23/1985,"6252 Main St, Hopkinstown, DE 01367","6252 Main St, Hopkinstown, DE 01367",Citizen,christine.estrada78@example.org,(234) 403-8550,d9e272dc6fcf69baa29f9a6f84f2df35a340e15c2141fc6cf2e92b821012c230
323818407,Amanda,Jenkins,08/11/1946,"5114 Maple Ln, New Jenniferside, HI 38077","5114 Maple Ln, New Jenniferside, HI 38077",Citizen,amanda.jenkins83@example.com,853.505.4255,69e7e5be832cbf8028a33031ed29c887ca43e9a431fcb6b3867084a3a29508cb
815858075,Andre,Li,08/12/1997,"3867 First St, Drakeburgh, MA 14527","PO Box 4623, New Eduardoborough, PA 81736",Temporary Resident,andre.li50@example.com,907.686.3539,fc8bcf2537890f177f6b1af50a8fd7e97a6e5f4a45dcc476014d088df148c8ba
367063493,Alisha,Ochoa,07/18/1999,"5545 Main St, Lauraland, AR 49397","5545 Main St, Lauraland, AR 49397",Citizen,alisha.ochoa56@example.org,5247716690,06016ad1a4c8d695bfb72cb5890a5dc4809eed11fd523da979724cc16e3b4d9f
122927426,Susan,Stevens,08/12/1975,"2208 Elm Way, Lake Jeremiah, AZ 90159","2208 Elm Way, Lake Jeremiah, AZ 90159",Citizen,susan.stevens94@gmail.com,391.756.6696,c4c59ae5a94ad8daeb88753fccb3f38e06822a8d4ce43a788cc22d39a14df802
395627385,Maria,Miller,01/13/1954,"9086 Pine Rd, North Richardfurt, CA 72944","9086 Pine Rd, North Richardfurt, CA 72944",Citizen,maria.miller84@example.net,9948539289,90a4db3f44d59dff6c708f127ea2656925ec713611f864e573c7178ed089ff06
120100290,Thomas,Walsh,01/30/1975,"3913 Maple Ln, North Vincent, WA 57374","PO Box 8930, Arielville, MO 69727",Citizen,thomas.walsh99@yahoo.com,489.530.7714,bb162879763e1809fa2e77cf01a20fcd4272df7cca3fce98cd4c1fb4ac54e60f
661782298,Samantha,Hall,10/26/2003,"2127 Pine Rd, Nelsonland, AZ 90210","PO Box 8052, Rachelshire, IL 86760",Citizen,samantha.hall74@hotmail.com,(838) 918-5193,61580325f48d1fdc3931ad63e521eddc9fe31eb716377a8fee807bb728665c5e
750637748,Antonio,Mcfarland,07/28/2006,"3420 Second Ave, Alexisborough, CO 77444","3420 Second Ave, Alexisborough, CO 77444",Citizen,antonio.mcfarland97@gmail.com,(925) 259-5355,3f660a3b1b7925088ea8256810ccd48751c70f3d082d70130dcf061714b0eefc
995990847,Douglas,Hoover,05/17/1988,"8512 Oak Ave, Hickmanport, CT 21793","8512 Oak Ave, Hickmanport, CT 21793",Citizen,douglas.hoover83@hotmail.com,(840) 383-7802,896ef2169a8907a05c8aea3d954650abcb6aa46434e95c629afac45b8a884b17
719080517,Anne,Knight,08/04/1966,"6998 Oak Ave, Rhodesside, HI 43981","6998 Oak Ave, Rhodesside, HI 43981",Non-Resident Citizen,anne.knight92@example.org,814.653.6772,336d15d3d7597223d46e5417acff4db86d16a7ec29d02cff518aa2276d1e8840
448594692,Patrick,Singh,10/02/1970,"7055 Maple Ln, New Juliestad, RI 07539","PO Box 9039, South Jesseland, IN 45143",Citizen,patrick.singh97@example.net,(663) 658-7505,110a3cabfd8eba6f84a97e7b454423567815ebef6f2d4f8bdadd9319d2bf9122
405460403,Cassie,Austin,04/22/1961,"2214 Elm Way, Novakmouth, AL 04384","PO Box 3735, Kristenmouth, IN 64805",Citizen,cassie.austin94@example.net,(723) 769-3534,e58a97a2231231eef4bb985db09603751df80d46e711f9ef1ce5b06a7f782f31
481882460,Jeremy,Tran,12/21/1983,"6015 Washington St, Reynoldsshire, KS 87096","PO Box 5020, Millerport, CO 32803",Citizen,jeremy.tran63@hotmail.com,5326943832,2489d4dca1dd1498c4c4863602d8b54e4c669697881152c3b3171befbc9b800e
840447097,Jennifer,Miller,03/11/1999,"9753 Elm Way, South Jennifer, AZ 83587","9753 Elm Way, South Jennifer, AZ 83587",Citizen,jennifer.miller53@example.net,644-626-2974,8757392d9fd4b6a588953f0b409272d0da348c28fc8b77104cdea97ed770da66
746716453,Eric,Price,11/16/1950,"6267 Main St, Danieltown, MD 40906","6267 Main St, Danieltown, MD 40906",Citizen,eric.price70@yahoo.com,3562517436,120de6054762fc2b3b866a843a528fc28515bef246a7c81c10533799133b38fa
717675194,Sean,Juarez,10/27/1987,"7077 Elm Way, East Christopherchester, MT 59331","PO Box 5607, Garcialand, CO 46889",Citizen,sean.juarez85@gmail.com,608-713-8118,c8e7ce43501a0afc6d8ffbc10fa57ff8996bd86bb69bae4e3594e23caaeb9b49
616386600,Angela,Carlson,12/23/1963,"6477 Washington St, Michelletown, IL 38754","6477 Washington St, Michelletown, IL 38754",Citizen,angela.carlson65@example.com,(640) 531-2467,6412a1edb2c06bf2fd82255e34412e764ac2c9494b7d22a361025ec15a1dae49
554773258,Robert,Maxwell,08/28/1990,"5255 Maple Ln, New Adriana, RI 90326","5255 Maple Ln, New Adriana, RI 90326",Citizen,robert.maxwell72@yahoo.com,6528383389,74b80c1896235010aae22a1781a8a2d4f8049273505e92efdc50e258347c61fc
978505410,Oscar,Taylor,04/05/1946,"6125 Pine Rd, Josephberg, WI 08793","6125 Pine Rd, Josephberg, WI 08793",Citizen,oscar.taylor65@yahoo.com,(494) 214-6624,2c3fbcafac11e4faf38d57fecd56d62ce7ab2ddfc24f168fb3c2a0dfa83cba57
605936741,Gary,Hill,12/29/1988,"8815 Cedar Dr, Toddland, IN 47834","8815 Cedar Dr, Toddland, IN 47834",Citizen,gary.hill89@hotmail.com,9119151301,c0975210b976e650dbc3662f413272917db9d1ce384bb07c3f1c6ff861eae812
812458132,Johnathan,Wright,10/29/1984,"2791 Main St, Wheelerborough, ME 60513","PO Box 4544, East Kevinfurt, AR 44045",Non-Resident Citizen,johnathan.wright54@gmail.com,(878) 875-6901,cc71a892d183cdde39d62928ad85686f30201353ee05a8fb84f0461fb54dd42d
274324977,Meagan,James,08/04/1973,"8332 Oak Ave, Scottchester, MA 85833","8332 Oak Ave, Scottchester, MA 85833",Citizen,meagan.james62@yahoo.com,(774) 929-1352,c2c2944652b9e175ac6cbbec4c6212a9ed4ee049aa897a3a4f2e7eff206fd5ae
668455421,Terri,Taylor,10/16/1963,"6446 Pine Rd, Carrieborough, AK 63285","PO Box 5865, Gregoryfurt, MN 42331",Citizen,terri.taylor82@example.net,(840) 463-7343,e8b97adb23bf1caae8324bf3d31812cd8b95b8b5d40b78f517e9b2bbeaecb25f
400855850,Kelly,Neal,01/30/1977,"6437 Pine Rd, Faulknerbury, CO 43215","6437 Pine Rd, Faulknerbury, CO 43215",Citizen,kelly.neal90@hotmail.com,4467863502,456b802a44c0f73405f5981857f0ad2ea68eef7fcefc18f0d2bed5a09ae63803
750009892,Nicholas,Velasquez,02/06/1959,"2159 Cedar Dr, Diazshire, TN 26689","PO Box 8969, Lake Katrina, UT 04028",Citizen,nicholas.velasquez69@hotmail.com,736-338-8046,68724779e5a54eb3d3918a30826c8f80bc1a84a7013f692fb240cc781432032c
706496928,Stephanie,Murray,04/06/1979,"1112 Park Blvd, South Lauren, OH 91312","1112 Park Blvd, South Lauren, OH 91312",Citizen,stephanie.murray59@hotmail.com,526.623.7737,a44037e1d615add0710aa6f702d958f02108e99b88651e8d84b3c173a43a27ec
982292061,Chad,Abbott,07/04/1941,"4486 Pine Rd, Chambersberg, WY 83513","PO Box 2255, Johnberg, ID 94248",Citizen,chad.abbott89@example.net,827-436-4804,27ecea34708edfd4ff92558301149e100592be81d3af9065b9fcfcbeee84f450
485753927,Rodney,Bennett,12/26/1964,"2197 Park Blvd, Ewingfort, RI 76816","2197 Park Blvd, Ewingfort, RI 76816",Citizen,rodney.bennett74@gmail.com,(367) 397-4707,757ef027b3043ce40bd5c7131b99fabb2a24d01d5cc61c469e1de07e48dc04b6
116121432,Richard,Hunter,09/09/1970,"3647 Cedar Dr, Stephensstad, WI 92465","PO Box 3001, North Kaylastad, NH 22303",Citizen,richard.hunter70@gmail.com,6376141685,2492e13cc8cf3cb1cf2effeda71f037fa9753c9d460ed4f8167bd4019f3b9e31
523216102,Deborah,Williams,02/18/1941,"9371 Washington St, Rasmussenmouth, OH 56921","9371 Washington St, Rasmussenmouth, OH 56921",Citizen,deborah.williams83@example.com,2434519498,d8d2cd81625060c54d0361872dec849b2e11b455ee6c068a895bf8b7df5ed010
142146105,Daniel,Garcia,06/10/1961,"808 Cedar Dr, New Julie, ME 73638","808 Cedar Dr, New Julie, ME 73638",Citizen,daniel.garcia68@gmail.com,501-827-1893,8b971de18e284280d7697c9dc09a86f23f3ba497979b59ad968c21b2ed318db9
793746209,Beverly,Johnston,11/30/1942,"8203 Oak Ave, Brooksmouth, ID 89571","8203 Oak Ave, Brooksmouth, ID 89571",Citizen,beverly.johnston58@gmail.com,6612253930,594124909edba78aa9f6ee4036f3567254212f653ec959edb5eb1dee6e0f7108
865185345,Brianna,Mason,12/14/1966,"1478 Elm Way, Whitneyfort, MA 14204","1478 Elm Way, Whitneyfort, MA 14204",Permanent Resident,brianna.mason95@hotmail.com,316.923.8362,2d37006ccf5852b2b799653a7ff2c6b31058358b0cafcf1875171e4123b86936
859435175,Kenneth,Knapp,11/03/1961,"2620 First St, North Marieberg, OK 46157","2620 First St, North Marieberg, OK 46157",Citizen,kenneth.knapp86@hotmail.com,(366) 348-3930,f24cf6ae8788da8b06b5bc4e2f7e0e2ebb4e2209c78c12876c584d52e79820fa
432342748,Larry,Gibson,09/17/1967,"4732 Pine Rd, New Timothy, DE 62912","4732 Pine Rd, New Timothy, DE 62912",Citizen,larry.gibson@,2126699153,8a387a40d20cb7d2998c7c23b65c50f53e39472c0af97d41e965e5e13a0d0b0b
106174601,Connor,Bowen,06/23/1963,"3898 Cedar Dr, Floresport, PA 06357","3898 Cedar Dr, Floresport, PA 06357",Citizen,connor.bowen88@yahoo.com,9282868,059a8e0adc0f89447426d1a354d6994092ae7b176e0eb6db4e5c785217231ebf
774992147,Lisa,Wilson,02/12/1989,"802 Pine Rd, Deborahburgh, GA 97558","PO Box 5818, New Greg, AZ 21490",Citizen,lisa.wilson86@yahoo.com,2892502784,4dfb38bba306efe98536685531f6782fd220376508c9aac19e3ffd94b04fdb92
273232379,Mark,Simmons,12/02/1952,"9748 Washington St, Hallfurt, OK 83044","PO Box 7560, East Danielle, WV 57141",Citizen,mark.simmons55@example.net,(588) 269-8001,1f5da7fb70adbc962a5d76e56710722381cbcaa8f8611932c708ecdd66c8ee43
244467442,Randall,Mclaughlin,02/15/1983,"5394 Park Blvd, South Brittany, NE 51466","5394 Park Blvd, South Brittany, NE 51466",Citizen,randall.mclaughlin56@yahoo.com,8447412436,8f11a16839eea747e30ea512d3e4c19249849a89884778af85bfabf30b6eac59
749375452,Adam,Lewis,05/02/1944,"4706 First St, Karenland, RI 76175","4706 First St, Karenland, RI 76175",Citizen,adam.lewis89@example.net,8297769132,f8c34dce157e4f4053fc99e5f9935e4196a0878993f6d6155fc39e96ac312f58
293173916,Cristian,Wiggins,11/13/1986,"4760 Cedar Dr, West Mark, AL 60473","PO Box 7716, West Emilyfort, SD 69669",Citizen,cristian.wiggins63@yahoo.com,623.246.6468,885e1fa5d80aff3e5c542fa3e61414a28052f039be55ff7836cf70b574d3b722
784514218,Tammy,Edwards,04/10/1950,"3297 Elm Way, Carrshire, KY 15473","3297 Elm Way, Carrshire, KY 15473",Citizen,tammy.edwards70@example.com,(541) 549-7488,f0a899239825586edbe449a9b6767cf175e38021c58dcb5a5f502a4f81023b19
308322646,Michael,Bruce,06/05/1977,"7850 Second Ave, Port Emily, AZ 39487","7850 Second Ave, Port Emily, AZ 39487",Citizen,michael.bruce84@example.net,623.960.1917,8c581255f229754eaf8776e1e7afd35ce5dd5af80e49b72943851a811829a9b2
828209159,Samantha,Lawrence,09/02/1959,"307 Cedar Dr, West David, OR 40527","307 Cedar Dr, West David, OR 40527",Citizen,samantha.lawrence72@example.com,4872316556,9fae3bbe1e1ee0946b7feda8a4e733b400f496dc85277d907786e708286198a6
278208378,Daryl,Brooks,10/17/1972,"3071 Washington St, New Paul, DE 78675","3071 Washington St, New Paul, DE 78675",Citizen,daryl.brooks70@hotmail.com,623-288-9143,15c5a95130b38e7d8316aa58c97f1bd3d17805f0bbdab73a71b56dccee578e6f
990623169,Devin,Reyes,05/09/1988,"8604 Elm Way, South Cynthia, ID 91390","PO Box 712, New Garrett, WY 38359",Citizen,devin.reyes82@example.com,712.357.4116,8b4b092693b6e88f1d403e0e41f836832103b68b23f9fa6055885f7138887eac
456789012,Donald,Edwards,11/26/1979,"5364 Pine Rd, Harveystad, WY 01757","5364 Pine Rd, Harveystad, WY 01757",Citizen,donald.edwards93@example.org,(237) 670-7350,63101949143bbb80ae8f0d97128e182a937784e04e22fe33fefd670aa3a71099
111819202,Todd,Lee,06/06/1954,"1427 Maple Ln, Maynardhaven, NJ 86100","1427 Maple Ln, Maynardhaven, NJ 86100",Permanent Resident,todd.lee97@example.net,976.519.4438,d1301db47a644a169895494f8bae3121157be2eef3b26b0387aca4bbe9c0a5e1
407699378,Troy,Cohen,02/11/1979,"7228 Oak Ave, Mckinneymouth, LA 64555","PO Box 4583, North Ariana, DE 29406",Citizen,troy.cohen82@example.com,558.762.6218,181f210a4208af87376fd8f152bc0285fde75d4ee2944efeeebc3d8ca70e50e7
856294020,Kelly,Hill,03/29/1956,"4012 Pine Rd, Garymouth, CA 74641","PO Box 5649, Dunnville, OH 75567",Citizen,kelly.hill80@hotmail.com,5922552410,bbbcb3b77f7f1779c593a547b022af96732757dcf1fe7a89e1a5116fab1f8119
856641801,Danny,Hampton,07/26/1954,"7305 Washington St, Amberton, MN 94739","PO Box 3346, Paynechester, VA 13924",Citizen,danny.hampton55@gmail.com,(295) 915-8672,1094c737de9961e9fb671510269bbc9dcc5a4f80914dc28439736c0285bde4b9
834952627,Jill,Valdez,12/28/1965,"7710 Cedar Dr, West Nancy, IA 04725","PO Box 4327, Bakerland, MS 58050",Citizen,jill.valdez92@example.net,(532) 664-8987,b2b67d0be718f6b605fb6b2da73c3656c41b967fe9064d91b09e0cd9f403ac9e
221211559,Michelle,Wilson,05/14/1966,"2799 Elm Way, East Lisa, WY 77561","PO Box 9515, Michellechester, FL 22256",Citizen,michelle.wilson95@example.com,8652725949,458a86abe6f24085a41beae1a7a6a0111de46f9507abdd3d68eeca0f3be3e6f4
543929865,Christina,Glover,11/18/1985,"8978 Pine Rd, Port Brian, NM 46483","8978 Pine Rd, Port Brian, NM 46483",Citizen,christina.glover87@gmail.com,645-780-6606,76d528daab0a06b69500229c4be534e9552e8957df5c916885055cc52c0c8198
818983106,Amanda,Carlson,11/17/1943,"9408 Second Ave, West Tiffany, DE 38857","9408 Second Ave, West Tiffany, DE 38857",Non-Resident Citizen,amanda.carlson78@example.org,6152712781,e9d561875c7c89f8159c83d598cd18ea80732f0b38c24aa5c9df2bccc14b4ce5
792551787,Keith,Adams,08/16/1999,"3566 Pine Rd, East Sydneychester, PA 08271","3566 Pine Rd, East Sydneychester, PA 08271",Citizen,keith.adams@,352.663.9704,c65b250d8afc0ff2e640a0f02d65120a118bcd327ed0a1baee84f45b59b90ffa
720549135,Victoria,Camacho,04/17/1989,"5188 Elm Way, Lake Michelle, OR 33226","5188 Elm Way, Lake Michelle, OR 33226",Citizen,victoria.camacho77@hotmail.com,5522911133,29512696b47ce382705b8d14bf519a5df3e85939ac5d91238796d91f6d1fe6d1
415878379,Dustin,Morris,07/03/1958,"871 Main St, Port Megan, VA 51973","871 Main St, Port Megan, VA 51973",Citizen,dustin.morris68@example.com,919.804.7459,ad146844a943c8feaaa4e87cff8e9f24609dc788852af7a1f5deed6a47c77e4a
535974242,Tracy,Ray,11/03/1958,"3461 Pine Rd, Courtneyfurt, NM 59744","PO Box 9200, Lake Lauraland, MO 53303",Citizen,tracy.ray76@example.org,(886) 328-3200,6f3871118cb3888b39812e23d860c3f626fd13a57ddb2b4da4924eac33c591b2
116866122,Zachary,Ramirez,01/30/1964,"7156 Pine Rd, Shawnfort, CO 43399","PO Box 6913, Port Kimland, NJ 96305",Citizen,zachary.ramirez77@yahoo.com,7216348373,18a4a6ece6f8ac00d71e28ae43476617db738592ab139bf7d2004a7f94d2635d
299491606,Teresa,Reid,01/29/2007,"9469 Second Ave, Melissaside, WA 52630","PO Box 8320, South Mallory, LA 65344",Non-Resident Citizen,teresa.reid73@example.com,(781) 694-7038,5b5a2666944ee7ac5f451316107d8fdba986c1163b9d353c0cc142fba057fe7d
841415799,Joseph,Clayton,03/28/1942,"8625 Elm Way, Amyberg, NJ 74706","8625 Elm Way, Amyberg, NJ 74706",Citizen,joseph.clayton65@gmail.com,879.884.2279,708389c2592587647382c90ab469889c16f1ca59264706783bfdce12fb51cab5
468879895,Melissa,Kramer,10/11/2006,"7682 Second Ave, North Corymouth, NC 02635","7682 Second Ave, North Corymouth, NC 02635",Non-Resident Citizen,melissa.kramer72@example.net,236.911.5981,e7a9e6992a9061c77d7a8cf980e9255f2ac037632f273cae71134bc69fb00b85
608052255,David,Mathews,05/08/1956,"846 Elm Way, Bryantchester, WV 27019","846 Elm Way, Bryantchester, WV 27019",Permanent Resident,david.mathews82@example.com,484.458.3171,9b0da12c77c7fb77421011b9cd8cd83e214eb52fb1ae7383cb5d1c4241d2e13c
375904108,Wendy,Blankenship,11/17/1931,"9696 Pine Rd, Erikview, TX 12735","9696 Pine Rd, Erikview, TX 12735",Citizen,wendy.blankenship94@example.org,(740) 233-6617,aa63453e5f005dcb260b7354ef16569cd26fe2a632bc4b119368ad90694c48b6
739460592,Diamond,Wright,11/30/1993,"8126 First St, Elizabethburgh, WY 07288","8126 First St, Elizabethburgh, WY 07288",Citizen,diamond.wright60@example.org,(553) 255-5331,60bda40712fee4e6fe37a105668a2206652e6ae5ab2ff88b16ede2b75ed3e84a
598232236,Randy,Torres,09/15/1980,"7804 Park Blvd, South Diana, IA 92736","7804 Park Blvd, South Diana, IA 92736",Citizen,randy.torres59@yahoo.com,2124958353,18a23c717f7e1a2b78a133845fe480e03931210ff75ee89d3ddb553a1724daad
669355272,Cody,Lewis,01/24/2004,"1596 Park Blvd, East Brittneyhaven, SD 89627","1596 Park Blvd, East Brittneyhaven, SD 89627",Citizen,cody.lewis91@example.net,4733005183,ca907689ee3bd1db8344ee2c440eb5d9cb42b6602be579962f2018e0ed7dd866
825088319,Sean,Smith,11/13/1941,"9646 Cedar Dr, Lisachester, ND 91469","PO Box 3047, South Chad, MA 50710",Citizen,sean.smith54@example.com,737.306.8306,85243d67ac7aae162a573728ca1c55b3eaa8638128ce555141aacc80ac41c86e
404187859,Christopher,Shaffer,09/09/2004,"389 Washington St, West Michaelport, CO 18474","PO Box 9834, Ayalaberg, TX 84593",Citizen,christopher.shaffer88@hotmail.com,3222883128,1b3045064db80a19142ad032791267b48a4867207a52ffd9941510bab71190ab
795683597,Victoria,Thomas,03/03/1991,"1817 Pine Rd, New Debramouth, KY 46531","PO Box 1340, Lake Kaitlin, SD 54464",Citizen,victoria.thomas99@gmail.com,883.988.6298,d019ece0cab24980a3aee5e84b2c5cf84eb18a5528ee862bda1ebedd71b52415
179453743,Christina,Ramos,02/23/2002,"6272 First St, North Peggy, MI 18852","6272 First St, North Peggy, MI 18852",Citizen,christina.ramos61@gmail.com,405-824-7432,7876892eb91ab6593e784cb59ee08fb49a383fbd223fecc382ae01b20e9ea373
216426335,Karen,Lawrence,01/20/1969,"3579 Washington St, Bellchester, TN 41723","PO Box 7334, East Joshua, VA 11543",Citizen,karen.lawrence54@yahoo.com,9956561307,ef649aee5a42bb1492126daad56b2aaf1904f1409ed13f24f6d0cc1e0725fe33
787554766,John,Burke,01/14/1927,"4366 Pine Rd, Kimberlytown, VT 86799","PO Box 6511, Jamiehaven, OR 25227",Citizen,,9897028833,536bb20a9034ffd2b49af117badab8807495fa1eabd3e9b2d1cdc56ccfda23c9
881434315,Julie,Phillips,06/15/2001,"8850 Cedar Dr, Port Rachaelbury, AL 65366","8850 Cedar Dr, Port Rachaelbury, AL 65366",Citizen,julie.phillips57@yahoo.com,5675415961,0074c8e7d06fcd0a69ddb8a886627ee3c7aa0223cd64a6d555ac1d5af7a7534d
794790862,Paul,Allen,10/13/1959,"5572 Oak Ave, New Pamelatown, NJ 47830","5572 Oak Ave, New Pamelatown, NJ 47830",Citizen,paul.allen85@example.com,8763955896,20f27b912f505a10551b9e31cbed5ca41a4e33ebeecad5a38a64f861bc6936e5
777119907,Sarah,Anderson,02/06/1964,"1391 Second Ave, Diazburgh, WV 62237","PO Box 684, North Brendatown, IL 34866",Citizen,sarah.anderson65@gmail.com,7538586041,b5d1c44d558eb927aa5ab1ba84ec5d3e3a9f130bcbd56e17425489f34c932e13
995769426,Jason,Livingston,04/10/2006,"607 Maple Ln, Hunterhaven, AR 54952","PO Box 801, Milesland, MT 84457",Citizen,jason.livingston92@yahoo.com,894-749-3440,c658ecfe8a1d81735bce8d777b6aa3815a49463d42e2cb9008933e1f75e3c989
139597095,Amanda,Jensen,11/19/1963,"313 Second Ave, Christopherland, SC 67518","PO Box 2238, Port Eric, AL 43328",Citizen,amanda.jensen69@example.com,(374) 805-2047,3f592c899960ec545377e2e8355cec01549d400a250a1619cb09bb7fdebef85e
738852124,Peter,Walters,12/16/1987,"1034 Cedar Dr, West Hollybury, NV 08090","PO Box 6686, North Sandy, MA 15703",Permanent Resident,peter.walters84@example.org,418-982-1746,72005555633799ea2095c88817c72c21c0c190abb78cdd05bae46013e1a3eed6
229649486,Shawn,Lynch,07/02/1970,"2754 Maple Ln, Elizabethburgh, OK 16156","PO Box 4091, Lake Derricktown, PA 21974",Citizen,shawn.lynch90@yahoo.com,(361) 216-8978,9f7ecbdf62e918a1ac2e44a0d640f18909e5bd027665885726a225bf73ba63f4
148160771,Tyler,Reed,05/04/1944,"9728 Elm Way, Garyberg, NE 98775","9728 Elm Way, Garyberg, NE 98775",Citizen,tyler.reed58@example.org,4777358379,fd8e4af43219a283c4aa6db79c39aecaf64763ac022d3172110e19300578f9ea
287420491,Kimberly,Adams,05/15/2004,"9770 Pine Rd, Port Rachelmouth, VA 56773","9770 Pine Rd, Port Rachelmouth, VA 56773",Citizen,kimberly.adams69@example.net,(771) 441-4144,6a8be8186eadc48b4180175fc8ca88b48bf51d5090aa7da65cecb9f67b7f8e05
202739753,Joseph,Brown,04/29/1959,"8316 Cedar Dr, South Spencerstad, NJ 07767","8316 Cedar Dr, South Spencerstad, NJ 07767",Citizen,joseph.brown62@example.com,901-685-9151,44766371304f4970d7c0b3c2000af19a002a43282334936161b7f73a38481d7f
146295027,Victor,Bradley,01/27/1975,"4671 Cedar Dr, Ericville, NV 75724","PO Box 7524, East Joycetown, AZ 06273",Citizen,victor.bradley84@example.org,(229) 696-9436,098a4c25f4ff08eb2cb8ecdf8aacba6248c6af679c2af77ee4a4b742a1d0b8e8
352651266,Michele,Smith,07/28/1954,"9499 Maple Ln, South Michaelberg, NE 23957","PO Box 5436, New Lindachester, IA 29928",Citizen,michele.smith56@example.org,(404) 584-4615,7c0059e1a47a33238252d9fcd784d2204e1cec57165c10c3a222cd0389553084
620128825,Marc,Butler,08/22/1968,"2375 Cedar Dr, Josephland, SC 75413","2375 Cedar Dr, Josephland, SC 75413",Temporary Resident,marc.butler96@example.org,476-407-6503,409b93e73226cb452ebee424a5873cd1ff791eab2c5b38844291605ac8c5beed
710600292,Nathan,Shaw,07/02/1995,"1821 Second Ave, East Jeffreyhaven, NJ 06520","1821 Second Ave, East Jeffreyhaven, NJ 06520",Citizen,nathan.shaw68@yahoo.com,853-826-3784,6f0012ea9bb228c1c5b133018fa5bce922fee479677b65f133cf3db7823dcabc
660244963,Stephanie,Jones,04/29/1988,"9693 Second Ave, Clineport, NJ 43400","PO Box 7114, New Stephenstad, WV 26803",Citizen,stephanie.jones77@yahoo.com,8053521083,7cdb6552fb078e22f3a57cb0f0792f1b2a22d2215156a0f7a30dba596fe641a0
143012678,Kelly,Mueller,12/10/1941,"8262 Main St, South Micheal, NV 65166","8262 Main St, South Micheal, NV 65166",Citizen,kelly.mueller56@gmail.com,2857711203,ed2e1da616610bab1448bed6106590d1f3f10646c827a953054d70760e8cda73
242498426,Whitney,Parsons,04/19/1986,"1487 Main St, East Adam, NM 54245","1487 Main St, East Adam, NM 54245",Citizen,whitney.parsons86@hotmail.com,6656743271,b1042a3c36fbc003b8348f4f53010bdd989da0923397e430d6c7c327752f64d9
497735939,Andrew,Weaver,08/05/1944,"23 Oak Ave, West Aaronfurt, MO 97242","23 Oak Ave, West Aaronfurt, MO 97242",Non-Resident Citizen,andrew.weaver77@example.net,(827) 755-4393,b94cb2effeb2849dda76c22c17c386a8a030816ef3c9c67eec7cce173db7b059
460449408,Jessica,Garcia,10/29/2002,"8434 Maple Ln, South Travis, AR 08351","PO Box 6089, Lake Joshua, NJ 06255",Permanent Resident,jessica.garcia61@hotmail.com,268-774-4354,0ce8cd209178725583c390cd3aa68f46bbb34dc5eedb968723dcd2427853664a
356229918,Samantha,Merritt,07/08/1949,"7840 Washington St, Haynesstad, VT 60592","PO Box 3793, New Codyberg, MA 84022",Citizen,samantha.merritt93@gmail.com,2645816656,5599070a6e836dbf2b86ba972585f927c943dcc0b69fd7248329edd79f8c5d3e
665521130,Lori,Jones,07/25/1965,"8715 Park Blvd, South Elaineberg, ME 31535","8715 Park Blvd, South Elaineberg, ME 31535",Citizen,lori.jones94@example.com,6682892313,4d45f0c67c798a3647cc0db93511c469e05ab531322586252657f2da2bbcc050
409637808,Kelly,Rosales,11/03/2000,"1792 Pine Rd, Haynesmouth, LA 42189","PO Box 2524, Nelsonland, NY 27070",Citizen,kelly.rosales90@example.com,8987543163,001249c7f292be9bb6ddce836d3de5d2d0298b20998c7c77e9f4d24281f29602
576591102,Derek,Carrillo,10/26/2005,"4777 Cedar Dr, East Danielmouth, CA 61587","PO Box 3906, Richardside, ND 47462",Citizen,derek.carrillo71@hotmail.com,5346979686,d3b43bb434d42e292c0e51643ee5dde7e237db7b98d955e65b8ce2eac3ae1133
709081834,Tami,Clark,03/31/1980,"2814 Elm Way, Stevenville, IA 12352","2814 Elm Way, Stevenville, IA 12352",Permanent Resident,tami.clark53@example.org,666.370.3634,f91229c8c0c2893021742fa3ce58c0a5899997970fd6c767f92a56d1db265b7d
288290663,Eric,Parks,08/02/1945,"2515 Pine Rd, East Marymouth, KS 19942","PO Box 5287, Lake Johnstad, OR 52437",Citizen,eric.parks61@example.org,235.881.6192,58bf82ae32b90c37b8e8de9acbfdb13a8f98c91d6c73079bbf5c807b75c417e1
581497073,William,Byrd,02/27/1993,"8744 Elm Way, Loriburgh, DE 04574","8744 Elm Way, Loriburgh, DE 04574",Citizen,william.byrd59@gmail.com,359.204.9948,713035582b3de5c6b93263c504202a524a9e020087cd548ea7d4180d8820d943
417351774,Stephanie,Bond,09/28/1981,"9400 Pine Rd, North Steven, OR 18823","9400 Pine Rd, North Steven, OR 18823",Citizen,stephanie.bond57@hotmail.com,241.342.2914,8054d9f2102a8441705840070be4b041f4c04c0f2e2b95390657d38cdcb02170
265764796,David,Brown,09/26/1967,"5856 Oak Ave, East James, MA 53006","PO Box 3297, Ginaland, PA 76827",Permanent Resident,david.brown99@example.net,(285) 751-8298,723b4b90df61539d3e8052471cde1937951d4c9ead47e9bd9740a3da72a6faf0
523509129,Brenda,Lowery,03/28/1979,"9883 Washington St, North Wendyborough, NC 85171","9883 Washington St, North Wendyborough, NC 85171",Citizen,brenda.lowery59@hotmail.com,(578) 595-7108,5decc0031fcd44aee67be465eddbf1818ec0af88d45f934a71ddb69455ffd1aa
477264595,Scott,Anderson,10/09/1967,"9192 Oak Ave, Davidmouth, IN 07138","9192 Oak Ave, Davidmouth, IN 07138",Citizen,scott.anderson78@example.net,945-634-7786,bed4fb568cc80260383cf84d12eeb51b7ead449c5ec4eedaf88e552bba3101e6
742028580,Gary,Berry,02/07/1989,"4969 Second Ave, Crawfordfurt, ND 90051","4969 Second Ave, Crawfordfurt, ND 90051",Permanent Resident,gary.berry98@gmail.com,6198545478,72c150dee92c911de51f6c01e36c080bf1475c6803973853029030447dac3d0f
596197535,Ronald,Gomez,06/18/1995,"3265 Pine Rd, West Joshua, MO 19982","PO Box 8137, New Christinebury, AZ 85341",Citizen,ronald.gomez87@example.net,(957) 674-4678,c2eadebc0fda3852367ee21397339bc6942618cede75d2ec66908b052d306c16
265381977,Kenneth,Jenkins,04/12/1950,"7743 Oak Ave, Brownview, TN 50703","7743 Oak Ave, Brownview, TN 50703",Citizen,kenneth.jenkins94@hotmail.com,3229835541,a7309ea5fccbcfb2b487721bcba955e53094155a69299638b8b59e8236fa53ca
171645238,Derrick,Gonzalez,04/16/1975,"9521 Second Ave, Lake Virginia, OR 71759","9521 Second Ave, Lake Virginia, OR 71759",Non-Resident Citizen,derrick.gonzalez94@example.com,950.789.1287,4b7e34067c03bd7f781f485966c047dc45034a56b6ed8310018adb660276bddf
162825060,Laura,Mayo,05/20/1966,"2220 Maple Ln, Timothyfort, HI 45594","PO Box 6017, Paulburgh, NE 03917",Non-Resident Citizen,laura.mayo53@example.net,854-278-9419,d973df42ac59648651707bfdf09759ca88a9ca474fae260f7d1f03ef5f9c121a
296760502,Luis,Robinson,01/10/1954,"2739 Park Blvd, Brianfort, MA 69894","2739 Park Blvd, Brianfort, MA 69894",Citizen,luis.robinson69@example.net,904.571.2570,f8604bd88b0044862073ef4981f998b542703073ccde41f49a3d0a91e8788724
113848767,Michael,Silva,07/01/1982,"6112 Second Ave, East Craig, NE 86597","PO Box 2771, West Amanda, CT 97108",Citizen,michael.silva62@yahoo.com,7387442867,7c510332b19645acf7fcba94cecc5736fa7db84c1249c45c0613941b91b88bf7
182034227,Brian,Davies,12/21/1995,"285 Second Ave, New Meghan, MN 51412","PO Box 6040, Savannahburgh, FL 23582",Citizen,brian.davies88@yahoo.com,(550) 376-5991,3e037e19a85e4c8987cf1ee5991eceabf6009263a10acb7f7bffdef1ec139bf0
227342442,Joel,Stewart,06/18/1945,"2333 Cedar Dr, Robintown, MD 92703","PO Box 2233, Staceyshire, CO 19126",Citizen,joel.stewart57@example.com,(695) 975-8065,65af6e184067e14ca6d286cb84ca306b828c601144fd32995c55f9907e977e30
135210907,Anna,Lopez,09/05/1961,"9719 Main St, Weaverburgh, NM 64783","PO Box 4245, North Brianbury, AZ 03113",Citizen,anna.lopez98@example.com,816-410-4277,5928af293f38a61925b2a5ec6e906e5a04cb3668f1b18308f0a907ac0f574b88
131416738,Alisha,Smith,10/19/1940,"4545 Washington St, Port David, MN 94471","4545 Washington St, Port David, MN 94471",Citizen,alisha.smith89@example.org,269-301-1229,48ffdd49478aac4fffeb4e54d22dcbf74fb4c1ba35bad16802bd4a7f4bd35bc1
402641424,Gregory,Lang,07/23/1959,"71 Oak Ave, Brianberg, IN 77389","71 Oak Ave, Brianberg, IN 77389",Citizen,gregory.lang94@yahoo.com,889.309.3963,a2fdbc9dae0ba4e896aeb0af5b817bc91c68cb30d21d9a9f2cffceb2d1f0eec9
555365152,Janet,Thomas,05/01/1987,"6678 Oak Ave, Port Aliciastad, WI 10007","6678 Oak Ave, Port Aliciastad, WI 10007",Citizen,janet.thomas58@gmail.com,(921) 495-1665,0679400481d0f775b62cc3acd6504d7624b7fcc14c4aea85c560137d5a21dbe6
224256201,Nathaniel,Mcmahon,10/01/1966,"9837 Elm Way, Willismouth, UT 40053","9837 Elm Way, Willismouth, UT 40053",Citizen,nathaniel.mcmahon68@gmail.com,271-687-7020,b56cda9d0f00e8a5da542f03b43d71a6e213d50fb2180e87b12775a0ba3146f9
280968155,Marcus,Daugherty,04/23/1998,"6495 Second Ave, Connerfort, ND 85590","6495 Second Ave, Connerfort, ND 85590",Citizen,marcus.daugherty75@hotmail.com,(304) 959-3764,4566b0a1a9adf08bde77404ebf0f9f0da7fad4bb97587ca8b159bdc3664ead9d
313767380,Logan,Mann,05/15/1954,"6624 Oak Ave, Jeffreyshire, IA 23484","6624 Oak Ave, Jeffreyshire, IA 23484",Citizen,logan.mann95@yahoo.com,974.859.7557,f6deee4c755defefa4c564b42f17aff60f6a77a7002e0604a6cecafbe7498a78
747643947,Nicholas,Gross,04/10/1964,"8380 Elm Way, Davidtown, GA 92514","8380 Elm Way, Davidtown, GA 92514",Citizen,nicholas.gross81@example.org,(337) 230-2631,8e19cc27c8a9c9f5ec61018594becc02fff94c213c97a80532160f4f79582b9f
634868281,Stacy,Myers,09/05/1991,"6270 Washington St, East Carriebury, UT 84340","PO Box 5060, South Donaldland, SC 31695",Citizen,stacy.myers92@yahoo.com,6774065809,8b46bb36c70e17e384d57b2a78e173e19289a477ca5df1ff37ed0e966186914c
380960951,Michael,Flores,04/02/1959,"8956 Main St, Port Jennamouth, WI 59041","PO Box 7151, West Jasonland, DE 46439",Citizen,michael.flores74@gmail.com,233-381-5965,943af6bbee0beb898513a843b6e1a18ab21bf1d9441fe04e0e82e1ae123033ed
244405651,Jonathan,Rodriguez,11/02/1972,"7987 Oak Ave, North Paulchester, OR 22303","7987 Oak Ave, North Paulchester, OR 22303",Permanent Resident,jonathan.rodriguez86@gmail.com,3607181913,5e06dcbe50e5822859fc5411b9e5019554d59a20996563d4c77a64c7cff9f086
734629857,Nicole,Snyder,05/25/1952,"5780 Elm Way, Bellfurt, MA 13795","PO Box 9774, Kramershire, AZ 85824",Citizen,nicole.snyder97@yahoo.com,(840) 549-7235,e7f4557ddfea67818443da355c8366a987a114908ca90a2321d34f98cd364da6
483718906,Katherine,Perez,09/06/2002,"4002 Cedar Dr, Joneston, KS 39155","4002 Cedar Dr, Joneston, KS 39155",Citizen,katherine.perez54@example.net,373.220.9821,6d701fc8d400b8f1b20a07886b9d3a1e35b28ba0f2e9f7b18bbf1a6ebb8ba605
806272779,Andrew,Green,10/13/1956,"8434 First St, North Matthewfurt, LA 21591","PO Box 7795, New Shellyland, PA 44796",Citizen,andrew.green86@gmail.com,300-700-2639,040bdf999e8d3ff6ee9dcc9f97d61ac64646dad95b8f99044449f6568cca6527
639843588,Brooke,Austin,11/15/1947,"5564 Pine Rd, Bushchester, SC 86174","PO Box 7243, New Pamela, IL 21092",Citizen,brooke.austin54@yahoo.com,4712485871,433e2487d9a856e95b35ba4410cb5c04e240dfe46acf3ebfe769ff81dc52fae2
770629385,Brian,Rivera,06/30/1999,"9474 Oak Ave, South Heidi, PA 95139","PO Box 1202, Donnaport, OR 31636",Citizen,brian.rivera63@example.net,867.509.9268,c0fff211b512cedc2bf4740605c335f621789c06ab317704c8b9dc961eabd002
679764298,Cody,Long,07/29/1970,"6592 Elm Way, Hernandezstad, SC 01001","6592 Elm Way, Hernandezstad, SC 01001",Citizen,cody.long51@hotmail.com,391-790-9178,36a02c13a102bce67b4c0772e48a9c9c937e92edb97e652adac0cc5a9b633125
984664477,Ronald,Phillips,10/27/1965,"4390 Park Blvd, Gonzaleztown, SC 27626","4390 Park Blvd, Gonzaleztown, SC 27626",Citizen,ronald.phillips96@hotmail.com,405-573-8577,46e551e852d9547603fcac21686b079ee042091f0b1f37a66376c5092019a130
901476885,George,Carter,10/21/1980,"7134 First St, South Meganport, MA 52597","7134 First St, South Meganport, MA 52597",Citizen,george.carter76@example.net,861-364-5201,f1c787c9d8edffdf74a22a754920f64e0a32aff9e7c5f40be0653166bd685beb
221932595,Thomas,Jacobson,04/05/2005,"4024 Elm Way, Christopherside, NJ 51294","4024 Elm Way, Christopherside, NJ 51294",Citizen,thomas.jacobson52@example.org,339.229.5233,4ec933af8964d4dd2a6b61bc65b7cda26e007e03cb4bad9f450bdf812ccc259a
288962695,Jackson,Mcclure,12/16/2003,"7961 Main St, Jacobton, AR 35011","7961 Main St, Jacobton, AR 35011",Citizen,jackson.mcclure54@gmail.com,8878732479,9bf6970a6fd9731e7c84fb7a9f39d3d3538b488f0091de2c417c6f979d70ac40
877640817,Scott,Baker,07/27/1986,"1834 Washington St, Anneberg, WV 99097","1834 Washington St, Anneberg, WV 99097",Citizen,scott.baker87@yahoo.com,292.443.3003,8b017d2ad53d7728f0df4cde120632f35df71982e8d66b489cff7aa58f9cc3bd
727415497,Heather,Davis,12/31/1940,"3866 First St, Lindseychester, IN 99651","PO Box 2969, New Bruce, IN 51239",Citizen,heather.davis66@yahoo.com,746.583.2850,396bc790baff0da55da538561cfba60050d5de5ceb875ff5aca369035beef508
609870729,Loretta,Barnes,10/30/1982,"2375 Maple Ln, Armstrongbury, NM 62925","2375 Maple Ln, Armstrongbury, NM 62925",Citizen,loretta.barnes88@example.com,878.255.4926,4664b47f51d2b9b6a0d54eca0cc7b467c5d103983724eb0ad49a44c97b3ba77c
432074523,Kent,Foster,11/21/1944,"5946 Oak Ave, New Ashleyhaven, OH 75406","5946 Oak Ave, New Ashleyhaven, OH 75406",Temporary Resident,kent.foster75@example.net,974-441-5872,78c477174c05f3eb6887ee8160de48265f03ae4e58a135e0dbadb8e05adb9d62
272042677,Erica,Oliver,02/07/1951,"5197 First St, Port Shaneburgh, AZ 28273","PO Box 1412, East Brad, WY 10772",Citizen,erica.oliver76@example.net,(302) 364-5275,042f6f29858b25ebe0e04f2c1fc673be76eb699b4a53fb3c9e16027477dbf665
746517065,Vanessa,Graham,08/10/1958,"5354 Second Ave, Port Brooke, VT 42411","PO Box 953, North Paulfurt, TN 72859",Citizen,vanessa.graham91@example.org,3456706,531bb70d66f911298d20cf607b3c0f61fdcb4cbf997912137af3ffad2f7c4a66
436856223,Mark,Hill,10/20/1997,"2586 Cedar Dr, Starktown, ND 92305","2586 Cedar Dr, Starktown, ND 92305",Citizen,mark.hill58@yahoo.com,527-662-8837,75add387c84c602120d2294aa03c29a731a299f9029c34a2f7fb95b766b019f3
838161934,Cindy,Mills,05/10/1978,"4617 Cedar Dr, Rodriguezberg, CO 19925","4617 Cedar Dr, Rodriguezberg, CO 19925",Non-Resident Citizen,cindy.mills86@example.org,(223) 771-4747,31a152febee90fbaaccccae2f5233d60529d721dbd58a948f462ecb7cc22610b
312886716,Ashley,Aguilar,08/09/1992,"816 First St, North Annaville, SC 37999","816 First St, North Annaville, SC 37999",Temporary Resident,ashley.aguilar73@example.org,3202149615,beb487d34a3d71742d1a2aa408b88290775dfe7060fd7fe699f8063ff64f3b4a
587165109,Mikayla,Beard,05/31/1963,"1942 Cedar Dr, Bakerfort, VA 75477","PO Box 4461, Johnsonview, ME 53319",Citizen,mikayla.beard77@example.org,4899444102,bd04eb8d79d4f95b05c60db83256cf000164d300bff830b24dad550376e89df8
950901243,Douglas,Franklin,09/16/1981,"4290 Cedar Dr, Williamsmouth, SC 91008","4290 Cedar Dr, Williamsmouth, SC 91008",Citizen,douglas.franklin91@gmail.com,6803366296,168cd238cddabe6d506617edd1a42b1086e9395607afe921c4ef3379d3dc6ab0
865938642,John,Reese,10/08/1969,"9785 Elm Way, Pennytown, CA 44785","PO Box 1062, Larryfort, AR 91751",Citizen,john.reese72@yahoo.com,(812) 926-1745,e5dc2b7e776b97ac9a4602a42e31b96e62bcc2bff90adc09b9fec109125c6176
567890123,Gail,Compton,05/02/1972,"6077 Pine Rd, East Kevin, OK 97982","PO Box 3038, Schroedermouth, KY 35814",Citizen,gail.compton71@gmail.com,5249279690,ccea2e311cf4152ce85ca7293051e460f27f503e539c36da15ae3bcbc9b5f3f1
225458204,Jessica,Jacobs,04/09/1996,"8180 Elm Way, East Scottchester, WV 97618","8180 Elm Way, East Scottchester, WV 97618",Citizen,jessica.jacobs66@yahoo.com,4707296128,c999efcbde12166bf9f41552ca50fb95e68c4e455d3d5d3e75f2e9eb221ac110
438811626,Todd,Black,09/02/1963,"2479 Park Blvd, Lorihaven, TX 21337","2479 Park Blvd, Lorihaven, TX 21337",Citizen,todd.black53@example.org,6814663679,36301cf2ea51d5449da29bd9cde70c50a3bb5146094fb2900ed4cf1660de2389
631406400,Cameron,Mckinney,10/05/1975,"9190 Second Ave, Taylorhaven, NJ 75038","9190 Second Ave, Taylorhaven, NJ 75038",Permanent Resident,cameron.mckinney57@example.net,490.384.3757,6dd712eedc9b1f3aa6f11e2cd321c9bf1cac3832aa8c09a25a0ec80b4f60465d
812038659,Anthony,Lee,05/24/1955,"68 Park Blvd, Port Brian, WY 04835","68 Park Blvd, Port Brian, WY 04835",Citizen,anthony.lee99@gmail.com,(536) 226-5657,0f94965a7a08e402b84e0d1901b49e1dcdcb1256e9940c64e09866a9136f8d07
733871129,Stephen,Hull,03/25/1998,"5301 Pine Rd, West Micheal, AK 61347","PO Box 7961, Reidville, NJ 89783",Citizen,stephen.hull92@example.com,244.871.8423,701ffcca3b5b13f4b9db9cdf87fe7411ed30c0cf8be637528bbaa9e70d42fcb8
888469616,Anthony,Watson,09/06/1956,"2119 Cedar Dr, Thompsonfort, AR 77424","2119 Cedar Dr, Thompsonfort, AR 77424",Citizen,anthony.watson97@example.com,8165902516,cec962fe58a5d3f998b589bbbde78b3f29c6b3b0295beac5174b1734c3166b60
357784072,Andrea,Cooper,12/16/1971,"1462 Main St, Kaitlynland, IN 37865","PO Box 6692, South Brandonshire, ME 28592",Citizen,andrea.cooper59@example.com,642-953-6080,0e4917d88e86f26f1bd0a605e97532c1a25b8a568a0627091951bba5af134f6e
203198935,Mercedes,Holland,10/02/1961,"3275 Second Ave, West Denise, NH 67777","3275 Second Ave, West Denise, NH 67777",Citizen,mercedes.holland77@example.com,5778284053,a823874987c89d3298243538221187dfbe1b30ae3db06ba0302190c4b9ac12eb
199801582,Andrew,Deleon,01/31/1977,"7595 Cedar Dr, South Rhondaburgh, TN 79293","7595 Cedar Dr, South Rhondaburgh, TN 79293",Citizen,andrew.deleon90@hotmail.com,(497) 679-8165,67374a47dfcde4c940b3d2e319546e76ee660bb8f8a007173ce1e46f0831430b
612831297,Lauren,Walker,04/12/1996,"4922 Cedar Dr, Jenniferview, ND 56050","4922 Cedar Dr, Jenniferview, ND 56050",Citizen,lauren.walker52@yahoo.com,6356222548,e11d9bd4715d1e10c82bcee1434f5cde94572c257a3e00705e8b92590f33c13c
710398824,Paula,York,11/09/1975,"4176 Washington St, Kingmouth, CO 40103","4176 Washington St, Kingmouth, CO 40103",Citizen,paula.york79@example.org,6022462364,fa1d6f2318b23e3994b0d238b4420fcdd48f74546cd57ad59cc5f43251371fef
419596584,Erica,Holloway,10/13/1942,"7455 Second Ave, Silvatown, SC 67546","7455 Second Ave, Silvatown, SC 67546",Citizen,erica.holloway61@example.org,(964) 818-5248,950e14623f08fbe75d4591439eb312e064cc686730beec5b4ead611e276f6346
119236325,Yvonne,Levy,12/11/1931,"7818 Second Ave, Annaport, VT 39622","7818 Second Ave, Annaport, VT 39622",Citizen,yvonne.levy96@gmail.com,831.569.7471,f916e439b36058382055c0fe1af8688ff2e0dcc62e8851874088b80758a1ff49
245077501,Gabrielle,Olson,06/09/1935,"3084 Main St, Vanessamouth, IN 36792","3084 Main St, Vanessamouth, IN 36792",Non-Resident Citizen,gabrielle.olson90@yahoo.com,508-988-8592,ef522964a0fa9a0c5890d550d0530175bd46771b72f9ddd986bd55b0329938b1
123425640,Jose,Dawson,01/26/1994,"7296 Second Ave, Jacobhaven, NM 31997","PO Box 7464, Port Meredithfurt, PA 87078",Citizen,jose.dawson75@example.com,3058458074,a72a7ba5169e6baaa2056a5c550fa1bf94f11c84269fa472cc0f6fb0b186f027
891431808,Luis,Taylor,02/27/1942,"9082 Elm Way, Lake Tylerport, AZ 34504","9082 Elm Way, Lake Tylerport, AZ 34504",Citizen,luis.taylor89@hotmail.com,(699) 437-1994,43a3804091ff926f6897730a99a95f4fd39eac9b4348c8244720395791062b37
439141517,Rebecca,Sullivan,09/19/1983,"6835 Second Ave, New Jeanshire, DE 25393","6835 Second Ave, New Jeanshire, DE 25393",Permanent Resident,rebecca.sullivan94@gmail.com,4949434149,c836a3d4bc1bfab00b2da4258cd2a389c821f8dbb9f81725b133e13c1501fec8
349218819,Matthew,Reeves,01/09/1955,"5557 Washington St, Knoxstad, VA 66995","5557 Washington St, Knoxstad, VA 66995",Citizen,matthew.reeves95@gmail.com,8898686902,01217da5cb4597c9f4224ba51207c12eacd3518c43c67f47b77f4baa2ec22ae8
273973824,Kevin,Jackson,05/28/1982,"1413 Second Ave, West Connor, FL 17270","PO Box 2661, Jessicaside, RI 24496",Non-Resident Citizen,kevin.jackson81@example.net,770.248.1297,23e5171b11ad85f3dd74076070ba178a3fa142ecc0e3517d26c1b2c6139283d3
483372937,Stacey,Lam,01/26/1992,"8249 Main St, East Michaelport, CA 55613","PO Box 1967, Nathanshire, SC 39042",Citizen,stacey.lam81@example.net,563.987.1764,1bd60c352abebb3ec0874dddcbb77a096b0932f56b58cdc89302e1e7497c2f2c
841027438,Steven,Wilson,07/13/1953,"1707 Main St, Port Cynthiashire, NH 81851","1707 Main St, Port Cynthiashire, NH 81851",Non-Resident Citizen,steven.wilson56@yahoo.com,(304) 775-1687,7f761fe99efef533f911014de288e741211c6f23b4e6ab7d91ceb802c556ffa6
226765260,Charles,Preston,04/20/1975,"2573 Elm Way, Port Erinhaven, VA 39607","2573 Elm Way, Port Erinhaven, VA 39607",Citizen,charles.preston56@example.org,542-341-3014,a727387d83e8da76b0e06035691cdf56f98cd8dd010d473cdde3a183f7b87ff9
546407987,Robert,Pitts,02/26/2007,"4020 Second Ave, East Victoria, MI 45415","PO Box 2905, Benitezmouth, CO 19273",Permanent Resident,robert.pitts76@example.net,4513559677,244550494bc3ef0b34588c99a1986da692db93eafdd9b38ee454809b951107c1
248170281,Leslie,Baldwin,08/28/1970,"6707 Second Ave, South Marvinburgh, ND 41580","6707 Second Ave, South Marvinburgh, ND 41580",Citizen,leslie.baldwin59@example.com,729.271.2389,fe61ca84b39edb0ab37f7a667d7deae6d8890717eab23d2d284dd019d98139e6
929328811,Cynthia,Smith,03/25/2002,"6444 Main St, Jasonburgh, TX 76035","6444 Main St, Jasonburgh, TX 76035",Temporary Resident,cynthia.smith90@hotmail.com,7325027869,567fec715d5030f0dfe6c434ee2b8ddc7ba0dd04befe447f2066fda050afcadd
852467956,Kathy,Burns,06/10/1980,"5140 Maple Ln, East Christinachester, AL 53374","5140 Maple Ln, East Christinachester, AL 53374",Citizen,kathy.burns59@hotmail.com,8594109919,ef685ac2903f748f96d357b09da46ea5e25e2a6c2612015ff8ee08cf3c2f748b
971696978,Roy,Woods,06/16/1971,"3233 Elm Way, North Amandastad, CO 02346","PO Box 5580, Katherinehaven, MO 25480",Citizen,roy.woods58@yahoo.com,490.418.2520,37e2aca2ef1fc0c9a3e2a602bd6d1572442daa51fb6545e9784c659c9a750f3d
912872297,Andrew,Smith,08/23/2005,"457 Park Blvd, East Heather, PA 45635","PO Box 5079, Davidfurt, WA 66474",Non-Resident Citizen,andrew.smith96@example.com,465.842.9314,0c032bb466cffd8cf8878e0794c72084ac8832dd7b7e84b2be32ed957eef6808
912350050,Brianna,Jackson,07/21/1996,"7353 Elm Way, West Stacymouth, OR 95899","7353 Elm Way, West Stacymouth, OR 95899",Citizen,brianna.jackson97@yahoo.com,842-881-9737,82e3e565a787a7090e061526d079887f9720c2a821c4f58eab18935d360e5399
405517657,Abigail,Warren,08/12/1943,"9385 Pine Rd, Barronberg, VA 45423","9385 Pine Rd, Barronberg, VA 45423",Citizen,abigail.warren83@yahoo.com,(997) 569-8443,1497561a4c0adcbf63f7a72ffd478177baefa6698e4fde2096d566a5171cf072
557083443,Wendy,Henry,05/23/2000,"1512 Main St, East Stacy, NV 53374","1512 Main St, East Stacy, NV 53374",Citizen,wendy.henry73@hotmail.com,8027729502,b8cd1400bbfc9ec9444feb6e52293bacae399cb0f94dd780f06c37b5b8340007
727391402,Andrew,Walker,10/04/1969,"7211 Second Ave, East Jessica, WA 77793","7211 Second Ave, East Jessica, WA 77793",Citizen,andrew.walker58@gmail.com,(332) 921-9408,bf5e353c3a65c14b30c2ecda6b635fca52483d07199eb9fb5a892073473e39e2
589016791,William,Martinez,09/03/1993,"9160 Maple Ln, South Nancyview, DE 70589","9160 Maple Ln, South Nancyview, DE 70589",Citizen,william.martinez86@example.net,356.320.7086,4dfcdbde98f876d92723e4712ebf6c6ec752214ce46fce20f880104f5e1833a3
425623035,Cindy,Wheeler,03/27/2005,"2341 Pine Rd, Lake Danieltown, PA 06823","2341 Pine Rd, Lake Danieltown, PA 06823",Citizen,cindy.wheeler68@example.org,(957) 700-1034,baf238ff1b9afbca3ec6e3720b21d8e7e5ff80977805715b8c1891a24fad7c20
172546866,Hannah,Butler,04/13/1970,"7884 Washington St, Martinezview, MD 62681","7884 Washington St, Martinezview, MD 62681",Permanent Resident,hannah.butler80@hotmail.com,3359803269,4a2c9bb4aa308d655f6600d99c511a3b714e1a3c031da14104690b7de3f6dbd0
816422822,Jacqueline,Harris,06/12/1942,"5329 Oak Ave, West Robertville, SC 87333","5329 Oak Ave, West Robertville, SC 87333",Citizen,jacqueline.harris75@example.net,(886) 653-5544,20afde1560232c18c7c4d8555b362a0011796021155ffa962ba2fb2a0a3d5c9a
859359486,Abigail,Dean,03/20/1951,"5061 Park Blvd, South Maria, TN 14252","PO Box 9264, West Danielville, CO 65740",Citizen,abigail.dean86@example.com,(734) 393-8796,11017342fdfeab9f113cd820c4491b8be6c2c6d0ee6d1e4678624ba8a63dbb12
671079725,James,Gonzalez,01/16/2006,"4505 Cedar Dr, Marieborough, KS 47414","4505 Cedar Dr, Marieborough, KS 47414",Non-Resident Citizen,james.gonzalez55@yahoo.com,6118031737,b5b874f2f6f13c54bde1967c64a630ffe9600bfff10a48c0081fe641b891846e
124978726,Jade,Phillips,07/21/1991,"6799 Main St, New Tylerborough, ND 90705","PO Box 4313, Riveratown, CO 02172",Permanent Resident,jade.phillips60@example.net,461-986-2468,8e26fe3fa542ae729270dc9fabd0ba98ac5ce2ef590023932108e2796c96aee4
537309736,Emily,Meadows,06/17/2002,"5330 Pine Rd, Hernandezland, AK 67571","5330 Pine Rd, Hernandezland, AK 67571",Citizen,emily.meadows59@gmail.com,(464) 584-2981,72e64a7d68ae0c638806298028fa6a38ca33dfcfc7e15a0769c0022aec2634d4
907597452,Charles,Cummings,07/12/1986,"8077 Park Blvd, Dawnmouth, WI 39301","8077 Park Blvd, Dawnmouth, WI 39301",Citizen,charles.cummings70@gmail.com,2676951473,da9a6b66d27c480f46d2572b04133355e6f9014a2298d6e4578605f71da73e35
119996117,Joseph,Williams,02/27/1955,"1664 Cedar Dr, Port Benjamin, WI 38586","1664 Cedar Dr, Port Benjamin, WI 38586",Citizen,joseph.williams76@gmail.com,851-712-4333,ceb180bd79053b5120593e9cdc1313ef629a8466e77424ce837b30be880522ea
280590847,Michael,Rhodes,07/10/1959,"6943 Park Blvd, Rodgersville, NH 99880","PO Box 7712, North Melissaburgh, SC 43579",Citizen,michael.rhodes50@example.com,6934795110,4d84710b1ebeafde7d5377e4b721d27fe3b88623bc51e2f13e197fc200d54f06
778827038,Michael,Kim,12/17/1961,"4610 Main St, Natalieland, HI 49341","4610 Main St, Natalieland, HI 49341",Citizen,michael.kim75@hotmail.com,3439425578,4b7d43fcf2d16a41ff69ab293b7aa97b8d70ae2ec88c96fb97fbee98f9394392
642046610,Lisa,White,03/10/1979,"5614 Elm Way, Rossmouth, WI 36130","5614 Elm Way, Rossmouth, WI 36130",Citizen,lisa.white70@example.net,813-536-1260,5f0d44618f994b94c378e790b7f96de67ae2294a25a0f8c2684c4cd71d082c64
102198503,Mary,Vaughn,05/12/2007,"157 Pine Rd, Marshburgh, NE 15319","157 Pine Rd, Marshburgh, NE 15319",Citizen,mary.vaughn75@yahoo.com,(864) 866-2270,5cda750a1478727b790f650d3ac4cb9dc87095536c90be0d939c8fdd35b58585
976234101,David,Barber,06/08/1947,"2023 Maple Ln, North Robert, MO 77931","2023 Maple Ln, North Robert, MO 77931",Citizen,david.barber99@hotmail.com,327-673-7069,58fe215c4acbf83fe4b4efe2ad17f51e8169efbe4dce26e508fd0b995ed0383d
337856110,Timothy,Carroll,07/10/1982,"5863 Cedar Dr, Whitefurt, CO 47503","5863 Cedar Dr, Whitefurt, CO 47503",Temporary Resident,timothy.carroll64@example.org,5712375599,258e2e9d8bce1d356b3d92791fe015660e68ff125442524ae29b6e4be88d4f57
859101116,Cheryl,Huffman,02/08/2007,"3213 First St, South Samantha, DE 15303","3213 First St, South Samantha, DE 15303",Temporary Resident,cheryl.huffman85@example.org,(779) 888-3875,80d6db67cef11801ff702c2f08cec77715ab97ca68532fac1ae88b6f4e85898d
900982881,Paige,Alexander,06/14/1984,"9338 Cedar Dr, West Dianatown, ND 92850","9338 Cedar Dr, West Dianatown, ND 92850",Citizen,paige.alexander51@hotmail.com,(829) 458-8437,696fbaa54ec2507c40b673f9dd8bf5923434143fbcdb7dd479069904e6ebe93e
788232308,Miranda,Warren,06/05/1949,"850 Maple Ln, Lake Morgan, NV 68540","850 Maple Ln, Lake Morgan, NV 68540",Citizen,miranda.warren83@gmail.com,729-977-1712,c3ab31ecac5c2d76028bc97f7a399ad880b4f3cb0b338c159ac0bcb78259533c
551038208,Alexandra,Haynes,05/17/1979,"85 First St, South Dorothybury, IL 63668","PO Box 9468, Elizabethfurt, AK 19985",Citizen,alexandra.haynes94@gmail.com,455.401.3694,c8d68f6df14b9b9fe1d6fc71b189581c80c0238ee9c9e2adb366733030630e01
772156679,Mary,Grant,03/30/2005,"7864 First St, North Dawnburgh, AK 66766","7864 First St, North Dawnburgh, AK 66766",Citizen,mary.grant66@example.org,444.548.1891,b730641fb6006282f17687ef9a6b3e4d6b18b413f5f142ce9bd5d5f32e2d7eac
354201569,Melinda,Christian,12/02/1953,"7185 Oak Ave, North Karen, SD 42527","7185 Oak Ave, North Karen, SD 42527",Citizen,melinda.christian52@gmail.com,(910) 266-3089,c08488822fabd7020e5acecb9ee85ac900cec723d84847c7e72aa27d1576abb7
574506277,John,Cordova,12/14/1952,"7076 Oak Ave, New Jeffreyfurt, CT 53359","7076 Oak Ave, New Jeffreyfurt, CT 53359",Citizen,john.cordova74@gmail.com,(970) 620-4819,c86e0f87900a254b6827c1b1508d3012487f91628f54d99cc11d542ce6b0a380
598440715,Lisa,Miller,02/07/1952,"1660 Maple Ln, Solismouth, TN 12037","1660 Maple Ln, Solismouth, TN 12037",Permanent Resident,lisa.miller71@yahoo.com,305-212-2106,09588a7627f5ed7b59d72968df4b3c78ff150419885f9c1b00401caa3045629a
235271742,Melissa,West,10/02/1984,"5823 First St, South Julietown, NM 13954","5823 First St, South Julietown, NM 13954",Citizen,melissa.west52@example.com,798.646.9407,b41bd8da31542454b3064e32d19022788509c7c7567fa067af1b28e7dd16cba3
681048625,Richard,Johnson,07/09/1994,"7693 Elm Way, Port Christopherport, RI 67129","PO Box 6142, Lake Emily, AL 45177",Non-Resident Citizen,richard.johnson59@example.com,772.255.7915,5a14de393173703af21e8a3ce24ccaf5b3837886627e8361efdbf76917754705
315147688,Michael,Brown,09/09/1989,"1121 Maple Ln, Port Shawn, IL 73921","1121 Maple Ln, Port Shawn, IL 73921",Citizen,michael.brown88@hotmail.com,792.779.6499,6434ba93ace841b9f135233f90975912bd3d3c8348c58a996de09ecadd64b0db
274246814,Katrina,Greene,12/17/2003,"8126 Cedar Dr, Jenniferville, AL 13272","8126 Cedar Dr, Jenniferville, AL 13272",Citizen,katrina.greene63@example.org,986-539-7158,a390ea3976967301b4e57980cf8b8f763cfa5499bf3800d98858dd458bfa5a87
987001282,Katherine,Walker,03/13/1975,"163 Oak Ave, Michaelport, MN 72287","PO Box 1987, Jacquelineton, GA 22017",Citizen,katherine.walker87@example.net,230.403.4241,2aa8de8366e8e86df1b6e68e3d6e736ac1a37a4c16d0f5632f4537870e4f77ae
381319126,Travis,Underwood,04/04/1977,"9086 Cedar Dr, Rodriguezborough, ID 25082","PO Box 2984, Port Philipmouth, KY 25480",Non-Resident Citizen,travis.underwood93@example.org,313.546.4444,22ff642676a0fba6d2626d99b958d0d5d9b7b4ae58ff0594e3182f93819fd585
496898624,Jennifer,Rodriguez,06/14/1948,"2808 Park Blvd, Williamsshire, SC 16651","2808 Park Blvd, Williamsshire, SC 16651",Permanent Resident,jennifer.rodriguez59@example.org,396.745.7196,d662a6cc578a5c322585c39cbd526ce670ae6cd2d170e191c477d119ba4b5c8b
561215232,Kelsey,Hayes,10/21/1985,"757 Washington St, South Adam, PA 96998","PO Box 8873, New Savannahshire, ME 63799",Citizen,kelsey.hayes53@hotmail.com,329-720-9011,1cbd3fa3b472f5b52996488141d8d8223c6b5797df45c7f7aee9a3df9aa141a6
942527868,Sandra,Norman,03/21/1948,"1063 Pine Rd, Lake Beth, NC 96248","1063 Pine Rd, Lake Beth, NC 96248",Citizen,sandra.norman73@gmail.com,3835297125,66c5112359bd8c8b6245888284a2f7cc0608704a52a1dce6268caba728e09be9
631278888,Lisa,Garcia,08/09/1955,"6570 Washington St, Williamfurt, TN 55376","PO Box 3696, West Raymond, IL 45440",Citizen,lisa.garcia63@example.net,586.785.3575,9950ffec938cc0a56c379ead4839806cdf844dbd121f707b45e4b5ac4f260a34
191009197,Tara,Chavez,03/16/2000,"4835 Second Ave, East Robert, ND 92253","4835 Second Ave, East Robert, ND 92253",Citizen,tara.chavez89@example.net,678.642.7700,8bc09e78a91856719d5bf1a24f1d82285885b1a0197f12214dc5e6febbcd7ace
440398089,Olivia,Hunt,07/12/2005,"2943 Second Ave, Jenniferside, IA 83414","PO Box 1343, East Jason, MN 94136",Temporary Resident,olivia.hunt82@yahoo.com,(280) 483-4731,3084d672e77b889fa46bc73dae85cd3a3266955dcdbc910feb4e8e58277a3c97
486801418,Kelly,Reed,10/10/1989,"5469 Cedar Dr, Lake Debra, UT 23807","PO Box 5059, Jenniferstad, WV 74200",Citizen,kelly.reed67@example.org,341.970.9898,b2d3247e8676bd886789c610212ff2414183c2115c3ae201a2b32326b0ede741
180389480,Timothy,Duncan,08/24/1976,"6617 First St, Craigside, PA 37978","6617 First St, Craigside, PA 37978",Citizen,,979-352-7512,08abd59f7edbefc06aceb2d2011eb7f27e1da1c1c69abe8507998c80126bfeb3
904379808,Natalie,Henderson,10/11/1986,"8452 Washington St, New Danielfurt, OK 19549","8452 Washington St, New Danielfurt, OK 19549",Citizen,natalie.henderson55@example.net,639-988-7843,93a6d3d88162d2c30438eabf0aa2017040ba7b30641670785387748fcf5942d3
699627706,Brian,Brown,04/12/1995,"9462 Pine Rd, Karenburgh, MD 38068","9462 Pine Rd, Karenburgh, MD 38068",Non-Resident Citizen,,5635474694,708955949d3cb0cb014030bba18995b107d7801da34c31e70e548aac270c5c83
908126208,Frances,Thomas,10/18/1945,"8809 Elm Way, Lake Kristenborough, MA 99276","8809 Elm Way, Lake Kristenborough, MA 99276",Citizen,frances.thomas58@example.org,5387817404,6a46f1a692a1c8270d8aea42dfacd5bad2833a6f6325c47d1e1bc14fa88e985c
519442371,Amber,Howard,01/28/1973,"3086 Second Ave, Garciaside, CT 29901","PO Box 7497, Youngport, SD 91325",Citizen,amber.howard56@hotmail.com,(232) 905-9005,5e86acb7963535d9e0a4fd8da97f34d4fb9dd4a5e523e129574a48f2b491d311
174615426,Elizabeth,House,02/15/1973,"4651 Cedar Dr, Butlermouth, IA 72869","PO Box 8691, North Juliaborough, CA 81839",Citizen,elizabeth.house50@example.org,(620) 600-3572,86c75dea1c9e215cb55942ea9d2b18a6850f72e3a3851ea13560bcaf1cedc30c
549267758,Misty,Dalton,07/29/2001,"6374 Cedar Dr, Greerstad, FL 99474","6374 Cedar Dr, Greerstad, FL 99474",Citizen,misty.dalton92@gmail.com,7885174325,ae3cb7d8dec8af288fd57b7418c1d5d6ea0a0b9a95336d7338407fa353c6838c
107992185,Brianna,Rodgers,10/04/1967,"1049 First St, Port Jenny, RI 25863","1049 First St, Port Jenny, RI 25863",Citizen,brianna.rodgers81@gmail.com,240.954.2492,8eb1df6ed4153d09a086ab53f1be3d23a2afde8bc2db7a5bad692afafb6ddae5
589955505,Kelly,Thompson,11/25/1943,"4874 First St, East Sydneyhaven, SC 16144","4874 First St, East Sydneyhaven, SC 16144",Citizen,kelly.thompson61@yahoo.com,(668) 593-4005,1de71eacebe9a36af0870c39e5fa01913bb4d81d1dd447c47062f3a6437c1ce7
146884366,Nicholas,Patterson,07/29/1993,"4486 Park Blvd, Davidshire, ME 33926","4486 Park Blvd, Davidshire, ME 33926",Permanent Resident,nicholas.patterson63@gmail.com,980.766.2986,47d8c0283d7b722f4a5c2124a03aa8fe2976ddba377f58bd579282e59d6ae9c7
212984008,Adam,Owens,07/01/1978,"6720 Second Ave, North Eric, HI 42788","PO Box 8391, Port Sarahport, AZ 64798",Citizen,adam.owens94@hotmail.com,590-551-7542,6f90a9c26dbb4b58f88d5bd5837318bc5f55c4cdfe8a0d6691f2c6e22fd39ad7
111529159,Kristy,Pierce,02/17/1944,"2237 Maple Ln, Port Jasminehaven, TX 29331","2237 Maple Ln, Port Jasminehaven, TX 29331",Temporary Resident,kristy.pierce85@hotmail.com,648.343.8713,0e309800f214685ee0671120a86a9a5100adc8818c7053702cc817eb1dcb4334
283168644,Susan,Meyer,04/16/1953,"1647 Pine Rd, South Amy, ME 53377","PO Box 6503, West Jeffreyborough, HI 87445",Temporary Resident,susan.meyer93@example.net,(566) 382-4549,98eb027c494390fda7a9696436c293f386de644cb06330ddad3a0c0b98294b55
671551491,Martin,Ward,03/28/1945,"783 Park Blvd, Port Christine, TN 62741","783 Park Blvd, Port Christine, TN 62741",Citizen,martin.ward94@example.net,8122041797,59bae6875aa73128e2f9cf70c9b59be6d3cb378f810e3742e19f886703f7adba
368113097,Wendy,Colon,05/06/1986,"3277 Oak Ave, North Elizabethmouth, AK 32003","3277 Oak Ave, North Elizabethmouth, AK 32003",Citizen,wendy.colon62@hotmail.com,425-298-3750,52db08779298d4ab6e05743cfe4842f8ad004b93a129607d3152fe4fe12527bf
650292797,Rebecca,Austin,05/25/1978,"5287 Park Blvd, North Felicia, SD 42566","PO Box 3493, Moonville, OH 51078",Non-Resident Citizen,rebecca.austin64@example.org,5313771245,2820584daa43f14799765fc1c5b4f63c249cba7f73ab0f4e82e438e5cd53b314
112864905,Jonathan,Ramsey,08/02/1966,"3607 Oak Ave, New Lynnstad, TX 67912","3607 Oak Ave, New Lynnstad, TX 67912",Citizen,jonathan.ramsey54@example.org,(985) 813-9185,a0e771444c7a83d82185001f2a5cb5c5581b42a5bd4a1faf2d898bb820b73696
949608711,Leah,Griffin,09/05/1956,"2810 Elm Way, West Rachelborough, CT 42485","2810 Elm Way, West Rachelborough, CT 42485",Citizen,leah.griffin93@hotmail.com,3798506209,ac328ff5eeb828eb43084c5e044850d2330fa7deec19eefd75174b5a6fca8b38
118950252,Willie,Vaughan,04/05/1955,"7355 First St, Port Amanda, NC 01461","7355 First St, Port Amanda, NC 01461",Citizen,willie.vaughan50@example.org,977-327-6060,5c4ff5449246c3b6c2ab200dd4f41705f6dd71a938c4ce89f43aadfa7409fedd
913086431,Courtney,Clark,08/15/2000,"982 Pine Rd, Port Gina, MS 14122","982 Pine Rd, Port Gina, MS 14122",Citizen,courtney.clark91@example.com,942.812.8270,6e983253b253ccb9b05561c58dc95b90f80a5f47f76d982373cd74ae8c467941
440954543,Jamie,Poole,03/11/2004,"8534 First St, Lucasland, TN 98397","8534 First St, Lucasland, TN 98397",Non-Resident Citizen,jamie.poole96@example.net,410-752-1885,b8802ff2589013e4dcb84a763a044ff8d3a6c955d1b325d294a3188c16b4c6f3
847622862,Gina,Johnson,03/11/1953,"6251 Park Blvd, Benjaminland, MA 07614","PO Box 199, Port Johnathan, CA 09733",Citizen,gina.johnson62@example.com,(344) 409-3057,a7535a5ff57d2c15a0dc3e07ca263da3cb43a3e74764935aa90bcfdb119e08fd
689320084,Bailey,Perez,05/30/1989,"3872 Park Blvd, Rickeymouth, CO 83104","3872 Park Blvd, Rickeymouth, CO 83104",Citizen,bailey.perez62@example.org,820.454.5966,29160075001bc5819d4049f6e8915970273ba8efbba2fdcd90eb3f74025f2db1
782474359,Richard,Stewart,07/29/1964,"1311 Maple Ln, Nunezside, MT 01274","1311 Maple Ln, Nunezside, MT 01274",Citizen,richard.stewart89@hotmail.com,3596931324,825addee272f47e5f8b053d4d81f9cf4b55615afdd3472577c25769e8b1fa516
189370596,Darlene,Montgomery,10/23/1980,"9752 Park Blvd, Lake Melaniestad, GA 66408","9752 Park Blvd, Lake Melaniestad, GA 66408",Citizen,darlene.montgomery69@gmail.com,(775) 820-8878,6038aa255d2208497f06e8b05a1cf0cd049e3d74e35a5c20e31ff8fc631cea1f
867578697,Daniel,Buchanan,11/11/1993,"3107 Main St, Catherineport, AL 57868","3107 Main St, Catherineport, AL 57868",Citizen,daniel.buchanan75@gmail.com,9605827292,e6df63621a1a22a5f0f3643e8c5287e0de0071f79d0c7daa6e57028fb0eca2bc
731691986,Patrick,Short,04/05/2004,"2040 First St, South Ericbury, OR 18376","PO Box 7248, Roblesside, KY 39164",Citizen,patrick.short72@yahoo.com,(850) 905-7032,1709aaf70014b598211f7bd9d7a79608669e3be70d93a876ff129ff558b98b5d
555309840,Susan,Thomas,01/01/1986,"7828 Main St, Susantown, MS 73052","7828 Main St, Susantown, MS 73052",Citizen,susan.thomas91@example.org,666.897.3414,0e7450118432803d1bca847cb70738513a61a956035f4ecee7e47f2b08eda4b2
720989768,Nancy,Thomas,04/06/1993,"203 Oak Ave, North Ashleyfurt, WY 70906","PO Box 6397, West Jasonstad, MT 28253",Citizen,nancy.thomas55@yahoo.com,633.369.7993,f9107d6d58334e19846b45375efe491ec786564717d885eb105e4246eaa37d7a
637565427,Robert,Brewer,09/01/1948,"6272 Washington St, East Jack, MD 81357","6272 Washington St, East Jack, MD 81357",Citizen,robert.brewer55@example.com,995.552.3338,d93db6d8e6822408934970e7e9132774cba86ef42f09737abb7c51c83be9edc7
123456789,Mary,Lee,02/08/1980,"106 Pine Rd, Lake Lauren, NY 07629","PO Box 1244, Newmanland, WY 38597",Citizen,mary.lee91@example.net,374-380-7138,6a53ec31a718e86fcfdc3ec9ce3e4b631018650e6684b089922e5a3b8ce16af2
312622922,Emily,King,08/27/1962,"1807 Second Ave, Lake Beverly, OR 43866","1807 Second Ave, Lake Beverly, OR 43866",Permanent Resident,emily.king61@example.org,618-651-2789,2bd900165f3823369a1cb777e47d1399540d6ab4b6457892dbf633d1acae35d3
192027258,Michael,Lambert,12/01/1982,"1053 Maple Ln, North Justin, AK 09650","1053 Maple Ln, North Justin, AK 09650",Citizen,michael.lambert56@example.com,(969) 207-1685,1fecff546a4670727324f17925a87729e3b5bfaff50e4698cc5f6120881db880
950174327,Rachel,Stewart,04/02/2010,"7962 Second Ave, Murphyport, WI 91393","PO Box 7136, New Ashley, MI 41963",Citizen,rachel.stewart70@example.org,(881) 608-7200,84ed5611d62516585372b3413d40221e575e6005b0908bc608a458879dac11b7
454608877,Susan,Jackson,06/20/2007,"7487 First St, Johnbury, WA 93850","7487 First St, Johnbury, WA 93850",Permanent Resident,susan.jackson57@yahoo.com,916.969.5072,ebb6d2ccd9bccb02414bc7821971f6d946702978118c7e5b28609307b4a02c4f
836785419,Jodi,Graham,02/10/1965,"8437 First St, Dennismouth, TX 63409","PO Box 5378, Griffinport, AK 64329",Citizen,jodi.graham97@example.net,4398218938,4f8df9e0f8903c360e0846dd321031d8e06b4de06354bb26c2b7a4691e96bef0
952508471,Andrea,Thompson,05/10/1969,"7801 Oak Ave, Port Juanberg, WA 71098","7801 Oak Ave, Port Juanberg, WA 71098",Citizen,andrea.thompson83@yahoo.com,933-716-1520,0e3eb7b82363f2b42a9c639d60a6e2e90441d6b086b80f6570181e6ff2357fdf
193512060,James,Gross,05/13/1947,"8991 Second Ave, Lake Charlestown, HI 66977","8991 Second Ave, Lake Charlestown, HI 66977",Citizen,james.gross84@example.org,(374) 971-2465,e165040d4e0e2c5439b8ff98b43a13ae6ee6587a85d111b547b8af11aa53c94f
868546986,Crystal,Hess,06/15/1978,"6284 Elm Way, Hammondborough, IA 05305","6284 Elm Way, Hammondborough, IA 05305",Citizen,crystal.hess92@example.com,(747) 848-9060,43051b9deaded42374b6ee5b3b1739a69bcf6f8644b65a7792087a41e20ec8cb
457342476,Andrea,Stephens,01/27/1956,"9842 Oak Ave, Valdezberg, TN 48449","PO Box 6352, Walkershire, TN 96606",Citizen,andrea.stephens77@example.org,(318) 497-2436,a38e139f36a6c683e04c03b0843ae414c6a1ccd078417216730411d842f9edc4
895193026,Mercedes,Anderson,11/12/1990,"1903 Washington St, South Michaeltown, MS 87359","PO Box 5234, Port Tamara, MO 80983",Citizen,mercedes.anderson@,7483947359,a29cb47cd1d0ea8e050db90d75bd34ca8962326fb986acabf2553f2eed45668e
491941366,Gabrielle,Todd,05/31/1996,"8516 Washington St, South Erik, PA 74734","PO Box 6576, Lake Jessica, AL 47529",Citizen,gabrielle.todd59@example.net,711-896-8467,c371bf61dcef7d6801835441620906a1150e215f8f802fe45881f1598cbb1e35
256627467,Billy,Juarez,09/05/1944,"563 Washington St, North Joseph, MA 31174","PO Box 2122, Lake Jamiestad, LA 51369",Citizen,billy.juarez80@hotmail.com,(706) 498-7171,d766ad40069cf3a66a156ce493229be4532ddab36b70e94ed86c9fd534ec7f98
457711236,Terry,Gibson,06/11/1943,"3451 Cedar Dr, North Tinamouth, VT 14030","3451 Cedar Dr, North Tinamouth, VT 14030",Citizen,terry.gibson81@hotmail.com,8753631353,ea6a3ae263a3a36dbe9ae6903ad0ee30c95aa5b3ba8c4fb5bf0a389be424496d
827888175,Jane,Boyd,06/30/1976,"6413 First St, Maryview, CA 76343","6413 First St, Maryview, CA 76343",Citizen,jane.boyd62@hotmail.com,603.299.3144,e2a42d2f1ce6867309f4af52579d48e856531bd71fb3b8eab66f4988fcbbdc6f
723182231,Amy,Thompson,11/21/2002,"4982 Second Ave, Diazland, TN 68221","PO Box 2353, Nicholasbury, NH 68182",Citizen,amy.thompson59@example.org,966.400.1149,9d042ee82e7718f5900c9bc5c03fd9c39229956ef29350b2b4b4ab4590c5d002
718133944,Richard,Roth,07/03/1994,"6170 First St, Tommyfort, UT 79696","6170 First St, Tommyfort, UT 79696",Citizen,richard.roth80@example.org,3207276545,b1ae57e5be9f1bbf4728a380178b1ba0a93f6925c51c03118d304513f3a97573
773206644,Adam,Macias,10/06/1985,"557 Oak Ave, Martinland, KS 67942","557 Oak Ave, Martinland, KS 67942",Citizen,adam.macias61@hotmail.com,9949082468,2891c58f107ef81f8d9b08597f4d9e7b469cf71cc522fcff2fcdd4f98f7a184f
798266050,Dawn,Lewis,01/06/1951,"7293 Maple Ln, East Michael, AL 94519","PO Box 1453, Lake Jerrymouth, DE 94906",Permanent Resident,dawn.lewis82@example.org,786.786.8856,512d38ea8c3ec86f7a3d62a70defba545ce9b89a178c66c0266e3a88043cb2ad
201525763,Daniel,Leonard,07/01/1991,"6291 Second Ave, Clarkburgh, TN 85338","6291 Second Ave, Clarkburgh, TN 85338",Citizen,daniel.leonard70@example.com,(750) 389-7640,ca527303e79534f758d6850b25541073dc13f3c426dac51591e76e46f0e5ecb6
977744045,Martha,Johnson,03/10/1960,"8005 Oak Ave, East Ashleyburgh, ND 18159","8005 Oak Ave, East Ashleyburgh, ND 18159",Citizen,martha.johnson91@example.com,412-874-2922,1cdee3b4780b6b0ebf8111348940a16d41fdfd8718a510b3bab931b7f21d738d
846482380,Crystal,Williams,12/23/1957,"7328 Maple Ln, North Gabriel, DE 24098","PO Box 9522, Greeneshire, IN 84075",Citizen,crystal.williams66@example.com,327.718.5891,a20752939b3948abea6b3c6eef5d9bb296ec8ca3c3fc6e2835218847ef470070
284257535,Andrew,Ball,09/12/1948,"2 Cedar Dr, Staceyborough, MD 59378","PO Box 8610, Dillonburgh, ME 29253",Citizen,andrew.ball86@gmail.com,735-560-9818,56a1d18d344849f8f9750e6bcbbde5df89d3f9328ba261dcf5918c701c8a225a
811479581,Maria,Burke,06/22/1986,"602 Cedar Dr, New Donna, GA 35172","PO Box 3626, Lake Gina, FL 59938",Citizen,maria.burke72@example.net,837.632.2218,9a631796cd44c3f4c848dc360f7c0e57109ea704755cbc1413946b8137ce4209
797684086,Candace,Jones,11/08/1971,"7473 Oak Ave, Cruzville, KY 02671","7473 Oak Ave, Cruzville, KY 02671",Permanent Resident,candace.jones63@example.com,475.848.4156,816d5857fc86419cc8ce4be9986837acc26f22a2c105d2bac778c2925fdd7368
795538929,James,Heath,06/22/1953,"2688 First St, Serranoville, GA 23756","PO Box 7204, Valenzuelaton, MO 70156",Non-Resident Citizen,james.heath54@example.net,3129009984,fa977e5b646630a20bab402e548277c28ef6344e16ee307037739390783cc020
787385349,Wesley,Wilson,10/28/1977,"4477 Pine Rd, Hopkinsside, IA 00658","PO Box 1704, Boydstad, MO 06194",Citizen,wesley.wilson56@example.com,(945) 513-9021,b33f8a51e6f924d19935b561752c5d5a5bc8f2905a0ebdf3ff99785cbc976df5
852108407,Heidi,Patterson,06/12/1982,"9037 Elm Way, Clarkefurt, RI 46444","PO Box 885, South Dennisfort, HI 30976",Permanent Resident,heidi.patterson61@example.net,8947447597,d2b9450d0379575ceb41ae21e4b1052a31643317dc835c6156550fdbd199c3d1
378164668,Renee,Miller,11/14/2010,"2071 Pine Rd, Scotttown, MO 93450","2071 Pine Rd, Scotttown, MO 93450",Citizen,renee.miller90@example.net,4558947852,d5eb7b11f5cdf1bc6619aa3b978548b9f815b11e7f3d9a640946926f96663e1e
480106125,Julia,Smith,09/08/1962,"4700 Elm Way, New Adrianborough, NV 90647","4700 Elm Way, New Adrianborough, NV 90647",Citizen,julia.smith64@example.net,289.512.7660,b56cc6b39f76fdf7c10437e18e9a5dc4ee3cb312718772e63126ba4939c52343
781478902,Linda,Ortiz,04/04/1942,"3933 Oak Ave, East Ronaldshire, HI 33745","3933 Oak Ave, East Ronaldshire, HI 33745",Citizen,linda.ortiz81@example.com,634-893-9334,d95916a80b3901b56d104d3be7b933c60304b97b71ec6dfc5669bb8a260068c4
652989375,Jose,Herrera,01/11/1947,"8723 Oak Ave, Cherylfurt, MT 99456","PO Box 3215, South Andrea, WV 73581",Temporary Resident,,747-967-6653,c8ffdf236ecb7fbe61146f62efa96e1f3fdf3a54698518da19e7dcb185eac2fd
809930293,Timothy,Wood,05/13/1960,"9982 Main St, Kingport, RI 76214","9982 Main St, Kingport, RI 76214",Citizen,timothy.wood98@yahoo.com,379-276-7013,d182cfc9eeaa89c41d7e15cfb40751a5affb555ba9762682c53887b015e5f648
154660511,Maxwell,Thornton,09/25/1973,"2794 Maple Ln, Port Michelle, DE 16109","PO Box 4192, South Krista, OH 21707",Citizen,maxwell.thornton68@example.net,4714181036,ca93821e5137fb84d425388c8d4701a6334d2b5f24373ef8144cb5075502e6dd
427297760,Craig,Romero,01/23/1950,"8447 Main St, Laurenton, NJ 21569","8447 Main St, Laurenton, NJ 21569",Citizen,craig.romero50@yahoo.com,(505) 562-2755,bfeb0e6e03c6d19ffd817dc3a8ed8031e344e0edc5bbcb93aadb51a22b21249a
875707160,Paul,Fields,12/09/1975,"146 Oak Ave, Port Dustinchester, NV 12053","146 Oak Ave, Port Dustinchester, NV 12053",Citizen,paul.fields59@gmail.com,699.207.3549,fd1655ec34d10ed7e3cffd680cc6dca0416fd8a4b33d6f8d112eb1b1f6547450
524513309,Caleb,Walker,01/17/1975,"7018 Pine Rd, New Benjaminfurt, OH 53014","7018 Pine Rd, New Benjaminfurt, OH 53014",Citizen,caleb.walker78@example.org,965.644.1095,d2adf1a5a3de1a6f811f6b327e56b887f21ebab7235b61b649b59817625527f5
861518573,Christina,Meyer,09/27/1990,"4668 Main St, Port Lorifort, FL 58037","4668 Main St, Port Lorifort, FL 58037",Citizen,christina.meyer60@hotmail.com,(690) 881-5354,4212cfa8d129c7ccb492e46001b7f15c6eb3dd8809c6c17b462163d6cfd2f0d3
690690799,Alex,Jefferson,08/01/1946,"2088 Maple Ln, Jameshaven, WI 68109","2088 Maple Ln, Jameshaven, WI 68109",Citizen,alex.jefferson97@gmail.com,310-221-3066,c0cc326e1199402ded24a3b4a6bd8e835f02088c628f400816deffd8f362aa69
114655448,Holly,Gilbert,07/12/1986,"853 Maple Ln, West Johntown, NV 21137","853 Maple Ln, West Johntown, NV 21137",Citizen,holly.gilbert68@example.net,979-639-5059,671c9903ea4e6807a6083f047f312e2b24f623468df1677077c2fd8e701889cf
300639654,Christopher,Hill,06/05/1997,"4318 Cedar Dr, Gomezfurt, TX 53644","4318 Cedar Dr, Gomezfurt, TX 53644",Citizen,christopher.hill56@hotmail.com,825-385-4091,d29de433ce3b13c75845b4ff8ed7942ef4f21eb14c50b9c2b26936c060d16462
242051544,Brenda,Holmes,03/06/1983,"3149 Pine Rd, North Andreaside, NV 76907","PO Box 3370, Michaelview, CO 30162",Citizen,brenda.holmes83@example.net,4364276507,02897245a9d14802ea971fe5c0dff009120784dcf67f02da0422b8f7fda2b8bb
647461968,Catherine,Lee,02/10/2003,"4986 Oak Ave, Andrewsview, LA 23443","4986 Oak Ave, Andrewsview, LA 23443",Citizen,catherine.lee65@example.net,(386) 241-1008,c64a25fa9cc210a0c7856f5e2d369b6a290f7c0462b8ff010285f6bc565bf68e
445357898,Richard,Rodriguez,05/24/1965,"4591 Washington St, New Kellyville, CT 67778","4591 Washington St, New Kellyville, CT 67778",Citizen,richard.rodriguez71@example.net,885.213.3134,539ac3bf63a9aeab6eae599972296e8e3f362c48ee0fcafd4aee6222ed3d441d
969768720,Sue,Walter,11/29/1954,"8665 Washington St, Heatherfurt, MS 74316","PO Box 4621, Carrillomouth, IN 60643",Permanent Resident,sue.walter56@example.org,816-323-1672,08a33bf7eba1ddfc53e8cbeb2441d8d8f7c71f3ace38a359f1016b9041479094
578641679,Erin,Mosley,01/10/2001,"8956 Washington St, South Darrenland, MI 50658","PO Box 7869, Lake Jacqueline, WI 41884",Citizen,erin.mosley52@example.org,763.928.5137,42d571ee6b1b47747864ea3a39eb6924326cf95d561efb48e8bb574ddeb6e3c6
581554115,Robert,Gomez,03/18/1997,"7146 Oak Ave, Lake Marilynbury, NM 38156","7146 Oak Ave, Lake Marilynbury, NM 38156",Citizen,robert.gomez51@example.org,(913) 332-5745,fc927077dbae912ff0b8400f3aa360438525c0d8e44cc2a5e0810a68d195a0c6
165276405,Christopher,Nunez,07/02/1945,"3117 First St, Charlesburgh, NY 62964","3117 First St, Charlesburgh, NY 62964",Citizen,christopher.nunez60@gmail.com,5937757393,aa9dd4029b6511ac2a5dad92234766f3030ae53e3224ce60d0c1f313188f657b
322183597,Lee,Robinson,05/23/1993,"9370 Cedar Dr, Ianborough, PA 65905","9370 Cedar Dr, Ianborough, PA 65905",Citizen,lee.robinson79@yahoo.com,737-465-5971,7785329585bff057c326862b6c8a1e04db885c65f5a4c0ff3cba7520598ba0f4
388315411,Jillian,Young,05/24/1992,"3669 Main St, Port Joseph, OH 30543","PO Box 740, Port John, SD 81581",Citizen,jillian.young58@example.net,252-857-5079,652ffa94ae18dadafc7fdcddff64d819493a704005316aff01c28a051c91b649
101503196,Michael,Maxwell,12/26/1950,"9915 Maple Ln, North Emmafort, MA 80956","PO Box 9099, Port Mercedeston, KY 63715",Citizen,michael.maxwell89@example.net,258.840.1170,5ec8f8eb9915d43566deaa90c00d41624109a854c22ac8dd4ce785bb54e8dc85
400314642,Nathan,Stewart,05/05/2006,"8805 Washington St, Travishaven, CT 37236","8805 Washington St, Travishaven, CT 37236",Citizen,nathan.stewart66@hotmail.com,764-411-8244,a226d4808da76f6b72dc22e20966f152bf302ae19956d3ae3447d173daca8b85
318955963,Raymond,Christensen,04/07/1972,"2551 Second Ave, North Alicia, IA 55967","2551 Second Ave, North Alicia, IA 55967",Citizen,raymond.christensen80@example.com,670-389-3885,ecdd8b36bd838d8accd227a33d5ef1e8dca0a2d03f1cfcdc9731c88b4cd47110
883273181,Timothy,Fernandez,06/10/1982,"345 Elm Way, Phillipburgh, HI 60426","345 Elm Way, Phillipburgh, HI 60426",Citizen,timothy.fernandez62@example.com,6364518455,fe5c68caf6494a74cb8bf7b3f0dd1d08fdaeea01cceecb1c66adf89107df61eb
665624165,Tiffany,Wolfe,09/08/2006,"9885 Oak Ave, Stewarttown, MO 02050","9885 Oak Ave, Stewarttown, MO 02050",Citizen,tiffany.wolfe91@example.com,988-285-5385,acae6802b9db5819f7d325fddd2de6ff2bf021c197a2d32c9e1af244e76b5922
743855523,Emily,Gray,02/23/2011,"8887 Maple Ln, West Michaelview, VA 25031","PO Box 2381, Joelfort, NM 80859",Citizen,emily.gray60@example.net,358.449.1915,0319b7b3c7b6f44397b2b5b79c3f3961fbe13e20932963ec4d06184e06113fca
232151333,Matthew,White,10/01/2003,"1685 Park Blvd, Clarkstad, ME 48352","PO Box 6904, Ramirezburgh, GA 75396",Citizen,,432-637-7314,12443ef8c5e1199abd37b12f10b1f4a033c9d9d29c63829b7743491d311954fd
407998770,David,Johnston,05/06/1946,"6304 Oak Ave, Port Cory, NY 35883","PO Box 1904, New Ryan, IA 50424",Citizen,david.johnston72@example.com,(321) 569-2389,639e28cf3c37b5bcd0bee977c56b7a26d778e35ee990a8e0a59236a47c176ead
291198819,James,Marsh,09/14/1977,"9825 Pine Rd, South Linda, UT 23649","9825 Pine Rd, South Linda, UT 23649",Citizen,james.marsh89@example.net,306.477.9179,b8d4f61655905a79b21c3b3411375aed703f2a874e5f526fba9025643ccb0adc
970503340,Robert,Taylor,11/22/2000,"36 Pine Rd, Kristenport, WY 33396","36 Pine Rd, Kristenport, WY 33396",Citizen,robert.taylor96@gmail.com,315.791.8003,ab34968c82ad1085a1ccf3251e0a81022895d1e5875640d2903acd5d5056808e
446875956,Anna,Bradley,06/06/1991,"6309 Maple Ln, Garciaburgh, MA 08370","6309 Maple Ln, Garciaburgh, MA 08370",Citizen,anna.bradley88@hotmail.com,8694517278,1fdcc9993563c75fb6b7ed45d6d9f1f6b9c08ce4bd563bc69e7548103e8a463c
678475440,Jason,King,12/22/1959,"8786 Cedar Dr, South Julieview, MO 47813","PO Box 7011, Annview, ND 45608",Citizen,jason.king97@example.org,440-570-1046,ae85fd6bd58ad4c836add5384f7b26fd020c92b9d72f2c617138ea15c9d48d4e
118419668,Andrew,Martinez,03/24/1965,"2189 Oak Ave, New Barbara, AR 85583","2189 Oak Ave, New Barbara, AR 85583",Citizen,andrew.martinez99@example.org,347-764-7898,51f253d6abd42f53a98e394e4f77bd1ad8949c71028949c134a497a35a74c679
341148670,Amanda,Krause,05/20/1995,"1921 Pine Rd, Michaelhaven, MO 64397","1921 Pine Rd, Michaelhaven, MO 64397",Citizen,amanda.krause53@hotmail.com,795-275-8812,69550c13165e40322e6f1a708086e00d4105fb4937264f85ed71decf066839b9
492177998,Kim,Griffin,10/05/1985,"1263 Main St, South Christinamouth, OR 83300","1263 Main St, South Christinamouth, OR 83300",Permanent Resident,kim.griffin80@hotmail.com,7409155907,674fb5a25a7ff0f62a3e79832c571db44c654b242a25ebdf825a300017641ebb
462212833,Sue,Oneill,11/22/1949,"217 Elm Way, Robertshire, DE 53555","PO Box 626, North Fernandobury, RI 41589",Permanent Resident,sue.oneill50@gmail.com,896.665.5227,cbbe028705c607d1a5a14502d3ca14289affbfaeae67d2fb4ba99235828d2dd6
554912473,Logan,Carter,05/11/1983,"1507 Park Blvd, Catherinefurt, MO 36054","1507 Park Blvd, Catherinefurt, MO 36054",Citizen,logan.carter89@example.com,3889632264,5e9b0d618f181117548d2dccf0257757e2284529f26d2470331220b5c54bf784
800831233,Pam,Norman,08/11/1973,"2701 Main St, Juliehaven, MS 59521","2701 Main St, Juliehaven, MS 59521",Citizen,pam.norman54@example.net,543.228.4924,d0bcf69c77f2e27f1750e178954d42079c3d89841d533fbe0ec62df868ae76e9
214315434,Robert,White,03/05/1954,"180 Elm Way, East Jessicaview, IL 98002","180 Elm Way, East Jessicaview, IL 98002",Citizen,robert.white67@example.com,(778) 245-8926,781a6c8eeef7f218d67dcd0c418e734a37278a5b496f49bc3c0867e37f4780cc
200084477,Jackie,Miller,12/26/2006,"5844 Elm Way, South Dakota, MT 08862","5844 Elm Way, South Dakota, MT 08862",Citizen,jackie.miller72@example.org,(299) 539-7672,802b5e4182a398f025a442d4ee117bc8493b09dc6958864b669e389437d2429a
932214536,Sharon,Kennedy,01/25/1955,"6261 Second Ave, North Kellihaven, PA 11412","6261 Second Ave, North Kellihaven, PA 11412",Citizen,sharon.kennedy93@gmail.com,840-295-4794,ef609af98d8a4656d1198142742691e095c41acbcc938ad7f6a8816f9f9c2c10
802463538,Dalton,Montgomery,04/13/1943,"2639 Park Blvd, Lake Sarahfurt, ND 41050","2639 Park Blvd, Lake Sarahfurt, ND 41050",Citizen,dalton.montgomery99@example.net,334.547.5765,a1c089865e41623309d4c814e09300cf17cf1eb6518c84a9cb2e3f8141dbf6b2
562676904,Jerome,Rojas,10/20/1943,"6351 Cedar Dr, Simsberg, IN 69542","6351 Cedar Dr, Simsberg, IN 69542",Citizen,jerome.rojas86@hotmail.com,299.215.3336,2d760444369804fcdcc6cdb0b4ba2cfb090c7db745817eab6beb1c3aa9ce5fe5
956183507,Mary,Johnson,12/04/1999,"8175 Oak Ave, Michellemouth, NJ 62911","PO Box 4943, Proctorside, HI 36206",Citizen,mary.johnson72@example.com,927.990.8548,f1a462db7e1ee5c72e79f1a208e8a2f00affefc2a010d2a49e78aa05121cedf1
374906146,Amy,Taylor,02/02/1968,"2302 Oak Ave, New Carla, OR 83213","2302 Oak Ave, New Carla, OR 83213",Citizen,amy.taylor76@yahoo.com,332.651.7008,0dc833b6cbac54237ded6f0510f259d2f2ae078105f3b5cfcaec4004b003a509
832507637,Kaitlyn,Wiley,05/14/1967,"4307 Main St, Millsside, SC 41088","4307 Main St, Millsside, SC 41088",Citizen,kaitlyn.wiley94@yahoo.com,1866607,7b5030ce70c18e8cda64865a082be012dfd22d90ce9bcb0a8f3146d56f205a69
269872191,Regina,Olson,03/13/2001,"3655 First St, Port Christopher, NJ 40853","3655 First St, Port Christopher, NJ 40853",Citizen,regina.olson84@gmail.com,3849492775,2bdd4ee4f906b0a06d289d9bb0f42b7b80e5ac822636f87a6a3f03c973b79899
314180354,Michael,Green,12/17/2001,"5199 Maple Ln, Alexhaven, RI 99892","5199 Maple Ln, Alexhaven, RI 99892",Citizen,michael.green67@gmail.com,359-681-3384,a1ca62a558218760e9c3d9c1c420b1399cb720673a177282e0bca758d6cfa42f
133633082,Melanie,Cooper,08/17/1973,"1023 Maple Ln, Nicholsfort, NV 99522","1023 Maple Ln, Nicholsfort, NV 99522",Citizen,melanie.cooper51@hotmail.com,(458) 850-3885,b2e436a599f9f8a8dacc0aa46a402770abb18dc5698ec8f010e3b6c337bce46f
394103594,Thomas,Smith,12/24/1980,"7397 First St, Yatesbury, ND 01447","PO Box 4350, Jacobside, ID 57793",Citizen,thomas.smith77@example.net,504.368.4253,9a6d5e9e79d11677b13ecbcbff9824faa24739c775d8e7b0095d71996eb48a58
617141182,Ralph,Martin,12/12/1945,"2633 First St, Claytonbury, MN 34970","2633 First St, Claytonbury, MN 34970",Citizen,ralph.martin85@yahoo.com,940.883.3369,0a7699f3e453d9f5c9ec248b22c7540b49d5c0ca6088c305c46541e904c0f9ce
984230489,Christian,Garrett,02/06/1941,"5186 Main St, Justinside, GA 35736","5186 Main St, Justinside, GA 35736",Permanent Resident,christian.garrett70@example.com,(890) 616-5305,b5522d4b874d7d1a7794b578698546056de112ed17260cf28e2e4928468a4e29
993901688,Robert,Castaneda,11/03/1950,"7362 Washington St, East Keith, CT 83979","PO Box 3174, Williamsonview, NE 92313",Citizen,robert.castaneda88@gmail.com,414.395.1235,cbe139d1e967aec64ecd9e32a54ce10cc7aa8e6a60c76c40df8f9d32ab725dbf
117385244,Cindy,Lopez,03/16/1980,"8227 Oak Ave, East Brandonside, VT 03401","8227 Oak Ave, East Brandonside, VT 03401",Citizen,cindy.lopez72@example.net,(636) 735-6502,e6715e7c59f9f209e58f8a4fe061acc172ca9ab19baa25a0c0cd5f5ef044e55b
592658048,Jacob,Garcia,11/16/1991,"9057 Washington St, Davidmouth, HI 95804","9057 Washington St, Davidmouth, HI 95804",Citizen,jacob.garcia94@hotmail.com,(490) 918-2625,0643e2bcc33f6752bf3cd1a19e3811aa324dd88c1b32216883f1c550d2af9d5d
211467331,Alan,Davis,04/09/2006,"6739 Oak Ave, South Jeffchester, NY 41339","6739 Oak Ave, South Jeffchester, NY 41339",Citizen,alan.davis90@gmail.com,2338835749,61910344191185506e349fc52d4921347750e06de31420bf458b892a4c7b6a99
934168821,Kristi,Jimenez,07/22/1973,"1876 Cedar Dr, Steventon, NM 43787","1876 Cedar Dr, Steventon, NM 43787",Citizen,kristi.jimenez79@gmail.com,(860) 920-7484,2fe07e50968f424f1b64a4df56b020c4a35a8fb376a95b4541e3da6a6be638b8
939876620,Christopher,Christensen,04/20/1982,"4385 Elm Way, North Joseph, MD 51936","4385 Elm Way, North Joseph, MD 51936",Citizen,christopher.christensen65@example.com,(624) 233-1254,aa213f00533f28f1837f237e9c4a07743a92e690280f283f90b31ab7dc9ce0ef
502015103,Charles,Harrison,03/09/1961,"9830 Maple Ln, Port John, MI 50515","PO Box 9474, North Theresabury, NV 50937",Citizen,charles.harrison62@yahoo.com,252-791-8030,be6a31d037aa27c8707099ea778315b2cac6e3aef2069d16f70cbbb65b11da06
519201365,Kelsey,Ramos,02/28/1992,"6605 Maple Ln, East Stevenville, ND 68807","PO Box 3884, South Paul, CT 41409",Citizen,kelsey.ramos57@hotmail.com,601-980-5263,f303849f03fa8a6875adeb871e7e0417a7dd731552f2e62d70ad6e5aff52eaae
318788403,Sharon,Moore,06/11/2005,"7167 Main St, Lake Sharonhaven, SD 16510","7167 Main St, Lake Sharonhaven, SD 16510",Citizen,sharon.moore84@example.com,2259603138,1a6caafa2dd4c8a95f331018a88946ecffc62653511de99ee06547539146b998
934930639,Jon,Little,03/28/1986,"3634 Elm Way, West Paige, IL 87886","3634 Elm Way, West Paige, IL 87886",Citizen,jon.little74@example.net,(481) 284-3355,71452bab97ed744bdd4f88e58ddf11e6f24977f81a5a99a146ffa81c8b32b12e
722077234,Jeff,Rodriguez,10/16/1997,"7523 Washington St, Nguyenburgh, DE 36689","PO Box 4727, South Kristinatown, KY 06005",Citizen,jeff.rodriguez81@example.net,4126002649,8a98823d36c5932944970a7fc5d4cfdcaa6ebc5d309444882b756f47a18ac122
544255455,Bianca,Vazquez,08/12/1951,"1251 Cedar Dr, West Kelli, UT 33101","1251 Cedar Dr, West Kelli, UT 33101",Citizen,bianca.vazquez78@example.org,(210) 382-1515,478e7ed741ba27a41a7c87e656c5e37c1a58cac5363bf1e6fdf91d461d3db0e8
472356185,Eric,Davis,08/29/1952,"9831 Park Blvd, Sarahton, AL 08335","PO Box 4269, Deannaside, DE 14577",Citizen,eric.davis51@yahoo.com,(356) 421-6978,5b330cd47d418e1670cebd0db4f001cc3f4e52707bb4a26dbccd51aef850fef4
131672825,David,Hall,01/11/1988,"1368 Pine Rd, Lindamouth, LA 96601","PO Box 3364, North Hannah, CO 47446",Permanent Resident,david.hall68@gmail.com,7076469399,d205ca35abbe0f82a3e63f76e00e36a2eca096ab9d250d53fca69904ec367e4a
368535479,Jennifer,King,02/08/1946,"4606 First St, South Jasmineside, CT 39129","4606 First St, South Jasmineside, CT 39129",Citizen,jennifer.king63@hotmail.com,656.633.5451,5a64735503f9227e920fa95d03e930649f0415ba52097b05326ab8f59b0eb8fb
752078737,Amy,Henry,10/29/1989,"9293 Maple Ln, New Michael, MS 96498","9293 Maple Ln, New Michael, MS 96498",Citizen,amy.henry52@yahoo.com,619.500.9691,f924069c74fb2da03915d2d9b933d31d2cb7cfc252b08b8741edccff1238f8e8
223104450,Taylor,Dillon,10/18/1978,"7036 Pine Rd, North Amanda, MN 59402","PO Box 3625, Loriside, TX 48619",Citizen,taylor.dillon70@example.com,282888,2770c868c8b5deabee05d3e496dda82ea804c3f025fd225ff9aa9d653f493cfe
329536397,Shawn,Parsons,11/24/1978,"3812 Park Blvd, Grosstown, CA 81730","3812 Park Blvd, Grosstown, CA 81730",Citizen,shawn.parsons56@yahoo.com,8228872225,e079f6cd53169b41b5a33da488fd94eb84d1aed50a7683725d9e6650506cf73f
234567890,Melissa,Parsons,01/10/1979,"3247 Cedar Dr, West Jennifer, AR 86784","3247 Cedar Dr, West Jennifer, AR 86784",Citizen,melissa.parsons76@example.com,3758156355,e6a6633ef36bc2e77489247f6ade0f2e64d0e50b3a3f325183e8e406876af6ed
122837088,Tammy,Fuentes,12/31/1949,"9434 Main St, New Felicia, NJ 72782","PO Box 6699, New Justin, AZ 54214",Citizen,tammy.fuentes52@example.net,2716812558,85bad11ea4bbf188e19753e4540916fa5b92371c6b692c270595cfcdaf93cd84
394928476,Danielle,Rodriguez,09/20/1976,"6560 Oak Ave, North Maryberg, OK 23915","6560 Oak Ave, North Maryberg, OK 23915",Citizen,danielle.rodriguez69@hotmail.com,705.856.2989,15d405e08a276f6a99fd2b7a891d193af63c3b4e6baa418bc7445f20b3d60493
210320118,Morgan,Harris,06/15/2003,"171 Pine Rd, Leeton, CT 75344","171 Pine Rd, Leeton, CT 75344",Citizen,morgan.harris64@example.org,(941) 577-9807,6571e15495352b567e0bd5d32afb6f6f420df677828393e6b7da6c67c04a1971
156361762,Darlene,Price,11/18/2003,"1816 Main St, Foxshire, MD 34047","PO Box 5495, West Jeffreyland, VT 02216",Citizen,darlene.price67@hotmail.com,(341) 797-8548,878080035de3a4157eb901ed888b172f8ea9966829d216b787b2fb3a149610fa
258915379,Sarah,Clark,09/01/1970,"7321 Oak Ave, Hebertland, ND 61850","7321 Oak Ave, Hebertland, ND 61850",Citizen,sarah.clark67@example.net,694.431.2504,e45416b37a3418c9c9bb82abb74db7c55556d4ce4a901fb3b3dfa6d7cb4b5f69
863839938,Laurie,Brown,08/21/1957,"3972 Cedar Dr, Shortton, VT 81363","PO Box 8203, Allisonland, AR 40334",Citizen,laurie.brown79@gmail.com,307.548.4418,217a68a0b89ca0f03ff6e4da50ffaf276ace820c344d00f7deac288bf9a1d8c7
434820002,Christian,Lewis,12/15/1948,"2524 Park Blvd, North Jessicaside, CT 51007","2524 Park Blvd, North Jessicaside, CT 51007",Citizen,christian.lewis78@yahoo.com,(998) 609-4079,644b8470c72234dfcccb358deab359957493e1ca7ebe3a0628b28b8b3232eee1
276304457,Jake,Fox,12/16/1955,"1673 Pine Rd, New Colleen, NJ 23949","1673 Pine Rd, New Colleen, NJ 23949",Citizen,jake.fox79@example.org,6878779698,80afcc7bf6fd8695c2c10cd1acbbc612c20385758742f40829369bbdc9cae99b
227051781,Angela,Grant,03/15/2000,"5807 First St, Port Daniellestad, IN 88908","PO Box 8327, Parkchester, NV 14145",Citizen,angela.grant67@example.net,864-591-7923,755d82d69eb461214855a834853ea7b7b198b0ed16cbc00e528a9f20c1debd1b
532387352,Garrett,White,12/28/1982,"8677 Washington St, Wagnerburgh, NY 70480","8677 Washington St, Wagnerburgh, NY 70480",Citizen,garrett.white65@example.com,254-236-5361,c937fada17d442adfdab4538713259a848258d45f4cebac12b7505e293230933
208482276,Yesenia,Ramos,02/07/1952,"6629 First St, Rachelside, MT 43054","PO Box 4495, Robertchester, NY 95641",Temporary Resident,yesenia.ramos72@hotmail.com,(810) 494-1050,39d09698928ae9438e84f0154f644588031d5de36d990ec6098bc4f1fd959c84
852125249,Marcus,Allen,06/09/1941,"5003 Cedar Dr, South Katie, HI 98094","PO Box 1237, Michaelmouth, HI 59155",Citizen,marcus.allen59@example.com,638-542-1341,2672374a4209c27f32789ccc71a4382c2f1d20e5c7853d1f1ca55a9ab72cee6e
182653501,Susan,Smith,11/15/2006,"9733 Maple Ln, West Caitlinhaven, NM 18206","9733 Maple Ln, West Caitlinhaven, NM 18206",Citizen,susan.smith57@example.com,780-896-5762,0126e98e73abf56dc151c8d6328e58dfaffe548bebb533977f8871ad5cd44d3a
279642094,Victoria,Turner,04/27/1999,"1639 Elm Way, Traceyborough, WV 41776","PO Box 8139, Port Lynnview, WV 73070",Citizen,victoria.turner92@gmail.com,669.213.6777,c0f996f93608889684b5eee6cbda1ca43e6094b5440e29c46a69d75fefee01a7
656016860,William,Duncan,04/19/1954,"7936 Oak Ave, North Benjamin, LA 47117","7936 Oak Ave, North Benjamin, LA 47117",Citizen,william.duncan76@example.org,(345) 565-9156,56ec3b80919958d2eee31b1cb9413ae1c5a3257864ebba2d8591c4e4c1a80109
895656039,Eric,Baker,02/07/1969,"5889 Cedar Dr, East Jonathan, WV 39862","PO Box 6289, New Ricardoborough, SD 96742",Citizen,eric.baker90@hotmail.com,660.739.3866,8ecde3f867fd515963c62d18c7e7be9b822a073faeb891ac7528b5578442e425
474569525,Chris,Nguyen,08/30/1972,"9653 First St, Thompsonshire, LA 13000","PO Box 773, Benjaminshire, PA 50511",Citizen,chris.nguyen89@example.com,665.780.6685,169cd7b6ced01fef19a0a1654e507007a015665cb1584e1c725c33b51c81f541
108949508,Christian,Brown,03/30/1946,"2411 Second Ave, Michaelchester, UT 55095","PO Box 4847, Port Kayleetown, SC 83585",Citizen,christian.brown81@example.net,(501) 215-8436,ce94561ea177bb89e5a52463f59df55fcbb4c3db149b44a2f5587e0ed933bef5
986342308,Kimberly,Reyes,12/21/2002,"8002 Elm Way, Alicemouth, AL 71270","8002 Elm Way, Alicemouth, AL 71270",Citizen,kimberly.reyes@,558-490-9224,102c5d0c19f3b3f207c781c41dc1b0529dbb99a549b20bc4e3fe38d52ec0511f
865789553,Annette,Murphy,12/24/1941,"3224 First St, East Brent, PA 96390","3224 First St, East Brent, PA 96390",Citizen,annette.murphy72@example.org,8525957923,c8aca8411f2a7eb0702734a8d3bdcda4e55fa37ff885801f574c7d2b7f75e23a
205375617,Wendy,Maddox,08/25/1980,"9782 Elm Way, East Ryanfurt, ID 19901","9782 Elm Way, East Ryanfurt, ID 19901",Permanent Resident,wendy.maddox87@example.org,4044563223,0e5c58ae1397b6af9a11f84eaee82492841c4986ebfa13828f1ee3864118c5d0
423263148,David,Miller,01/25/1981,"9285 Second Ave, New Raymondland, OH 52736","PO Box 7258, Ayalaberg, CT 18178",Citizen,david.miller70@yahoo.com,929.566.8673,3575bf3e442a8a1cf1dbc6786fa3eb9e2cad2bddff7ac782de66dce2ba9a408b
551514516,Timothy,Gonzalez,05/12/1966,"454 Park Blvd, Pearsonborough, AK 74054","454 Park Blvd, Pearsonborough, AK 74054",Citizen,timothy.gonzalez89@example.net,794-724-7113,4fae39ddf401abacb681377fb2fa6c41efde293dabe6af755dd725e3cd57689b
707281100,Christina,Fitzgerald,12/10/2002,"6434 Pine Rd, East Charles, MT 56870","6434 Pine Rd, East Charles, MT 56870",Citizen,christina.fitzgerald83@gmail.com,(286) 256-5426,cc7ccbba8be443d8f3307fa2821246912a6380ba41f5f3479abacc946f5bac24
204581440,Marcus,Glass,01/06/1957,"7889 Maple Ln, North Emilychester, AR 48377","PO Box 9678, Jamesstad, UT 78341",Temporary Resident,marcus.glass94@example.org,775-958-9115,9b145388e683acd49182239a25945a55e4bdcfc47fb67f1de64b924e781618b8
825506692,Diana,Carrillo,11/10/1993,"4930 Elm Way, West Christina, WA 58462","4930 Elm Way, West Christina, WA 58462",Citizen,,(904) 405-2879,7a5efe7e9cb39f2beecda88fda52e7cda2820227bf894727d961c1cabe0e4339
262078821,Cindy,Alexander,02/09/1961,"1588 Cedar Dr, East Gina, IN 20947","PO Box 503, North Jodibury, NC 81897",Citizen,cindy.alexander57@example.net,388.440.9957,7973425edd380bb66a71c3545ef4c783dff70f341655e86baa99f3000327a570
831562261,Sara,Melton,09/12/1948,"2019 First St, Alexanderville, GA 40493","2019 First St, Alexanderville, GA 40493",Non-Resident Citizen,sara.melton92@example.org,959-916-9956,db28f2d6dc9c2d9172c73580420436983284cbed3a9d6bfac1fdd63e0b95544b
411423990,Shannon,Johnson,10/09/1998,"9647 Second Ave, Lake Amanda, MS 27213","9647 Second Ave, Lake Amanda, MS 27213",Permanent Resident,shannon.johnson56@gmail.com,635.351.1458,06256114f727b8150f1fd12c8a9adf23298029145e4f5914e87c08b1ecfd58e7
705814893,Amy,Christensen,08/30/1955,"4961 Main St, Deanberg, TN 91605","4961 Main St, Deanberg, TN 91605",Citizen,amy.christensen72@example.org,(940) 669-5536,93c87d566a57a92095a745956ed72ced67d8186cc1e987e13bda7a55c1d2c19f
484128628,Holly,Smith,08/07/1962,"3454 Maple Ln, West Georgeport, VA 26806","3454 Maple Ln, West Georgeport, VA 26806",Citizen,holly.smith59@example.net,776-547-8528,aa56467576a9f837b7093a8c7bb6b84adf0be2b30381211bdbfa42a5a2d04e41
918843659,Kristina,Williamson,05/27/1972,"1118 Second Ave, South Dianatown, MO 09230","1118 Second Ave, South Dianatown, MO 09230",Citizen,kristina.williamson95@yahoo.com,738.465.3120,522a77e2bc1cab45245be5cd926f66afc1cd2465b5b095abbc0ff80dde4dab73
723548418,Paul,Nelson,05/07/1952,"6616 Oak Ave, Michelletown, AZ 38838","PO Box 2707, Hallfurt, IA 67156",Citizen,paul.nelson93@gmail.com,(437) 990-4876,c7ea9137d4c36dd8d7eac574eb93919cb531a8bb08e33af0f9d065c15b4fd9f8
286828884,Tiffany,Garcia,04/15/1973,"6883 Oak Ave, Toddside, AR 12038","6883 Oak Ave, Toddside, AR 12038",Permanent Resident,tiffany.garcia54@gmail.com,821-846-1482,43bf46af3cd204ba8dad505132cca81cea29c8856bcfc81643a2c8fbbbdab9c4
850251037,Jacob,Mason,10/17/1995,"9401 Park Blvd, Castrotown, IL 05711","PO Box 8146, New Kevin, NH 64717",Citizen,jacob.mason97@example.org,(741) 396-2409,d60e426375cb6a36ebcebceed80c7f544dd820947859a021d8015ce9f230db4b
817966331,Phillip,Moore,10/05/2004,"2303 Main St, Gabriellestad, MS 82451","2303 Main St, Gabriellestad, MS 82451",Citizen,phillip.moore71@example.org,9458579653,a6ea1f6cffac517e09e102d951050ff6f4612cf78fa8688d7ce25c0fa97c095c
322774349,Kevin,Ferrell,03/30/1965,"8206 Maple Ln, Lisaview, MN 51248","8206 Maple Ln, Lisaview, MN 51248",Citizen,kevin.ferrell54@gmail.com,585-272-2280,9000687e1cfe4805d11694868e3ed72c549e02bebe1d78d6262b9603338370ad
420218787,Pamela,Briggs,01/02/1963,"3778 Main St, New Stacybury, RI 20385","3778 Main St, New Stacybury, RI 20385",Citizen,pamela.briggs68@example.net,566.269.3586,fc5eacc881d0208168919c63f5168649ed6cf8532d1f12f2c8b30ff1409656c6
717783670,Matthew,Long,04/18/1961,"8193 Elm Way, North Jessica, MT 68752","8193 Elm Way, North Jessica, MT 68752",Citizen,matthew.long87@gmail.com,(469) 868-1491,aa68a64ab83e1264e257721921314b569ea80bc8ccb2dfaff9849bf3f679a9de
380118955,Susan,Salazar,06/01/2002,"2283 Cedar Dr, South John, OK 20522","2283 Cedar Dr, South John, OK 20522",Citizen,susan.salazar53@example.org,777.824.1579,29561ae91017aa929c8ecbed1f3315405fd89aa55e69d6531403c0d7dbf94c70
546934486,Ronald,Edwards,10/19/1952,"1321 Park Blvd, Shaneberg, NM 27601","1321 Park Blvd, Shaneberg, NM 27601",Citizen,ronald.edwards52@gmail.com,8655588069,9289d36c2c1d7d371d7899048a28fe2e02c0e97e095bb975c491b330b5c878a7
344550216,Denise,Carpenter,10/12/2002,"432 Cedar Dr, Port Devin, OH 90748","432 Cedar Dr, Port Devin, OH 90748",Citizen,denise.carpenter51@yahoo.com,596-984-7180,59c17da74bffad8097c96d351d4b836b4e21757ee5dfae544809c7564105dad8
558309064,Janet,Mills,05/17/1997,"7176 Oak Ave, South Wendy, SC 19526","7176 Oak Ave, South Wendy, SC 19526",Citizen,janet.mills77@example.com,294-802-1164,161b15480603e7a6381f7aca2edf80151bc6242c3c5f98607d48631a865cdaa0
908064879,Diana,Cunningham,08/22/1959,"9307 Main St, West Carlos, AL 70357","9307 Main St, West Carlos, AL 70357",Citizen,diana.cunningham53@example.org,489.244.6146,a0e4377ec5098feea1c1fe0831b3a053bc0c6032f44c4f30c5d98a6f8e95b54e
362255365,Stacy,Wilson,02/09/1996,"9931 First St, Maryberg, NM 95800","9931 First St, Maryberg, NM 95800",Citizen,stacy.wilson84@example.org,9525654609,fec6602457356c449cbdc261789c28c6094043992eeb9ad4e0f62e07348319c6
493991984,Anthony,Flores,06/27/1981,"4002 Park Blvd, Aliport, LA 58566","PO Box 8970, Edwinborough, NC 14495",Citizen,anthony.flores76@hotmail.com,697-486-2285,10c0e3e31901c3e86e7e272abf3806b401c0b5958d56fe98dda7ed9509723087
659414065,David,Johnson,03/09/1941,"9060 Cedar Dr, Catherinebury, DE 78667","9060 Cedar Dr, Catherinebury, DE 78667",Citizen,david.johnson65@hotmail.com,(982) 664-2871,eb3b92f075e62c633b1b561765e225c6b36bad8772b87692668c6439200e1879
136245424,Jesse,Mcdaniel,12/21/1954,"6295 Elm Way, Christopherfort, CO 18076","PO Box 6390, Josephstad, NY 24615",Citizen,jesse.mcdaniel78@example.com,(588) 388-8062,9ce9627015bd3e2a31519fbb8d2fc15e7216a62895b1b28c79efcfc0785b3682
133614668,Melissa,Henry,07/17/1976,"426 Washington St, East James, WI 04725","426 Washington St, East James, WI 04725",Citizen,melissa.henry98@yahoo.com,2285498111,f491e2daecd6b03bbf5018bf16e3a4fdbd1e7c12f29cd00d96e49b2a26a6a37f
889645295,Ricky,Novak,12/12/1997,"9066 First St, Stephaniebury, WA 97804","9066 First St, Stephaniebury, WA 97804",Citizen,ricky.novak84@gmail.com,936.781.9501,edbdaa774d18a2d6f49fac79cf1e4677b9cad4cfb326696b9ccf3e14dba63835
509408129,Emily,Harris,05/16/1986,"2161 Main St, North Gregory, LA 58078","2161 Main St, North Gregory, LA 58078",Citizen,emily.harris65@yahoo.com,784.604.1632,9b2d25e8623bb931bfb3fe32480780142acfc661414b68d49b9b0f8c1007a3e9
807842761,Michelle,Burns,02/27/1949,"9962 Main St, Michellebury, DE 56541","PO Box 5359, Parsonsfurt, KY 94899",Citizen,michelle.burns51@gmail.com,720820,94c595788078e28bd20065262eb5b0863fca4c963c8814c7899261e3e32cfad8
615619319,Lawrence,Carr,10/23/1957,"3570 First St, New Danielmouth, AR 06060","3570 First St, New Danielmouth, AR 06060",Citizen,lawrence.carr85@example.net,651.384.5227,d3f29ea428b17368badb7dddd5cce9487addd471c159ab1bbc068e4526a7611a
631425891,Natalie,Sanchez,03/13/1951,"2859 Pine Rd, Terrellton, SC 73599","2859 Pine Rd, Terrellton, SC 73599",Citizen,natalie.sanchez61@hotmail.com,(650) 793-6199,9d5a1cb64146b82b6c349276f2cb90d3377fb83f0a2a431f2a61ce1cd009bd41
344762055,Paul,Hubbard,08/22/1943,"4245 Elm Way, East Kellyfurt, AK 40419","4245 Elm Way, East Kellyfurt, AK 40419",Temporary Resident,paul.hubbard95@example.com,5583112269,277e70a3dd154d2aa71dd1386dddb13021d93fca6b97bd6bc2fdc1155eb15454
183161545,Kim,Mitchell,07/08/1978,"9345 Maple Ln, South Kelly, UT 07650","9345 Maple Ln, South Kelly, UT 07650",Citizen,kim.mitchell59@example.com,568.543.7686,463ed93aa50d5d0054706d275315e432a91ddc1f1bf928aa2a2bec88b7338496
415747781,Hannah,Mckee,05/12/1993,"6035 Main St, Gallegosmouth, ME 12355","6035 Main St, Gallegosmouth, ME 12355",Citizen,hannah.mckee88@example.org,723.932.9326,e60255d323041a07f49c3a8bba54d53ab3040e37397bda7550dfa9abeafd7625
506776019,Jennifer,Wilson,10/26/2004,"2459 First St, South Robert, WI 59599","2459 First St, South Robert, WI 59599",Citizen,jennifer.wilson64@yahoo.com,7888459982,a2fd91acbbeca0e738e2022b295a1aaec4f6c280cb1032a1450344e89abdbf5e
230183002,Angel,Chavez,05/25/1960,"843 Washington St, South Christopher, NM 42978","843 Washington St, South Christopher, NM 42978",Citizen,angel.chavez62@yahoo.com,449.536.4982,7624218db5c7141f310321422cd6881dff3b4393ab5fd4f597cf15124e90ee48
438031505,Heather,Meadows,05/23/1997,"3950 Second Ave, Lake Jessica, WA 12453","3950 Second Ave, Lake Jessica, WA 12453",Citizen,heather.meadows85@yahoo.com,570-869-8932,6758e0c6fe31adfffc957ae323ceadeee1f7cf5f6af2442992463b2ef7b37e38
549737015,Danny,Cole,07/03/1996,"8809 Cedar Dr, Christopherfurt, WY 95773","8809 Cedar Dr, Christopherfurt, WY 95773",Citizen,danny.cole88@example.net,(549) 521-2932,62665031961a22a94af913d92b74630c5882bbe8df5718de950cb4982b393364
642267469,Kylie,Hunt,01/26/1956,"8097 Cedar Dr, South Andrea, ID 06255","8097 Cedar Dr, South Andrea, ID 06255",Citizen,kylie.hunt66@yahoo.com,681-960-2654,16ec8b108e0badc407754f39bc94ed2aa8e5deb694de038abec6bf4c652db28c
995348812,Kayla,Barr,11/02/1945,"2736 Oak Ave, East Misty, FL 23945","2736 Oak Ave, East Misty, FL 23945",Citizen,kayla.barr77@example.net,913.770.4955,651c233c4de6b1fb7235aa4b1b19434f49bd7182bb914763c5bcbaf25c9b1d94
985531613,Kayla,Williams,09/06/1954,"9974 Washington St, Kylemouth, CT 38352","9974 Washington St, Kylemouth, CT 38352",Citizen,kayla.williams72@gmail.com,845.660.8138,f9693816fb46bc7bdaae96886f6cf0f480da198b24114797107c07a107c7b2f5
851741358,Courtney,Wilson,04/15/1991,"9660 Park Blvd, East Adam, CO 33676","PO Box 227, South Tylerfort, PA 71738",Permanent Resident,courtney.wilson79@gmail.com,(380) 720-5576,ade7e9d3a64821a6960228a4c62cb6f059079d9742a30fc5d450179c6e1ce071
629669831,Lindsey,Franklin,02/18/1957,"8482 Park Blvd, Youngshire, PA 86939","8482 Park Blvd, Youngshire, PA 86939",Citizen,lindsey.franklin74@example.net,3462424451,5d0081b157953e5be3cef0c561afb06e2ef515a9b2204c1832d3312c2f7b7223
717549533,Thomas,Ortiz,07/17/1979,"1630 Maple Ln, New Carolbury, ME 72242","PO Box 4816, Christineside, LA 27716",Non-Resident Citizen,thomas.ortiz60@example.net,465-820-2738,40cd14a77061b5859802351be4647bc98763559125c6f3ba822664fcf49d2276
251400959,Brandon,Hernandez,03/17/1958,"8335 Pine Rd, Benjaminton, AK 87925","8335 Pine Rd, Benjaminton, AK 87925",Citizen,brandon.hernandez84@example.org,532471,0252fea48617802f3d9b6a61b8adedef28b699f2745c34be6336cbc18040390f
402620734,Belinda,Morrison,07/03/1956,"6988 Second Ave, Samanthaton, ND 14773","PO Box 7535, Chaneyburgh, ME 88593",Citizen,belinda.morrison57@gmail.com,705-469-2423,bc20b2aa058b329392206e8eef00ebaee31b4981e080080763c9a0e6e65b417d
885585745,Justin,Guerrero,01/05/1976,"1296 Cedar Dr, South Kara, WA 47711","PO Box 2667, North Kaylamouth, NC 48810",Non-Resident Citizen,justin.guerrero97@yahoo.com,(275) 923-6157,84b0dff2e386e6f87bcaf3a7a380e9acb586eaa38efdfd72b21e3365892beded
857099319,Priscilla,Wilkins,04/05/1979,"3120 Park Blvd, Bridgesland, TX 38883","3120 Park Blvd, Bridgesland, TX 38883",Citizen,priscilla.wilkins90@example.com,800-585-4607,11f320803b0e42a6f56ed6d4006e3016c57df4ce7e85f8c79153ffa6a31439f5
262600063,Thomas,Martinez,12/16/1990,"8139 Elm Way, Markchester, FL 69267","PO Box 1553, Lake Jason, ND 08127",Citizen,thomas.martinez50@gmail.com,771-825-4416,163ce4ca292a37ada44a7d0ffd9ccc65feba7612757f6843ac85e2fd1faca04d
838714681,Daniel,Blair,08/17/1973,"9567 Cedar Dr, South Jenniferport, SD 56475","PO Box 8791, Jordanshire, TX 82190",Citizen,daniel.blair64@example.net,701.845.7425,4eef0d3963180e1b8542305bbde10348ef02959276529f00b17dd8565f6891bc
417201826,Michael,Anderson,08/30/1997,"4707 First St, Stonefort, NH 65054","PO Box 7060, New Jesse, DE 38575",Citizen,michael.anderson92@example.com,6079213098,5ec1f350036f1c13ec8247a525d591c61f8dd960632dd47f456d5f52f1be858d
625246985,Tiffany,Smith,02/03/1946,"3848 Main St, South Colleenville, ME 97162","PO Box 3624, Port Christina, NE 54847",Citizen,tiffany.smith66@hotmail.com,6006527966,7d095aa494dee029604a322ee0a4a205bc67b70b30ad0c7284c9ca05b107c13a
158662128,Robert,Cook,06/01/1942,"3588 Maple Ln, North Danielle, SD 90942","3588 Maple Ln, North Danielle, SD 90942",Citizen,robert.cook86@example.org,998.840.2807,94dd1998c8b5ab0d10ca68bf5c135253fc1e84d84899398c84597158eabf7e66
679570741,Juan,Tyler,12/14/1942,"346 First St, Kevinside, CO 42958","346 First St, Kevinside, CO 42958",Citizen,juan.tyler99@yahoo.com,250.731.4448,d63842c751d5af1aa072824b32ca45819a861c2ee39b23ca2de38982c0cdfe7a
268569854,Katie,Wilson,04/05/1972,"3758 Elm Way, Matthewshire, HI 81240","3758 Elm Way, Matthewshire, HI 81240",Citizen,katie.wilson96@example.org,(236) 220-9627,2560573f990ee90779122bb754d0836c24058e4d71670eca03cf75c411710d17
949698571,Susan,Collier,08/31/1993,"4639 Elm Way, West Martha, AK 88643","PO Box 4151, Hendrickston, AZ 85127",Citizen,susan.collier74@hotmail.com,(958) 476-2391,8e42dcc187ca0de9e4c661096740f8801c17626f1192c5fabfb73c67b1cf2b84
875362788,Derek,Moore,01/06/1942,"6806 Main St, Mcclainside, AL 44424","6806 Main St, Mcclainside, AL 44424",Citizen,derek.moore56@hotmail.com,600.398.6114,49f055452ba928108ef97ae3eb37b747b4d5b26c387f7038b26ad96737b3fe74
898309178,Steven,Olsen,02/27/1983,"7519 Cedar Dr, Port Adrianashire, CT 95523","PO Box 9540, Angelatown, NM 27798",Citizen,steven.olsen64@gmail.com,694-491-9736,0b39ed4c37350aa631aadacf3393863d924f7f6a21a563043863474556969dc4
633687151,Barbara,Rivera,04/22/1974,"8956 Oak Ave, Carlberg, NH 37261","PO Box 507, West Tonyaside, MT 22254",Citizen,barbara.rivera80@yahoo.com,(518) 540-3355,8b0bdba577e762c4c85dd1e8e75deb68ad19c8437c6d939ee5c778320d3bcd06
281736941,Ashley,Price,10/20/1963,"9723 Cedar Dr, Port Kimberlyport, CO 92941","PO Box 7858, Jenniferview, ND 54747",Citizen,ashley.price64@example.com,458.621.6102,83a748df271848680874b27abc4906d856ad36a3fa577d76804217bdfe989e62
139202005,Christopher,Wiley,01/10/1957,"9810 First St, Shannonport, AL 28830","PO Box 3527, Gregorystad, WI 05402",Citizen,christopher.wiley81@example.net,4415298559,0878a3bb2b3c0868343903c6a0d09f36cca98045c57d475a470c7ae004152d27
894230707,Kimberly,Gentry,06/09/2000,"1722 First St, Hunterfort, VT 66044","PO Box 2185, East Matthew, WI 63870",Permanent Resident,kimberly.gentry57@example.org,3162397949,3b7936e9d12232cce3d0a557ce2bed3f92e3890f3a640907494c97312d9fef6f
962379647,Jessica,Mills,03/13/1995,"8964 First St, Douglasville, MT 68153","PO Box 2026, East Jenny, NV 60711",Citizen,jessica.mills93@example.net,829-580-3718,03560331729a403afa9e3d7008fcb970b597bb20339544132073fb5cc6af113d
835538791,Paul,Hancock,08/29/1952,"6083 Park Blvd, North Larryton, RI 90554","PO Box 7683, West Steventon, IN 14014",Citizen,paul.hancock96@example.org,932.685.1160,7c88f98d485a7453bec54a9073a71a1941ed0ec1a360f1d58f9a3ddfedbd6962
261436089,Abigail,Hopkins,03/30/2007,"5110 Cedar Dr, Andrewport, IL 84236","5110 Cedar Dr, Andrewport, IL 84236",Citizen,abigail.hopkins53@yahoo.com,360-268-6741,b63a6bfd70f48a4baa714c346472322e1ee2f48baaccb61b12e93ae5b91e0bb7
115171420,Patricia,Flores,02/10/1983,"4657 First St, West Joshua, PA 42332","4657 First St, West Joshua, PA 42332",Citizen,patricia.flores66@yahoo.com,875-407-2269,352dddf26cda5027e7fef53dd5da327fd4c03b13f90e0431c498e28179674acf
332402258,Kendra,Lambert,02/27/1984,"9236 Oak Ave, Edwardview, FL 15503","9236 Oak Ave, Edwardview, FL 15503",Citizen,kendra.lambert71@yahoo.com,8068195542,537a22c5f06b36634bf55bcf7cc9b45ecad81c4fb336bb321e84bb67152adbec
102867735,Alexis,Dean,04/29/1988,"1497 Washington St, East Amyside, GA 42245","PO Box 7890, Donaldport, AL 75747",Citizen,alexis.dean53@example.org,650.635.8728,56a335ee5865b91f2198fe6fa2284caf29317d59e10738fe9842c3c909acb254
916051762,John,Jones,06/29/1957,"6443 First St, Amberton, WY 17550","6443 First St, Amberton, WY 17550",Citizen,john.jones83@example.net,819.419.3721,a65cb86e8816da1c09f858870bc9570432caefd9a0e8a17cc87c2899a41bef41
569486359,Anthony,Berger,10/11/1963,"4105 Oak Ave, North Patrickland, OK 56398","4105 Oak Ave, North Patrickland, OK 56398",Citizen,anthony.berger73@gmail.com,554-945-7948,3e0158f4e15409d650fd1aeabce638c8576d8154dd4b5a95ff08c293f49a2957
305067526,Philip,Bush,09/08/1991,"175 Cedar Dr, Jensenport, NH 44060","175 Cedar Dr, Jensenport, NH 44060",Citizen,philip.bush71@example.com,459.714.1212,90dcfb521e2878dae58ceab07be1250b3242c58b9d1a289c55d4a159529e833c
395226837,Lisa,Marquez,01/05/1972,"720 Elm Way, Port Kathyshire, LA 17775","720 Elm Way, Port Kathyshire, LA 17775",Permanent Resident,lisa.marquez95@gmail.com,847-665-9033,c823c47de0fc62d5a9cb764fe188206f60a012205ff9c936da7860807ff1a267
795299896,Christopher,Lang,06/04/1998,"626 Maple Ln, Davisport, AK 90216","626 Maple Ln, Davisport, AK 90216",Citizen,christopher.lang61@example.org,(322) 257-8264,e7fc765a385bc5fe7391ac529390f4a56aff5755f981083ef9621ffa5e50b0f6
684205193,Deanna,Miranda,04/29/1990,"274 Maple Ln, Hallbury, UT 19338","274 Maple Ln, Hallbury, UT 19338",Citizen,deanna.miranda87@hotmail.com,7282147605,5d94ee18f33ab7204850c9bf2ff42740c54148e686248cf890d37516177ec71a
819021738,Michelle,Jensen,06/08/1990,"8217 Pine Rd, Philipmouth, WA 43068","PO Box 2927, Freemanland, NH 62804",Permanent Resident,michelle.jensen94@yahoo.com,850.964.1052,8cebcd947c0a3b7120bb438e8ba4a0dfb5d0c62a1cef7275dfe3ff61f48bbff7
476544916,Daniel,Mendoza,11/30/1965,"9309 Oak Ave, West Katrina, OR 79726","9309 Oak Ave, West Katrina, OR 79726",Citizen,daniel.mendoza61@hotmail.com,525-805-1329,4ceba082d6118ef6df37dfd11aa84e141679b8cc79c98cd181ba87431bc32199
345678901,Autumn,Romero,06/12/1966,"1332 Cedar Dr, Rothville, MD 43213","1332 Cedar Dr, Rothville, MD 43213",Citizen,autumn.romero62@hotmail.com,3355171873,aefd43fb74457b1a47379c415e3ee4ba015965d6ad29d5b11b9ec548933ea74e
291130376,Angela,Jones,01/19/1957,"5170 First St, Amandafurt, IA 77903","5170 First St, Amandafurt, IA 77903",Non-Resident Citizen,angela.jones68@example.net,470.294.9026,943b68fa101b0422b9617e1b563a67be5fc68d4baa28ff0d6eb7db2dd8c9c16a
474584710,Robert,Oliver,10/26/1960,"7368 Pine Rd, South Patrick, AZ 45159","7368 Pine Rd, South Patrick, AZ 45159",Citizen,robert.oliver86@example.org,644-555-5729,5dc1639f3c7a883a75003dde8f2ef0da73c38184acddb257438d0e11ce65688f
640913819,Jared,Benson,01/28/1941,"4407 Oak Ave, Muellerchester, NC 74846","4407 Oak Ave, Muellerchester, NC 74846",Citizen,jared.benson52@example.com,846-390-8785,106059f7d0966d84c1c3d914813162dafa7859a9071c5c4514203d79302dd030
446808902,Kristin,Stephens,11/03/1973,"9641 Main St, East Elaine, MA 10710","9641 Main St, East Elaine, MA 10710",Citizen,kristin.stephens50@example.org,542-544-2641,5ced86c97857c5595a8c8c7ae104513e400e12ceacf88baca5aff663f3585441
428860953,Jodi,Joseph,09/10/1958,"3051 Main St, Wilsonmouth, NH 43148","3051 Main St, Wilsonmouth, NH 43148",Citizen,jodi.joseph77@hotmail.com,449.458.7114,509193ab5794da485e4ffadd8309eaab155e92601732f8db8e40f677c0754e71
530734870,Angela,Short,09/22/1986,"8307 Oak Ave, West Stephanie, NE 09624","8307 Oak Ave, West Stephanie, NE 09624",Citizen,angela.short87@example.com,370-507-9586,50672577d4c42f9d08adb808e0343b217440b01b798eceb8d99fe748d5a9d5ac
709872762,Carmen,Jennings,02/03/1996,"5459 Main St, Murphyton, CO 12367","PO Box 2417, Port Dominic, MN 76623",Citizen,carmen.jennings50@hotmail.com,(376) 508-6038,c016ad1204bffee908229cc778fa79290bc7838008617832c4a5f6320ef33d71
318315314,Rebecca,Fields,10/12/1942,"4010 Pine Rd, Port Dwayneberg, UT 59873","4010 Pine Rd, Port Dwayneberg, UT 59873",Permanent Resident,rebecca.fields@,302-682-7456,befaa8aef41fafc2ee387d3de1dd7d47b44a1728780dfc7e5791ce02b2a078ee
817728605,Amanda,Price,03/01/1966,"3978 Oak Ave, Gonzalezmouth, MO 39787","PO Box 2287, Samanthachester, MT 94583",Citizen,amanda.price93@hotmail.com,(811) 603-9750,0f1280716b5df6b49797adfb16fffca27d37bb38502ac35d12a1b72cf5631114
819274604,Toni,Cooper,02/18/1955,"441 Cedar Dr, New Alanhaven, RI 53479","PO Box 3952, Port Kelly, MS 48895",Citizen,toni.cooper50@yahoo.com,607-279-4769,6c4c4918c853898587645ecdfd523116637e0f178139b8c316d996b1828d5d5a
147510841,Rachel,Faulkner,09/06/1968,"1522 Maple Ln, Lake Annstad, MO 14879","1522 Maple Ln, Lake Annstad, MO 14879",Citizen,rachel.faulkner74@hotmail.com,235-467-7909,d9dfa1acd28ddbb1b7d17a8bbfcce6648104aabaeb212d20b10855eb965483e0
832656759,Michelle,Glenn,03/13/1998,"7618 Oak Ave, South Jacqueline, MN 52178","7618 Oak Ave, South Jacqueline, MN 52178",Citizen,michelle.glenn50@example.org,7887197291,1da72f9a67173b6d12e266a24292ae273f74135f9820a5effead0a35850fa739
275507726,Colleen,Joseph,09/15/1971,"6922 Main St, Jamesside, MD 28185","6922 Main St, Jamesside, MD 28185",Citizen,colleen.joseph78@yahoo.com,684.929.6489,36189452c5cefd8b1eec8a54f044d5e99a649436e9d246a56e2641b78f960872
292027518,Elaine,Wells,01/16/1960,"6283 Oak Ave, New Patrick, GA 47724","PO Box 9769, Mooreberg, KY 18101",Citizen,elaine.wells96@gmail.com,(675) 488-1652,36d5b8fcfadba2dea3a363e7658190857639dda6cfe177742c358af15b32591a
594190442,Alexander,Wong,12/23/1953,"6051 Elm Way, Lake Nicole, NV 86736","PO Box 4952, Proctorberg, WY 11598",Citizen,alexander.wong61@example.net,217.657.6318,4ca6ce438dcc22d13a3677596ba72b3feb10dc987b2eff250b0f4310eb1cbb4c
739712731,Derrick,Shaffer,01/30/1942,"600 Park Blvd, Englishchester, WV 82191","600 Park Blvd, Englishchester, WV 82191",Citizen,derrick.shaffer58@hotmail.com,705.641.5500,372c90ff407abcd8fed73d3a928463aeff6a3c82c81aa09ab8450afbeadca38d
839799487,Hector,Hicks,01/05/1942,"8578 Washington St, Cruzbury, NJ 24853","PO Box 5450, Jacobsshire, MS 65795",Permanent Resident,hector.hicks96@hotmail.com,(303) 591-9398,532188ef4a674315aab97504b103dbd61854e4d663d7c28291a60ab9df2db19d
783695518,Melanie,Young,11/02/1969,"6566 Main St, Robertside, ID 76044","6566 Main St, Robertside, ID 76044",Citizen,melanie.young55@gmail.com,396.784.5275,e77b209b6bb3be7324135266b40ef8c52f7d1b9a5acd0817538eccafaccafabd
678916093,Michael,Good,11/16/1985,"801 Maple Ln, Bushville, OR 76557","801 Maple Ln, Bushville, OR 76557",Citizen,michael.good97@hotmail.com,4837131749,ea584940727df888703152a418fd8c5e7f3600e663804482120f2d8e222cf121
828220564,Timothy,Vaughn,04/17/2007,"6672 Cedar Dr, Lake Jessica, AK 98881","6672 Cedar Dr, Lake Jessica, AK 98881",Citizen,timothy.vaughn79@yahoo.com,850-525-2591,638e769457e56dd63e0783b431371596d9ae63b437bf6b0b8bedefea1ce82464
861292088,Kimberly,Marshall,01/10/2002,"4716 Washington St, New Pamelaland, NJ 32643","4716 Washington St, New Pamelaland, NJ 32643",Citizen,kimberly.marshall74@gmail.com,212.551.6580,c4148f2b0b12c64bdbdffcb1db2af50ed9aab0dfc1a85832c618f248cc704814
577152687,Thomas,Harmon,02/15/1941,"8176 Cedar Dr, Lake Cynthiashire, OH 41460","8176 Cedar Dr, Lake Cynthiashire, OH 41460",Citizen,thomas.harmon52@hotmail.com,280.846.8971,fb77f30ad0d8577cda9ab36fc23053bb00c9fd062cf80e95763baf12b3fe627b
903170583,Chloe,Berger,08/16/1974,"4982 Elm Way, South Shawnfort, WI 75731","PO Box 7757, Robertport, AK 38408",Citizen,chloe.berger89@example.net,625.983.1383,f54cd1cbf05a29d66026854e8110f5bf51cae9c2b029e492541bfd3f50cce2dd
626946182,Gary,Neal,01/28/1974,"8808 Pine Rd, Jessicashire, MO 34637","8808 Pine Rd, Jessicashire, MO 34637",Citizen,gary.neal63@example.org,784-496-3926,feb81c5db8a7a6b71fe167c7d7215ffa69dba5735e43315bfea242a8a79908a1
888621182,Bryan,Kennedy,05/25/1958,"6694 Maple Ln, New Brett, WI 38741","PO Box 9918, West Toddberg, LA 66770",Citizen,bryan.kennedy56@hotmail.com,8489806206,59f7658d661332a97b941f031788427f37a88fd9321f171d1d7597b25b8aa42c
533755155,Chase,Bowers,02/15/1966,"4691 Second Ave, Davidview, HI 36574","4691 Second Ave, Davidview, HI 36574",Citizen,chase.bowers84@example.net,8713762610,e44b7aa969851ff3a98360c8fa389ecb892fefe103a6a1191853dc332292c75e
548931346,Michaela,Smith,12/08/1970,"3095 Main St, New Gregshire, SC 97358","PO Box 8347, Lake Sean, CO 23490",Citizen,michaela.smith51@example.net,(370) 782-8731,1029e0f6373db49da8fe5d1d51b17d4195b4e0bf5dd200204652980b48e26777
124394894,Jose,Haynes,01/22/1949,"6379 Park Blvd, Whitehaven, NC 04838","6379 Park Blvd, Whitehaven, NC 04838",Citizen,jose.haynes73@hotmail.com,379.683.4273,1b1aa73ff736de0d4ab1204ad237dd4bcef1f7b917a010bc7eea3b41ea3aae6c
169592233,Matthew,Miller,03/04/1989,"9464 Second Ave, New Sarah, NJ 20705","PO Box 9983, Mullinschester, NH 50723",Citizen,matthew.miller79@yahoo.com,818-539-3609,9cb5a27f7148a08c7ee8b71eefeb7fbf8722a90447fd83ed9d4f51b1e6ac4e8c
174992570,John,Alexander,09/06/1926,"8516 Second Ave, East Becky, MO 45730","PO Box 6933, Lake Josephville, KY 07385",Citizen,john.alexander95@yahoo.com,7469311388,59418c7573f265561c3948f767205fc3bc07aef5bce640ab6e39fc54024cc220
879570659,Gary,Ross,01/02/1972,"654 Maple Ln, Thomasside, MT 31127","654 Maple Ln, Thomasside, MT 31127",Citizen,gary.ross77@example.com,468-976-2831,71bca4c2e068790b6a76b956eea26df2fe0035c1c8336d6695152e505e574373
804951238,Noah,Thornton,12/09/1985,"7907 Cedar Dr, Bakerhaven, KY 57482","PO Box 1313, West Saramouth, NJ 50571",Citizen,noah.thornton65@example.net,9056556417,faf93f9f7e45e8fd714768f13f0d14dd555e088ebc4b10e2121fe89f89baab12
710133596,Erika,Nixon,07/15/2004,"2295 Pine Rd, North Samanthastad, ND 57096","PO Box 3721, Matthewview, MS 13382",Citizen,erika.nixon69@hotmail.com,8495128787,4c2a18f8e4fdae39ff210efae44dd55f2dc06f80e03a10e32ddef8eaca477287
265830066,Jonathan,Silva,05/21/1945,"2107 Pine Rd, Mejiabury, RI 96748","PO Box 6395, New Matthew, KY 90977",Citizen,jonathan.silva63@yahoo.com,798.212.5250,e3a2d85565db50690a5c40a618458402f36b250daf56a8ce4b6418c07f1e42d2
900428613,Victoria,Edwards,05/18/1961,"6650 Second Ave, Lake Alanland, SC 02068","6650 Second Ave, Lake Alanland, SC 02068",Permanent Resident,victoria.edwards87@yahoo.com,583-587-8950,4a4deceb2488db19452b337f65a30ad800fce373740f5a0ad9d2e3d05af5b44a
617599918,Robert,Fox,08/31/1973,"234 Oak Ave, Bellport, MI 33517","PO Box 3482, North Andrew, IA 12551",Citizen,robert.fox96@example.com,(565) 710-8525,d57be9cd760f2e01fa0d3390df485399ad002643c642072f6cdce38bf51e030f
979283404,Brian,Wheeler,09/21/1960,"3742 Cedar Dr, New Danielle, MS 93309","3742 Cedar Dr, New Danielle, MS 93309",Citizen,brian.wheeler71@yahoo.com,(766) 747-9810,5e2ff824a33e35bab793b1a0ea6f0defc8b18c7ac80e02c101c25585eed655ba
160102484,Susan,Miller,10/30/1960,"4063 Cedar Dr, South Diana, KY 85423","4063 Cedar Dr, South Diana, KY 85423",Citizen,susan.miller65@example.org,667.381.1659,fdb8cdc087f05ccf9861ad6850c9747cf79ef1afdb96d55cc21306650b293bb5
198096189,Ashlee,Coffey,12/15/1941,"1044 Pine Rd, Lake Jackport, ND 61705","PO Box 3503, Lake Shawnview, IA 56466",Non-Resident Citizen,ashlee.coffey80@gmail.com,252-526-2196,d82fbc3e9c209be35e6a8e5dd210284d05256bce9e616c08a37fe12b4ea42377
574484446,Heather,Contreras,01/13/1990,"1637 Park Blvd, Jonathanland, PA 36845","PO Box 8082, South Paulton, MD 34348",Citizen,heather.contreras57@hotmail.com,9968584191,294fced4fa81196af2856711d3be4ff429baae377ef2044416f6338a4a07e5ce
370312117,Stephanie,Baker,10/17/1953,"4436 Second Ave, Jonesborough, SD 80494","PO Box 8411, Whitefort, NM 14713",Citizen,stephanie.baker69@example.net,454.549.5510,432f5bb593f8ef75d987980f70c3a067ab8d860e8537afcedd433a8f0341ff64
219690062,Douglas,Mack,05/27/1991,"7989 Main St, New Dawn, MA 58379","7989 Main St, New Dawn, MA 58379",Citizen,douglas.mack61@example.com,8895112549,0a47690c9ec69a7258b5186c2592a506585b8eb79de191157ad4a3ca7d7c1beb
837616532,Jennifer,Garcia,05/11/1991,"3172 Oak Ave, North Ashleyview, WI 58943","PO Box 5133, South Eduardotown, NC 05460",Citizen,jennifer.garcia80@example.com,824.415.3532,c400baf2efc37e4ed8e2dfe71ad0384684e9a87e926277816e93ffceb5c7bc8d
922912926,Elizabeth,Adams,05/02/1992,"2588 Washington St, Rebeccashire, TX 00986","PO Box 8561, Mendozafurt, NM 95890",Citizen,elizabeth.adams99@hotmail.com,469.683.5974,7645221c30985f0fe98774718da2e82296feea7093ef04b962b9b3426cbf1757
458331444,Kimberly,Floyd,11/20/1940,"5167 Second Ave, North Patrick, MD 90843","5167 Second Ave, North Patrick, MD 90843",Permanent Resident,kimberly.floyd98@gmail.com,6185623292,f56e302ca570d6c7513477d11ee49d5a08c91d653c0d0231bce33f5f3ecff50d
120916084,Lisa,Olson,08/08/1989,"3418 Elm Way, Mathewport, ME 53010","3418 Elm Way, Mathewport, ME 53010",Non-Resident Citizen,lisa.olson74@example.net,9564044522,77fe3f7b1684ec662cf191980115f7ff750afb7f7d4b014bfdfb2922f051b200
214712756,Brian,Shea,05/09/1993,"5333 Second Ave, West Amandamouth, WA 11046","5333 Second Ave, West Amandamouth, WA 11046",Citizen,brian.shea99@hotmail.com,923.698.5093,5bff03631eb813af4d310b2433cbbb0c909fd68e488845e1e26319582a006bee
729335505,Maureen,Hodges,08/24/1998,"920 Maple Ln, Deborahburgh, LA 73177","920 Maple Ln, Deborahburgh, LA 73177",Citizen,maureen.hodges80@example.org,275-532-7779,9ad5a3cc853c302cd8495b56bfc458cd4a343447f3f235d622c3c39f823b6f00
733301861,Benjamin,Cruz,10/20/1989,"9206 Oak Ave, West Heather, NH 14495","PO Box 9483, Tommouth, OH 96881",Permanent Resident,benjamin.cruz83@example.net,343.990.2114,2fa8ba6c020d608af901fbf2ca5cfcf84ace24354b60ee52acf915c6548bb8ff
487867336,Jake,Johnson,09/30/1967,"3520 Pine Rd, Lake Wendybury, MA 64625","3520 Pine Rd, Lake Wendybury, MA 64625",Citizen,jake.johnson93@hotmail.com,818-965-1379,5d342efe1b5407ad6b470e6c315bc832667e6686723b87d934cd971cc2d5d32f
541070542,Paul,Sparks,02/11/1964,"787 Park Blvd, Victormouth, AR 02652","787 Park Blvd, Victormouth, AR 02652",Citizen,paul.sparks77@example.com,534.751.9061,db8f0de2da989706fe4da241958c00c89312cbafe11ae65ef027f9dc4a971866
781153731,Benjamin,Brown,12/19/2000,"9262 Oak Ave, South Davidhaven, OK 60580","9262 Oak Ave, South Davidhaven, OK 60580",Citizen,benjamin.brown55@yahoo.com,(824) 865-4127,c98ce3627f68caa670ca865ef2bd953f3545793ffd60e7a53eac041f863c1405
562725525,Shelby,Berg,12/18/1965,"7394 Pine Rd, Lake Beth, TN 09942","PO Box 3076, Lake Donaldtown, TN 62264",Citizen,shelby.berg99@hotmail.com,642.221.7577,7a962681b25c2bf48643b1f5d5f33c08b43940dccd6b77d276be908d7da4e717
204675735,Rebecca,Montgomery,07/16/1987,"5282 First St, Lake Deborah, GA 02383","PO Box 3751, Lake Brendan, PA 40784",Citizen,rebecca.montgomery79@hotmail.com,988-788-6810,dac044a58cd54863c327d832de4a368d6e561c67c563e6e539bf322e5436d15b
259218523,Lori,Davis,06/15/1991,"1654 Main St, Port Brittany, OH 14438","1654 Main St, Port Brittany, OH 14438",Citizen,lori.davis84@example.net,535-522-4770,95b9d39c69d1da5fab6457797c5ec450322d2539ec2a55ee71bf144fed70fe13
275330135,Danny,Larson,06/05/1983,"3818 Cedar Dr, North Linda, WY 56365","3818 Cedar Dr, North Linda, WY 56365",Non-Resident Citizen,danny.larson78@example.com,584-226-8273,6c55c550ca15b8cd2eabbb6b0292222a3c5274e80c3ed3b93d59f9f3aa3e4924
579761146,Matthew,Huff,12/04/1989,"3370 First St, Nguyenshire, PA 72051","3370 First St, Nguyenshire, PA 72051",Permanent Resident,matthew.huff87@hotmail.com,(366) 974-4434,9737f940b5036e440f785dfbeee3a7bfe049c1c6d52cf9baf65f47f9f3dde15a
895258294,Derrick,Copeland,04/26/1979,"6802 Cedar Dr, Port Brandon, IN 23235","6802 Cedar Dr, Port Brandon, IN 23235",Citizen,derrick.copeland66@yahoo.com,6672161118,2e5dd53d759b5ea6542155591a7c142613a8b59bc4865fd10329bff18dfe484d
529827812,Matthew,Martinez,10/08/1998,"5812 Maple Ln, Port Robert, MD 91765","5812 Maple Ln, Port Robert, MD 91765",Citizen,matthew.martinez69@example.org,2868667384,4c01903a956b74834f53b88b5c1b8a4be0e5377f12d73257505553121c49f621
173743549,Mitchell,Martin,09/29/1978,"744 Pine Rd, New Billy, KS 13603","PO Box 251, Stricklandtown, FL 64328",Temporary Resident,mitchell.martin80@example.com,414.957.5801,e1737a9711cc311dc518ab91c307bf92e438e5221fba624e2df9432991f4e3ed
983958713,Christopher,Smith,04/11/1992,"2862 Park Blvd, Lake Deniseport, GA 55056","2862 Park Blvd, Lake Deniseport, GA 55056",Citizen,christopher.smith57@example.org,408.513.7613,753e61b35732ba6b21dd7665de12aebdcab8596c888cf5cac307878525bc5846
384736299,Heather,Sparks,03/10/2005,"424 Maple Ln, Schwartzborough, AK 19255","424 Maple Ln, Schwartzborough, AK 19255",Citizen,heather.sparks76@example.com,980-812-9604,25b34ea1899f059d85874b802ea0ac976f8539653c8b3b67d222aa66b0dc60c3
116040051,Danielle,Mills,10/07/1987,"1510 First St, Allenburgh, CA 80525","PO Box 7893, New Hectorfort, NJ 80723",Permanent Resident,danielle.mills84@gmail.com,817.852.1011,43519a73be465c279c34f12ce77cacd6de67d9d114f9bda994d444424e6e278e
375803064,Stephanie,Burton,11/09/1948,"8848 Maple Ln, Michaeltown, SC 73601","8848 Maple Ln, Michaeltown, SC 73601",Permanent Resident,stephanie.burton86@example.org,727-332-3336,10ca4e8108216ba6c1cbcd247e0e76529780a58d58cb074052b2e090fff24034
897989079,Joe,Wilson,07/08/1971,"4626 Washington St, New Michaelside, CT 67025","PO Box 4206, South Kaylee, ID 86920",Citizen,joe.wilson95@gmail.com,732-729-5370,759ebc83f8ba26a2c049b606adec92c2dfb36929f20a7f0e1a1c023719daad3a
502406970,Jared,Brown,10/08/1955,"561 First St, Port Edwardfort, SD 65711","PO Box 3342, East Elizabeth, ID 06152",Citizen,jared.brown65@example.org,2117858877,f1b7e223453500d7a37d6e7ae8ccaf2d1089a67a5048fc4b487ea30177a740fa
301593161,Brian,Diaz,12/18/1955,"6647 Second Ave, South John, IN 81348","6647 Second Ave, South John, IN 81348",Citizen,brian.diaz97@example.net,726-545-6525,57742cf26e4c93bdaedd63f8dae4b0540ac120ab4ccc6732feabf2ef911b39f3
966497303,Linda,Chang,07/02/1958,"7477 Oak Ave, North Joyside, TX 23554","7477 Oak Ave, North Joyside, TX 23554",Citizen,linda.chang73@gmail.com,756-329-2549,414475bea269358164ab06cc6f9fa92385fbf85a9bae682bea105b969262310b
991289421,Eric,Johnson,05/12/1958,"4845 Pine Rd, North Pattymouth, MN 78188","PO Box 7246, Robertmouth, OK 30655",Citizen,eric.johnson82@example.org,723-399-3321,91fd7ee1985a738bef7efadef3d8366b29dab329aee39b0f20e0f041039b97fc
313327931,Kimberly,Nguyen,12/29/1975,"8612 Washington St, East Joanborough, WY 49722","PO Box 8792, North Thomas, ND 63993",Citizen,kimberly.nguyen84@example.org,743-370-7135,5ee2ffa44691df0985202b8187d3807334b7cb96563a38a853f8370dc8edc509
277849781,Brian,Graham,04/14/1952,"3708 Pine Rd, New Spencer, OH 51269","3708 Pine Rd, New Spencer, OH 51269",Citizen,brian.graham67@example.com,6105037386,7c1f1d99f2f3477e184fc56c67a859e82fb5481c28119e7b6bcfd1b9119ee12a
602515629,Nathaniel,Ellis,01/05/1943,"4916 Main St, Lake Michael, CA 35850","PO Box 9205, West David, TX 91230",Citizen,nathaniel.ellis89@yahoo.com,260-973-7723,4ac27e61b47a9caacfdd7c894f39a014ba19d6cd40f54322ed3e9050e0e73f95
983089574,Ashley,Ramirez,12/28/1985,"6411 Pine Rd, Port Stevenchester, TN 22940","6411 Pine Rd, Port Stevenchester, TN 22940",Citizen,ashley.ramirez72@example.com,(482) 343-7577,c651c463278ba5d08bb92a496636e42545d0018b2fc7b4cb9b0b1237fe971bdf
729137255,Kathleen,Robinson,02/14/1994,"3373 Second Ave, Cassandraburgh, GA 76276","3373 Second Ave, Cassandraburgh, GA 76276",Citizen,kathleen.robinson57@yahoo.com,305-990-8718,8df7af09e3543b88c482b3f4eea5a41f0dbd45f16ff588bbb302217f86988304
420857909,Tara,Wyatt,03/10/1959,"9995 Second Ave, South Melodyfort, GA 28870","PO Box 5693, Hoodview, LA 02402",Permanent Resident,tara.wyatt66@example.com,6367993759,c8dc44b0eb9f42216faca2717b1177877746b4d1a3368234671d77bd7ba08c30
341198293,Jessica,Fitzgerald,10/19/1999,"9885 Washington St, East Mark, MS 76452","PO Box 8202, New Sophia, VT 75697",Citizen,jessica.fitzgerald90@example.com,486.941.5519,0715d8c8c62b566c325a93d594c89baefac141fbe4c71dab4446d3f6f7e012ac
453078170,Rachel,Butler,03/16/1985,"5844 Oak Ave, North Vickiehaven, AL 04907","PO Box 8055, Schmidtfort, KS 91812",Citizen,rachel.butler77@hotmail.com,9999258993,24b2a19460f828da67c5a729bfd59da542489e91d5cbf1553ce761a50b6caf92
816783908,Lori,Chavez,10/07/1953,"1767 Washington St, North Angela, TN 02129","1767 Washington St, North Angela, TN 02129",Citizen,lori.chavez98@example.org,8889267911,d877e2ea1c352353f17e1a8cd94761d1797936900a2f3ef86181c79c13d8c403
142804636,Heather,Russell,04/01/1968,"7549 Washington St, East Michael, ND 31835","PO Box 6632, North Timothyport, SD 21708",Citizen,heather.russell51@example.org,(224) 845-6389,bc077c7ae8c19df30d4edee10cf42cabceceea1c1b43a76343301da1defa3f64
542536154,Jacqueline,Hodge,05/04/1942,"7482 Elm Way, South Stevenberg, MN 92662","7482 Elm Way, South Stevenberg, MN 92662",Citizen,jacqueline.hodge65@example.net,248.532.8507,f74a1bec6f45d9ce4ff4278ad83c8a02812be33edcf322311d59548869deb914
272434469,Richard,Clarke,08/24/1958,"5274 First St, Courtneytown, WI 82723","PO Box 2918, South Patriciamouth, NY 70089",Citizen,richard.clarke89@yahoo.com,(433) 524-6010,6aa9e263edb83a123601cb03a67baa9a432c1c23f4aabfa98e62181b69d405bd
197101136,Antonio,Simmons,09/03/1979,"8147 Pine Rd, Helenside, WI 75897","8147 Pine Rd, Helenside, WI 75897",Citizen,antonio.simmons72@example.net,570-972-3608,172f07a8249b67780bea2c3d549cd4b02cd34be4dc5089c59cd60d97b42d00cd
219701391,Laura,French,11/20/1979,"8293 Park Blvd, New Nicoleton, ME 67968","8293 Park Blvd, New Nicoleton, ME 67968",Citizen,laura.french94@example.com,292.928.7629,3e729cb6c8a1d50942a568c87829d13b2e2fcfebfe23282be1db5cdc18ccc0cc
465248258,Sierra,Leonard,02/25/1972,"2180 First St, North Patrickmouth, CT 81652","2180 First St, North Patrickmouth, CT 81652",Citizen,sierra.leonard68@yahoo.com,2845314683,8c254f711a043ccd2afae44d15888424dc3575c0c717d7da2b6662e9a994e918
364036974,Blake,Richardson,11/10/1947,"4486 Main St, New Jennaborough, NY 18642","PO Box 3687, Johnville, KS 85571",Citizen,blake.richardson63@example.org,4492218917,47aaed80d948b53628b6d2e7f581dfeddbddef6d91d237acf55d8d83d2c808a6
691874571,Timothy,Crosby,07/01/1990,"6756 Pine Rd, Port Julie, ND 30049","6756 Pine Rd, Port Julie, ND 30049",Permanent Resident,timothy.crosby74@hotmail.com,572.469.8066,838457de7fe5731c21f3ee7020e1304043c9ea5a6cc965deefbec6a62e51079d
352013447,Luke,Hurst,09/17/1975,"1263 Pine Rd, Ramirezland, MA 49366","1263 Pine Rd, Ramirezland, MA 49366",Citizen,luke.hurst84@yahoo.com,719.925.8794,9a80fa31817f1e431c7991df4f8b4dd025bd057669bd5027766727d8a984346d
987226166,Michael,Tucker,02/21/1943,"5708 Park Blvd, South Jenniferside, IA 38808","5708 Park Blvd, South Jenniferside, IA 38808",Citizen,michael.tucker89@gmail.com,(646) 266-3807,1608adc2834abc255b519a7209cbc3638fea7479690ee4ee61be0afbf997011b
700217426,Shannon,Richardson,07/23/1976,"7810 Pine Rd, East Patriciamouth, CA 11944","7810 Pine Rd, East Patriciamouth, CA 11944",Citizen,shannon.richardson86@example.net,9452289041,918f1c4ba2a6224b0010a0c524bff11ba161ad9ff0025deab080f531c24a65fe
243190757,Christopher,Hurst,06/09/1988,"7408 Elm Way, Susanland, OH 14835","7408 Elm Way, Susanland, OH 14835",Citizen,christopher.hurst82@gmail.com,(752) 897-6152,4566ac248544601e341325220ae712104321c421020f94c9279cd619e09307d7
156877091,Fred,Rodriguez,08/06/1975,"9625 Oak Ave, South Edward, WY 27273","9625 Oak Ave, South Edward, WY 27273",Citizen,fred.rodriguez96@example.org,454-815-3938,44a4655e23826b037d1591e66f7bb707cbd6bbbb720ab600afce214cc933431d
631475412,Abigail,Burton,12/23/1977,"1460 Oak Ave, Robertside, MT 17806","1460 Oak Ave, Robertside, MT 17806",Citizen,abigail.burton76@gmail.com,(341) 551-3998,cc288900f2ca47eda21080472c38650ceabd977d68dddb2b31ec8001f5e91d87
290493557,Thomas,Fisher,02/19/1985,"8187 Oak Ave, West Jaimetown, ID 30952","PO Box 3386, Robertmouth, IA 86452",Non-Resident Citizen,thomas.fisher55@example.net,(296) 736-5223,7459b2f02b502e7501e75448439fcf2b4c3ce870c5741bda211cd4e839454b3f
165391824,Debbie,Nguyen,06/09/2002,"6114 Oak Ave, Ellisshire, HI 17796","PO Box 8769, Georgeview, AL 30225",Citizen,,(228) 781-7141,a5b42f833b458e39e717605423fc7d4dcc09ce7c64241e89261415f937da04b5
302381105,Todd,Arellano,01/18/1963,"2979 Park Blvd, East Michaelmouth, IN 22306","2979 Park Blvd, East Michaelmouth, IN 22306",Citizen,todd.arellano59@yahoo.com,381-651-3908,410001e00d2bf2712fd7d2d2728806ce32cca10d919b44492751486bc5b990af
577929411,Christine,Martin,04/07/2004,"8808 Oak Ave, Ianburgh, MD 93314","8808 Oak Ave, Ianburgh, MD 93314",Citizen,christine.martin87@yahoo.com,302-709-4164,fbfcb8196a79fe74110a73e37bad83bdad17a7994972afc41b046b390f5e825d
462276937,Heather,Estrada,09/01/1948,"8979 First St, East John, NH 05894","8979 First St, East John, NH 05894",Temporary Resident,heather.estrada65@example.net,(702) 392-7623,d4eb00aac50595a09bbf68054c1e241a1de15b3dde4e29f76ffca3c5978090bf
615850694,Victoria,Andrews,07/25/1948,"9686 Oak Ave, Greenburgh, ND 27391","PO Box 5351, Lake Loganstad, ND 19892",Citizen,victoria.andrews83@gmail.com,858.405.5629,cb2577d18be2cabfea834b821e5713138ebad7497217d82522fce25a74f488ca
919826165,Nathan,Fernandez,07/22/1951,"6985 First St, New Kevin, NV 03767","6985 First St, New Kevin, NV 03767",Citizen,nathan.fernandez70@yahoo.com,598.513.9152,0703406de35fc6a3e7585c0f3a684e66731b6e980bf09b199f405948880c8b7a
456789012,Richard,Porter,01/04/2004,"3082 Oak Ave, South Sarah, MD 20955","3082 Oak Ave, South Sarah, MD 20955",Citizen,richard.porter61@hotmail.com,(249) 747-1458,0dea9b6a1d574994836a5516d2270fc6a741d30434f95efd00564fbc34d54d9f
513284726,Adam,Rodgers,07/02/1959,"860 First St, Deborahport, WV 62617","860 First St, Deborahport, WV 62617",Citizen,adam.rodgers93@hotmail.com,419-301-8491,3443678b0e20c9dfb54f3a4b8dca9ca80b224c53187620f6d8beb57932a35c5b
864945036,Paula,Montes,09/08/1943,"3336 Second Ave, Port Annette, IN 58448","3336 Second Ave, Port Annette, IN 58448",Citizen,paula.montes74@example.org,319-497-1077,1a0839b3b7307ce2652d9a68f903b0a3be74a79966c789a718a1fbb860fe1f4a
992605912,Matthew,Rodriguez,11/11/1991,"6389 Cedar Dr, Mcculloughberg, MS 89368","6389 Cedar Dr, Mcculloughberg, MS 89368",Permanent Resident,matthew.rodriguez88@example.org,464-632-6074,6a27eb0b2a333b8a6fa89325f0d37aacdcea5ec2d37eac5fe3004513d3bd63e0
801514571,Andrea,Parker,04/15/1983,"6705 Main St, Williamsonbury, NE 58955","6705 Main St, Williamsonbury, NE 58955",Citizen,andrea.parker62@gmail.com,(210) 841-7479,2c3289bd886c4f856d26761f0fb13a3d7f62404417352bc844b0011926ba4740
582247741,Michael,Nguyen,11/20/1945,"3654 Oak Ave, New Alicia, SD 36929","PO Box 2703, North Christopher, NY 58888",Citizen,michael.nguyen60@hotmail.com,897.932.7524,7d61dbc7fdcac557df0b066f8b22d5c222358c43a0a721f42e63b85bb3dce124
405699476,Erica,Rosario,04/14/1984,"1778 Oak Ave, Leemouth, MT 79559","1778 Oak Ave, Leemouth, MT 79559",Citizen,erica.rosario85@gmail.com,7302368683,e33e1be08d9964db1b60ea820e3b390c9dadb23137ec5aa6ce48c6333166d368
345505787,Cassie,Harding,12/05/1972,"3023 Oak Ave, Raymondchester, WI 48949","3023 Oak Ave, Raymondchester, WI 48949",Citizen,cassie.harding73@gmail.com,652-811-1672,30cf62210465614c79ad77c8c0ede7d52dae4da35555df3fa333568e7bacf1ec
878366359,Paul,Smith,09/18/1956,"233 Pine Rd, Michaelmouth, MI 74036","233 Pine Rd, Michaelmouth, MI 74036",Citizen,paul.smith79@example.org,257-600-7226,814bfeb633b9eedd8b26f2123307e81be6f125bc56d0e5e33a3054dd96d4ccdb
642878064,Christopher,Luna,03/29/1991,"3185 Maple Ln, Figueroachester, TX 58500","3185 Maple Ln, Figueroachester, TX 58500",Citizen,christopher.luna65@yahoo.com,770.364.3348,4fc2e14e209ce9d4b48e0b8d2d93c6c76ae731d9273648bacc61953e89a10c7c
835258495,Keith,Shaffer,04/08/1961,"8754 Main St, Chandlerchester, SC 18794","8754 Main St, Chandlerchester, SC 18794",Citizen,keith.shaffer52@example.org,9004391096,6b7209c7baffe20de012157d5baf33ec60e4d038df98522239ac6e671dc2e1b5
115681338,Mary,Harper,11/18/1956,"1961 Cedar Dr, East Kevin, WI 69353","1961 Cedar Dr, East Kevin, WI 69353",Citizen,mary.harper91@gmail.com,8605955627,ceb614654819a90c31eb5ed5b334c0fcb7856e21110068e582054af9965568b1
903233413,Valerie,Jones,09/26/1963,"4097 Maple Ln, Davischester, SD 84230","4097 Maple Ln, Davischester, SD 84230",Citizen,valerie.jones84@example.net,4938523856,8e43c5d22df5dbd6b92b82c8029bfcb280f8f7236062375902dddb71c1e4074d
272138688,Robin,Perry,11/12/2005,"7074 Elm Way, Pageberg, GA 26618","PO Box 6823, Port Patrick, VA 73097",Citizen,robin.perry75@example.org,5614137648,ae7793f958b43ae5ccf7de9d93e696865afb9186793745a9ac5dca8d6ad40052
594545663,Tracy,Carson,12/03/1967,"6365 Second Ave, Maryport, MS 65263","PO Box 6635, Walkertown, FL 20689",Citizen,tracy.carson63@hotmail.com,3999466954,31e3836b5cf2c2b9c88c55da006fe91d64f820383734008e75cb1032d24c9b47
920313601,Jose,Blanchard,02/13/1974,"5029 Cedar Dr, Martinezport, MT 55178","PO Box 1880, South Rebecca, OH 85014",Citizen,jose.blanchard99@yahoo.com,404-422-6532,b8f2f2f92f8f3df517227beb45e03522786661f6f660a07f5852093409763e62
655662313,John,Wilson,01/02/1968,"391 Cedar Dr, Trevorland, MO 78998","391 Cedar Dr, Trevorland, MO 78998",Citizen,john.wilson93@yahoo.com,856-611-4240,b175936eb0c41499a1766eb74720baebbc85c893071954ff6685a878c5d04313
603133694,Julie,Perkins,06/29/1941,"2140 Second Ave, Oneillfort, MA 91497","2140 Second Ave, Oneillfort, MA 91497",Citizen,julie.perkins90@example.com,(266) 287-1351,cf236a9249210ade31457b909d6238042366af2141c7ae85cd6a8d18e9b3d574
156642791,Loretta,Brooks,09/04/1999,"5134 Maple Ln, Port Jordanshire, IL 08170","5134 Maple Ln, Port Jordanshire, IL 08170",Permanent Resident,loretta.brooks54@example.net,5237978317,fd0d47b614d52a69dd717e746a62b3aa2c032d8235d58d7606af910c2d81fb51
288138889,Dustin,Murray,08/22/1998,"9206 Pine Rd, West Frank, GA 36240","PO Box 2040, Robertstad, OH 06886",Non-Resident Citizen,dustin.murray85@yahoo.com,(916) 487-5086,0d6d907133dfa11500dbcd460691bd1bea1efadf199f6cd77217d7313b8450ee
257460250,Keith,Moreno,01/14/1999,"646 Pine Rd, New Jamesburgh, MO 12888","646 Pine Rd, New Jamesburgh, MO 12888",Citizen,keith.moreno87@hotmail.com,5716513979,68461fa899c242c33a466d8d49574ae3da8c104d5621dbf36a71009b067fa78e
628030831,Carol,Jackson,11/23/1956,"5634 Maple Ln, Moniqueport, CO 36081","5634 Maple Ln, Moniqueport, CO 36081",Citizen,carol.jackson69@hotmail.com,353.313.4229,9496f05617c7c3fb8d9e994a59d6bb2d97d7785314d01b750e13be957f5f1dae
951243045,Gina,Barker,04/16/2000,"5812 Washington St, New Bettyberg, NY 02191","PO Box 9771, New Juan, NE 64057",Citizen,gina.barker66@example.org,732.224.9021,817874410b4d9faa0e323fc9e7e423d6547748a998958e2dff1756cd27f558d5
155846463,Robert,Mccall,11/24/1944,"5024 Elm Way, North Jeffery, NH 66480","5024 Elm Way, North Jeffery, NH 66480",Citizen,robert.mccall98@hotmail.com,282-540-1514,f3b116ba71ac83704b69211bd6189eb8fd3d20e7803e80f576ad2d7a607674cf
770197070,Jeffrey,Lopez,01/17/2010,"6237 Cedar Dr, South Stevenland, NM 15779","6237 Cedar Dr, South Stevenland, NM 15779",Citizen,jeffrey.lopez94@gmail.com,724.634.7671,e3500b0e5366dcb827db912fad7d3e27ed08099dc7985340e44de133fcbf22b7
471771396,Lori,Mclean,03/10/1958,"3161 Second Ave, Baileystad, ME 18721","PO Box 7470, Prestonhaven, TX 45333",Citizen,lori.mclean70@yahoo.com,223-331-2753,e1e0b8fe7e20e65fb472ac0ae8c9339bfa483a8ddce870d4af86186511862ec0
500922627,Gerald,Torres,06/08/1956,"3883 Oak Ave, East Davidberg, CA 90684","PO Box 320, West David, WV 17568",Citizen,gerald.torres89@example.com,(841) 671-6421,ad9d9b12aae91d93e70c58b8b416bf528589d8f8c2f1a38d1d6d1b6e5c7018d1
160308229,Tina,Coleman,11/05/1989,"1330 Pine Rd, North Andrewfort, CO 99766","1330 Pine Rd, North Andrewfort, CO 99766",Citizen,tina.coleman93@example.org,934.281.7338,b0ff0d29a7efbee656d96b2ff7d5cbf3dc02fd4233d610c76e621d0e1cd388e1
306844104,Ryan,Gonzalez,01/16/1990,"8116 Washington St, Port Donnashire, VA 08269","PO Box 4819, Wilsonview, WA 06173",Citizen,ryan.gonzalez53@gmail.com,206-281-3881,220e204025c6ee6b53c20c14cacc86f7d8cb9220410fc7193f5f385e045944b8
681966388,Carl,Contreras,10/04/1990,"2032 Oak Ave, Port Davidborough, IL 77519","PO Box 5365, East Ellen, WI 04336",Citizen,carl.contreras90@yahoo.com,622-718-5676,19ef9a92a95b02dfd4f591266628c7e9238ef1cfd66fc120572a361695b297d5
985266387,Christopher,Singleton,02/22/1986,"8693 Main St, Stacystad, TN 46664","8693 Main St, Stacystad, TN 46664",Citizen,christopher.singleton60@example.com,7055521989,ee627c0fd81e5aef6d1c4eff9573912448ab4100b1d621f88700445a8ff94767
920804546,Ethan,Mason,09/27/1967,"197 Oak Ave, New Ashley, MA 13490","197 Oak Ave, New Ashley, MA 13490",Citizen,ethan.mason93@yahoo.com,267.782.5299,3700a9da3d82cba1b139863743b83f8962dfa7c57d6c98f1c885ad0461374dca
896923287,Lori,Hines,07/06/1974,"8188 Elm Way, Lake James, WI 37444","8188 Elm Way, Lake James, WI 37444",Citizen,lori.hines64@yahoo.com,9075617713,d49b0b1ff5b7433382b59d2583623dbaa42229d535cf2691a774fae762ba5255
448287242,George,Webster,07/27/1971,"7597 Second Ave, Lake Coreyborough, NH 66586","PO Box 6417, Richardsonshire, NE 24765",Citizen,george.webster70@gmail.com,847.352.7544,29bce8a96de59703284607ad5f6f540e9aadf73452cdfaea7ce9515168bb8d77
277643087,Scott,Rosario,03/12/1994,"9715 Pine Rd, Port Michael, IN 50257","PO Box 6510, Lewisbury, NM 53923",Citizen,scott.rosario51@gmail.com,510-762-5549,4187bb30c5c8658f5693b979437514872113c50ad68de25d85477997c4dcb216
751573378,Daniel,Rollins,11/29/1968,"7129 Pine Rd, South Danielberg, NY 65488","7129 Pine Rd, South Danielberg, NY 65488",Citizen,daniel.rollins54@example.net,822-496-3317,8f42af397714637a146d91a7126ccb2f84bda703d9643c7a79867422ee4514b7
630677125,Kathryn,Bush,05/24/1970,"8037 Main St, North Markville, MD 50935","8037 Main St, North Markville, MD 50935",Citizen,kathryn.bush89@gmail.com,813.332.9677,9478183a76470c4c5047dcae88dfdda0ecbecef59a44cf824de961c66d7fe2e8
500886544,Justin,Burke,04/01/1996,"6055 Washington St, Gloriamouth, NM 30106","PO Box 7424, Robertschester, MS 25245",Citizen,justin.burke70@hotmail.com,520.849.8801,95cd3d4d4534115672444847bec7d8f64a959e11ce5d5cbe26fd4fd57400674e
719785036,Melissa,Jacobson,02/04/1945,"3185 Pine Rd, Crosbystad, MA 24001","3185 Pine Rd, Crosbystad, MA 24001",Citizen,melissa.jacobson95@yahoo.com,(455) 700-8696,204567c63d81d0a9511f0534e9da813c226614a97eb98b17223afd17b1a5304d
202631097,Alexander,Craig,06/08/1994,"5270 Oak Ave, South Samuelland, ND 16127","5270 Oak Ave, South Samuelland, ND 16127",Citizen,alexander.craig96@example.net,598.996.4165,2091cd53bac302386cb184ba68b81ae2c82e8318eef4c9296585d9b123efd39a
490608439,Douglas,Morales,06/13/2002,"7762 Cedar Dr, Lake Saraburgh, IA 08982","7762 Cedar Dr, Lake Saraburgh, IA 08982",Citizen,douglas.morales80@yahoo.com,479.527.8941,89c90d138e814f1f154e31b62c5206e18261d0247adb605fe127ed957e6f1b3d
675858660,Michael,Gonzalez,10/21/1949,"3084 Washington St, New Megan, RI 53491","PO Box 1092, East Maryfort, WV 37006",Permanent Resident,michael.gonzalez82@example.net,585.633.1178,954ca81f528913ffdb45d01e205d694bb664b295f5fca8b8d2f9ca687a1febf4
254682821,Kathy,Miranda,02/27/2005,"6905 Oak Ave, Katelynfurt, MS 47175","6905 Oak Ave, Katelynfurt, MS 47175",Citizen,kathy.miranda90@gmail.com,(808) 654-6146,b8b20589aca923e59a3a49a13e0caa4bb9c4d9be00a9a6909a84705c493448f8
589565320,Thomas,Morrison,05/19/1944,"9938 Second Ave, Archerhaven, ME 37055","PO Box 2205, Port Shawn, MA 16516",Citizen,thomas.morrison70@yahoo.com,(345) 522-7144,9803abcdea0c585675b4f51f0e84284e2f4a84177c61194e40c432bdb94fe92a
793989745,John,Crawford,10/11/1991,"5352 Washington St, North Cory, WI 07428","PO Box 4735, South Erikaburgh, MA 50653",Citizen,john.crawford82@example.com,(930) 335-9137,effbc720fdadb12e67f753aa9b80e625fdccb70a250b2baf186dfa4ef4152375
250228767,Cassandra,Murphy,11/04/1960,"2677 Cedar Dr, Christyville, CO 10530","2677 Cedar Dr, Christyville, CO 10530",Citizen,cassandra.murphy76@example.net,(704) 610-9931,6ccc05044227c500385bc66fd84ea10180d4666c0543cd609fb07d18cebc1f84
789147591,Donna,Meyer,06/06/1945,"2540 Park Blvd, Sparksborough, CO 38978","2540 Park Blvd, Sparksborough, CO 38978",Citizen,donna.meyer66@example.org,(860) 899-1396,ce250931953a77078136cbd78497cc65c21db870171dd1177b2ac6244d80e648
848707043,Ebony,Henry,12/10/2003,"692 Cedar Dr, Amyside, WI 72147","PO Box 2600, Port Anthonychester, FL 16116",Permanent Resident,ebony.henry98@hotmail.com,2197225745,448e8de801626f416f8b3e2b94e1cfefe5060b21a68fabfa2ed0d745b1d58774
291862141,Patrick,Edwards,05/26/1958,"1114 Main St, Ramoston, IL 04807","1114 Main St, Ramoston, IL 04807",Citizen,patrick.edwards50@example.net,795-576-9341,f8778009d3edd3425d5d67b267a28345a31ba2f15def8fa55a7d86d2d24aeb87
263483479,Gregory,Hopkins,06/08/1951,"4611 Elm Way, Nicoleburgh, OK 64920","4611 Elm Way, Nicoleburgh, OK 64920",Citizen,gregory.hopkins98@yahoo.com,4005345265,5c8c42c18d63f4867850c749c8b1f7a0ba46e639a4f2dcf88ff0f4777907b916
406426300,Ryan,Edwards,10/10/1967,"9886 Park Blvd, Freemanville, WY 75061","9886 Park Blvd, Freemanville, WY 75061",Citizen,ryan.edwards56@hotmail.com,410-404-5892,63532d91afd659c00a61b441bc6bcf3e598ffa656119d0e0f635b89f83846890
978170803,Emily,Keller,02/19/1966,"891 Cedar Dr, Alvarezburgh, OR 66913","891 Cedar Dr, Alvarezburgh, OR 66913",Citizen,emily.keller51@example.net,3855414380,40cc6bc2bb000e54ad21761896574adaac59a4dda417948ca1fca1f09d4fbef6
517225705,Brian,Baker,09/01/1966,"6403 Washington St, Jensenstad, WI 37782","PO Box 8155, Bryanshire, NM 06414",Citizen,brian.baker92@example.org,(309) 200-1511,fdb1a9b8363a9a3d27c604594b5af4dd48276b4008f741f00cbabfb485165ec7
394453633,David,Richardson,07/09/1980,"7292 First St, Port Patriciamouth, WA 50383","7292 First St, Port Patriciamouth, WA 50383",Citizen,david.richardson63@hotmail.com,(633) 959-7108,cf3c1215459fe2581409cd8ef7e8f4a949ad7d100ab5bafa5ad86f4316e3df2d
801825549,Connor,Reed,08/09/2004,"1968 Elm Way, Robertton, GA 87171","PO Box 3453, East Jimmy, DE 41408",Citizen,connor.reed93@example.com,(687) 378-1235,e9c356a1f21f9e3c55d4059ce1602922f8f092c389329235e64810601762cf9c
352117608,Brittany,Lozano,09/24/1955,"9134 Elm Way, Port Kevinmouth, LA 22754","PO Box 9327, New Markmouth, NM 86715",Permanent Resident,brittany.lozano63@example.com,5862301608,880bf5947c51932dcfba1965672db177f46a0a0fd5f97f37d6083acda6335e1f
600043271,Michelle,Bradley,07/22/2006,"9450 Main St, Adamsfort, TX 77569","PO Box 4701, West Nicholasfurt, VA 42761",Citizen,michelle.bradley67@example.com,(392) 440-8339,d71ab8775a4e812bd457b122be290b4202ea6e7c926b661c3e8892d0898ea6f6
147376817,Ashley,Stokes,09/08/1968,"9158 Second Ave, Lake Emilymouth, IA 65608","9158 Second Ave, Lake Emilymouth, IA 65608",Citizen,ashley.stokes55@yahoo.com,683.757.3685,1af6f4c0c7511ae6bb1f620af544c2d30834abcfe8d61fb18d25e7108f237402
498650571,Wesley,Hubbard,03/26/1959,"2388 Maple Ln, Garrettport, WV 48123","2388 Maple Ln, Garrettport, WV 48123",Citizen,wesley.hubbard73@gmail.com,9854993418,07d2e68983aaa352e087b49ac45d89ffd1141fd8a0d263a3a3bffc1bf284e198
537899599,Tara,Harris,01/05/1969,"1417 Washington St, Port Melissaborough, KY 38165","1417 Washington St, Port Melissaborough, KY 38165",Citizen,tara.harris79@gmail.com,896.368.1700,c70f767deaf5aadfd6d0de57df0c92ed809d8789f5314d339fb41075162813db
771156085,Joseph,Evans,02/03/1977,"8851 Pine Rd, Ballardland, OR 94572","PO Box 3472, New Matthewland, VT 74743",Citizen,joseph.evans57@yahoo.com,732.306.1066,50c682a595c4e822bc4826dbee447c929ee27e8e45fcb54a8691b2a0a84c15df
813648478,Laurie,Alvarez,05/20/1941,"3716 Maple Ln, West Laura, NY 85899","PO Box 6216, Williamport, OK 57243",Citizen,laurie.alvarez75@example.org,967-617-2743,9f2547946578a23d3d195a6b72411eac17217feb882627171f2818b0af4235ed
587107372,Elizabeth,Edwards,06/27/1945,"3086 Main St, Moraleshaven, NC 59906","3086 Main St, Moraleshaven, NC 59906",Citizen,elizabeth.edwards94@example.net,(615) 510-4428,45115d441d6238ba7d5c91b213265e7fff2163889e5f8127013a5baa6198ec28
305091748,Emily,Kelley,12/14/2004,"4847 Oak Ave, Lake Jacquelineburgh, IN 76109","PO Box 1268, Lewismouth, CA 35619",Citizen,emily.kelley77@example.net,210.914.5918,f51ad2dac9e53893461095e63ae300d48540fd32dc6c370cb4c742670906b03f
323819775,Sharon,Patel,03/10/1952,"9662 Second Ave, Michaelton, SD 68955","9662 Second Ave, Michaelton, SD 68955",Citizen,sharon.patel52@gmail.com,2314618759,0f421e07392c4e2f076d5a21c74bffd32d06e8730fdb330d2b80f14c34032e43
926552926,James,Ford,12/20/1945,"9620 Washington St, East Julie, MN 39858","9620 Washington St, East Julie, MN 39858",Citizen,james.ford74@example.com,977.288.8780,9b1a7c79e3afb79e2c9db2971c42dd9c93ddb9d9151b00b6290e7ba4420a5b8a
189082650,Megan,Jenkins,07/18/1943,"1541 Second Ave, Lake Jameschester, MO 35488","1541 Second Ave, Lake Jameschester, MO 35488",Citizen,megan.jenkins52@example.net,995-920-8392,cbf363cbf8777a9e7a4723b97b6432459f398f7c97602922cb469f1d8ea76943
201955830,Madison,Lucas,02/28/1935,"8296 Second Ave, Gloriabury, CA 53698","8296 Second Ave, Gloriabury, CA 53698",Non-Resident Citizen,madison.lucas74@yahoo.com,2494592927,9db952db96bb8130b5a14f847b8307574ca5e0ebe142bafe96f1a4ba83ca9908
585037029,John,Hernandez,02/22/1993,"653 Elm Way, East Lauraport, RI 61339","PO Box 1896, Castrochester, UT 55815",Citizen,john.hernandez62@gmail.com,2055963893,6d0ea8b5b1aa29d85ae19391fd69b8ea65c90982efc0d760715bc691b6006119
296148792,Deborah,Johnson,06/20/1946,"9562 Second Ave, West Derek, IA 34369","9562 Second Ave, West Derek, IA 34369",Citizen,deborah.johnson57@example.com,3359581387,28b8ccc1de5b68ac0bf1f7556b4ed27d4b4f9ff30b62f76bf3e83ff0e9be4b7c
952913236,Kristine,Ramirez,11/26/2005,"8605 Maple Ln, Lake Melissa, SD 95197","8605 Maple Ln, Lake Melissa, SD 95197",Permanent Resident,kristine.ramirez77@yahoo.com,268.266.2429,a797005319fd08805d7510341c53b02383593b1e57d82a97dfed6351f0208ccd
813718675,Todd,Smith,09/28/1971,"8309 Cedar Dr, West Carolynland, FL 53848","PO Box 2754, Emilyland, CO 52522",Citizen,todd.smith78@hotmail.com,5827705309,26e6a9bd2a31eca439fcadbe8fea96947cb6cafb09fee8a51a4c27fcb0efa8be
948254067,Sherry,Ramsey,07/10/1955,"6771 Oak Ave, East Daniel, OK 96770","PO Box 3416, New Elizabethshire, GA 69347",Permanent Resident,sherry.ramsey75@example.com,722.212.2847,7c556bbdd64b745aad9b0935017728b402f0f94cf4af39662551870c511a21af
109510660,Johnathan,Wilkerson,06/13/1995,"5236 Cedar Dr, New David, NM 41580","5236 Cedar Dr, New David, NM 41580",Citizen,johnathan.wilkerson80@example.org,(597) 766-9870,df3c71e162d7e0e08ef2c1b70506b4219090686933b812cc7aa331292df5d0ca
236317519,Mark,Silva,09/13/1994,"1115 Second Ave, Shafferbury, NC 55927","1115 Second Ave, Shafferbury, NC 55927",Citizen,mark.silva90@gmail.com,5704305300,346c931715bc5f4e37eb02435e071c25f21acbaa9afe90fb38d4074cdb5f6f1e
563717999,Jeffery,Rodriguez,12/29/1978,"6466 Main St, West Scott, IL 33833","6466 Main St, West Scott, IL 33833",Citizen,jeffery.rodriguez88@example.org,3306909348,956ab30624c2b90a7338533c68bf28d8bad571e3cc77fc853170968a315f8fc1
911136966,Michelle,Brown,02/03/1986,"9814 Park Blvd, Hollyville, ME 41983","9814 Park Blvd, Hollyville, ME 41983",Citizen,michelle.brown76@example.com,(921) 995-3384,027b13e9b1114e1ce34e443cbc1e5a26a2f18ecb4e89892e5a970e3213049bda
522267598,Amy,Wells,06/01/1949,"5595 Elm Way, West Natasha, OH 19494","5595 Elm Way, West Natasha, OH 19494",Citizen,amy.wells80@yahoo.com,9759043248,d9afccde807e0e07d070f014b456d7f289b04989d5b40e0b381911601ba3e56d
842410947,Michael,Baldwin,01/09/1977,"8729 Park Blvd, Andrewton, SC 97422","8729 Park Blvd, Andrewton, SC 97422",Citizen,michael.baldwin67@example.net,433-520-6311,a7201c13391d54bb357196032ebb4a53226de203258466bd414c21976393f4ce
474213212,Eileen,Everett,07/14/1990,"5489 Park Blvd, West Angela, UT 41037","5489 Park Blvd, West Angela, UT 41037",Citizen,eileen.everett92@example.org,342-988-5833,48882c1ac903c043ace2c785bd9b62af1027da7f24066017d91edc40fd59bc99
488143641,Danielle,Haynes,02/21/1958,"5262 Cedar Dr, New Michellemouth, NJ 51418","5262 Cedar Dr, New Michellemouth, NJ 51418",Citizen,danielle.haynes68@hotmail.com,812-848-6527,108ad741cc729704c63baceca663b7c3132151d348676da2e5753321a57ad438
969277209,Alan,Yu,09/16/1985,"6417 Second Ave, Kevinbury, VA 39484","PO Box 9409, Port Pamela, NJ 58021",Citizen,alan.yu88@example.com,(585) 763-7440,06c72fa06e96fddcd6c341dd760b2ae0e0f7417c64eea4c705c8c113ca55cf50
971868892,Crystal,Suarez,05/02/1963,"7451 Park Blvd, Mccormickview, PA 10999","7451 Park Blvd, Mccormickview, PA 10999",Temporary Resident,crystal.suarez67@example.com,8437012770,42a87d9ea811ccf642d41703522322b5c7950e84bd2809528a772e181e99ca1b
436233641,Madeline,Shepard,07/01/1991,"2014 Maple Ln, Mclaughlinmouth, WI 94530","2014 Maple Ln, Mclaughlinmouth, WI 94530",Citizen,madeline.shepard67@example.com,4743302571,45af805346292b7f4708f2308d639f04d08d400ae5754456e1118df9caf58047
808988450,Robert,Sellers,11/11/2006,"1826 Maple Ln, Port Ethanview, SC 66867","1826 Maple Ln, Port Ethanview, SC 66867",Citizen,robert.sellers64@yahoo.com,969-473-6792,684e879bf2236977c86e0f1c5db3136af8d308dc1c9bfd7a3abd161baa80f53c
694541854,Carl,Fisher,01/08/1988,"2816 First St, Shawntown, IN 07329","2816 First St, Shawntown, IN 07329",Citizen,carl.fisher86@hotmail.com,(476) 697-3040,14f837d44f96825781ae820080f21b0ade01f0a4398d222c64bff77b01d688ea
536371041,Danielle,White,07/09/1966,"9988 Pine Rd, Gibbsberg, ID 00904","9988 Pine Rd, Gibbsberg, ID 00904",Citizen,danielle.white@,6457937335,fa1945e8a6712219e09154386fa0128c06564e0419201ff37d417c4b2c3ee701
207767824,Richard,Fuller,02/04/1971,"7277 Second Ave, Barbaraville, GA 21187","7277 Second Ave, Barbaraville, GA 21187",Permanent Resident,richard.fuller74@example.com,4784109053,833d20a897e9abeb1d2700f89231de38e70773b7f95d39271a6086a4aba67cd9
662571330,John,Reeves,11/20/2005,"8177 Park Blvd, Port Brooke, SC 54281","8177 Park Blvd, Port Brooke, SC 54281",Citizen,john.reeves59@hotmail.com,915-899-7187,6e12d7f620088f4e8a3bf3a1096b48530e22f898dcb82394c6fcae5885d97031
322405123,Laura,Flores,01/20/1976,"6638 Elm Way, Russoberg, KS 34668","6638 Elm Way, Russoberg, KS 34668",Citizen,laura.flores80@example.com,7764492059,03bcd295cd210c0a67f98d53eb28e7ff92e56c8cbeba27785bf16bbcb71cf539
123492732,Glenn,Watkins,10/11/1976,"5891 First St, Laurenborough, AK 11563","5891 First St, Laurenborough, AK 11563",Citizen,glenn.watkins55@gmail.com,434.475.7006,a9e51bfaf0bf2171290f09922df686285ff536ada126864bb9659f1b808f8c28
280970231,Robert,White,03/21/1955,"8474 Washington St, Duffyshire, ND 29924","8474 Washington St, Duffyshire, ND 29924",Citizen,robert.white73@example.com,(292) 924-3601,0a580bae55b155b5bcb721d0374e6df4a5b47bac6b0000406b269f39204dde0a
693590276,Andrew,Johnson,08/19/2000,"8606 Elm Way, North Terri, NH 26488","PO Box 2420, Jacquelineburgh, NV 07026",Citizen,andrew.johnson64@gmail.com,(733) 268-4798,bb251f04336e5a0cc5ae4739a34fdf8f93236fbc06987095e78ef3ba404a4236
714834284,Richard,Patterson,04/04/1941,"2883 Elm Way, Edwardstad, OK 22799","2883 Elm Way, Edwardstad, OK 22799",Citizen,richard.patterson51@example.org,278.268.2663,baba4b9cf81f3d88f10a10ef7b1760703dbcba13d8f088d0f605103714dc7c2f
291910519,Stacey,Wilson,04/01/1966,"9068 Maple Ln, Ayalamouth, WA 88792","PO Box 8843, Wilsonborough, ID 25476",Citizen,stacey.wilson60@example.net,(221) 712-9265,5645eb1b183949f2f03e0129a9663d2e88ad12b6103b85a0e8ffa263dc3cd8bf
279316246,Sophia,Li,10/04/1993,"2168 Cedar Dr, Keithfort, RI 50580","2168 Cedar Dr, Keithfort, RI 50580",Citizen,sophia.li65@gmail.com,312-930-5066,fb11d0005dce0f9f8bb79d066554f594e6e66f5a2260f4fc961e0f56d30e2cf3
910152831,David,Gates,11/19/1973,"2227 Main St, Port Justin, ME 89261","2227 Main St, Port Justin, ME 89261",Citizen,david.gates75@yahoo.com,613.737.8645,6663c4deda45637324ce1c9d3008532d7a7bc7bf26e2a72fc32ca803d6674d32
720055707,Jaime,White,05/24/1971,"4120 Park Blvd, North Kelly, NE 34815","PO Box 8287, New Shannon, FL 33048",Permanent Resident,jaime.white88@example.net,3188187756,1aefa7a8c9feddb6103625e6e232bf23a96a5f215b30a83b634de9810eea2e85
501175093,Mike,Sutton,01/13/1964,"3256 Main St, Millerfort, IN 17960","3256 Main St, Millerfort, IN 17960",Permanent Resident,mike.sutton87@hotmail.com,509-605-5005,64d09f546548d02f133caf0e85f670a37069c547feb1b680962761698ec18a41
160954037,Monica,Mccann,01/20/1985,"7976 First St, Mcdanielfurt, NJ 93359","7976 First St, Mcdanielfurt, NJ 93359",Citizen,monica.mccann58@gmail.com,451.349.2659,229631956636b55a1746ae9b586bee50e9bf7dbb38e128b5cb5abf76067a113c
476405682,Rodney,Harper,01/24/1973,"7101 Oak Ave, North Angelaton, RI 44129","PO Box 8497, South Rebekah, OK 79979",Citizen,rodney.harper80@example.com,398-517-9302,c1de3cd4e88185fa2b236bf10ebbdf4df985f43a5cc0592e6f240f6844c7124a
127193245,Sheila,Coffey,12/13/1943,"9202 Elm Way, North Jonfurt, AR 40151","PO Box 3683, Lambertberg, SD 73843",Citizen,sheila.coffey75@example.net,671.555.6350,472f0d94c3b0f419d8819f8d8541f63238de7820d185aef07c5f9c64df2092d0
960307675,Blake,White,09/06/1996,"7183 Second Ave, New Trevor, NV 44957","7183 Second Ave, New Trevor, NV 44957",Citizen,blake.white96@hotmail.com,268.357.7191,0b5cac6a7fd4b2b7df54141da386178dce02b20cb0ee5519ac1c81d214c1641d
572297647,Natalie,Anderson,10/04/1950,"4377 Pine Rd, Jenniferchester, GA 19086","4377 Pine Rd, Jenniferchester, GA 19086",Permanent Resident,natalie.anderson67@gmail.com,245-510-1198,2a9cb7b9b51f60232b9bb78c82c937385e85076d1b5f4272887d9902d515ac0e
711275724,Jorge,Edwards,02/20/1994,"6995 Park Blvd, South Monica, OR 37332","PO Box 3550, Saraport, AL 35001",Citizen,jorge.edwards52@example.net,267-424-8672,839e3321b7d36b5520722d3d84aa81db19b45ec23ae1c9b85e5d4ca27fa0e030
629872519,Chloe,Juarez,09/09/1947,"7531 Maple Ln, Zacharychester, SC 22125","7531 Maple Ln, Zacharychester, SC 22125",Citizen,chloe.juarez66@yahoo.com,959-538-6349,e9dd816130c73d8661cbd25f8c1868211a656dcd6fd5120919ada7134fa0a3ec
996959522,Leslie,Vang,02/02/1961,"4571 Washington St, New Melissa, WY 86670","4571 Washington St, New Melissa, WY 86670",Citizen,leslie.vang80@example.net,7215079173,026ef5295fef4518f5ab9991d637994496e7f5c944bac846e833d2e2178e07bd
735325355,Dana,Gonzales,08/18/1984,"1745 Pine Rd, East Brian, OK 24505","PO Box 3687, South Jorgemouth, KS 57704",Citizen,dana.gonzales56@hotmail.com,5716227551,7dda0c4c74a992254d4c305bb744875d32b1457de0ce03ae3b31dbc32e4c8b1d
421139569,Darren,Woodard,03/03/1993,"7884 Oak Ave, Williamsstad, WY 93434","PO Box 1032, Ellisville, NV 94841",Citizen,darren.woodard76@gmail.com,541.579.2937,cf35e7eb3ae57cd8d7898ae1fbb9fa181ed7cf8c37fec7c7c1eee6418c1987d6
628131485,Michelle,Martinez,03/09/1972,"9641 Cedar Dr, East Mirandaburgh, MT 22559","9641 Cedar Dr, East Mirandaburgh, MT 22559",Citizen,michelle.martinez60@example.net,(534) 807-7174,032c2b928cb652c30bb69fbf99ec7a2b19cdcd482c690bf9e922ef6eb432db23
188379960,Karen,Carson,12/25/2006,"2459 Park Blvd, New Whitney, NV 01041","2459 Park Blvd, New Whitney, NV 01041",Citizen,karen.carson94@hotmail.com,252-202-8720,4cc4ceb4311e3d51c68ab68090b513132a677c79d6ebcfd88ee5f4e8d3ce4afc
412913089,Alicia,Duncan,11/03/1974,"5854 Washington St, Knappbury, CO 65789","PO Box 5175, West Anthonyville, MI 52165",Citizen,alicia.duncan55@example.com,3963747403,9c5bfea0ce1ec53aec083449745d43cbeeaf2172ad4668e11fba4448a62a5208
737126357,Nathaniel,Hickman,07/19/1960,"1175 Washington St, Port Marcustown, ME 11126","PO Box 7674, Rivasfort, RI 60014",Citizen,nathaniel.hickman99@hotmail.com,708.821.4666,2953149475b4de8fe6400e2031e966a15d0cfd97275e061c325c3a9358eae70c
463630835,Courtney,Adams,05/27/1945,"7745 Second Ave, West Taramouth, MN 43088","7745 Second Ave, West Taramouth, MN 43088",Citizen,courtney.adams75@gmail.com,440-516-6351,32a106d5c6bd131adfcb4933d06d4266b04adedb48a8e3679e064408454056a8
259687864,Stacey,Cooke,06/11/2004,"1302 Main St, East Michelle, PA 84864","1302 Main St, East Michelle, PA 84864",Citizen,stacey.cooke58@example.org,489.988.6451,b1845ab8966cc28b3b4ccde91e8d2302bee8aaaa33802460d172b58bbd7d0649
871634337,Justin,Yates,12/22/1970,"2009 Park Blvd, New Stephaniefurt, WA 12631","2009 Park Blvd, New Stephaniefurt, WA 12631",Citizen,justin.yates80@hotmail.com,360.600.4137,99d6822464afb8fe7feaebc7c4088fe51fb3cb925d3e7d8ed56f3a1998763f16
133693489,Raymond,Thompson,02/13/1985,"6383 Pine Rd, Davisborough, NY 21857","6383 Pine Rd, Davisborough, NY 21857",Citizen,raymond.thompson70@gmail.com,534.963.7919,b9676ce32258efb1126f2f472431b5a1740f33ad6dabc70695beb43cadbde141
906932134,Paul,Powell,12/16/1944,"3015 Main St, North Kenneth, HI 57171","3015 Main St, North Kenneth, HI 57171",Citizen,paul.powell71@example.org,3434459401,5a20c55ae8f9b0a2d922618db4b539f9af543e6c7e30a21536ca40749085890e
317170067,Jill,Dorsey,04/04/1970,"630 Main St, West Elizabeth, SD 48664","630 Main St, West Elizabeth, SD 48664",Citizen,jill.dorsey71@example.com,990-713-4304,4c95c1cb6df184a6cbb2f702f51b10b105b4f4551225941477f98f8e57954859
830526382,William,Burns,08/31/1941,"8274 Elm Way, Alvarezshire, ND 79188","8274 Elm Way, Alvarezshire, ND 79188",Citizen,william.burns89@example.org,948.240.8453,e683a228d9de7df6b1af29b913036f77f0de724c2a8fae4d8e0259a48c4b1260
911505699,Rodney,Avila,03/22/1982,"5450 Main St, Christinachester, NE 83166","5450 Main St, Christinachester, NE 83166",Citizen,rodney.avila76@gmail.com,823.785.4783,08a5efb425f1f6ebcbeff3ba958b633cfcd049c65656cb7966586690a5d2f8c6
339336560,Ronald,Williams,10/21/1980,"635 Cedar Dr, Teresabury, TX 85384","635 Cedar Dr, Teresabury, TX 85384",Non-Resident Citizen,ronald.williams83@example.org,(660) 444-7504,f1e97cf9655bcea8c818a3b37bf9efca0b961b8cbca0dc7c927366677eaf6249
181717883,Gina,Moore,03/13/1983,"8770 Park Blvd, Rosehaven, NE 11507","PO Box 5116, Taylorland, WY 63102",Citizen,gina.moore87@example.org,765-494-2898,346d3ab1bf589d567798f554a435048ad1b2f5f39f1bd7763b9ced0a658d3a24
517714041,Kevin,Joyce,04/07/1978,"2904 Park Blvd, Mckenziehaven, TN 56564","PO Box 7136, Ashleyside, CO 10532",Citizen,kevin.joyce80@example.com,967-948-5230,b68ef73e3ad61dfcb5b3a48a5b9da891c6b5bcb8f824e4a5e95af2b6c8b9ca56
821351429,Samantha,Palmer,03/23/1993,"6987 Cedar Dr, Gutierrezmouth, WA 87120","PO Box 1699, Michaelshire, WI 11218",Citizen,samantha.palmer84@hotmail.com,(270) 278-3548,1dc242f48c0bcfb630eae6468b5cdf405a8feecb6456b7023b8c89a0217402c7
103573647,Kayla,Smith,10/28/2001,"4425 Pine Rd, Whiteburgh, DE 52006","4425 Pine Rd, Whiteburgh, DE 52006",Citizen,kayla.smith99@yahoo.com,(325) 692-5559,44b262e4b2c52878246b588642aafd016e9507629b5b2412b4f2a3c933039743
198816570,Brandon,Butler,12/11/1972,"3102 Park Blvd, Leemouth, KY 99768","3102 Park Blvd, Leemouth, KY 99768",Citizen,brandon.butler99@example.com,366-349-6604,59294e539700cc9d9c0ac53394e2b6898a26e62b0469c5efc843edfe51f149b7
840376990,Ellen,Hanson,10/19/1964,"5758 Main St, Matthewburgh, MI 28166","5758 Main St, Matthewburgh, MI 28166",Citizen,ellen.hanson82@gmail.com,(394) 835-8920,0295a3848dce01dabf5cc9221fcba29dbf6f0e14cccea4a1da4e0d816cb17ff7
899563204,Jacob,Burgess,10/19/1948,"8100 Park Blvd, Monicaville, WY 57359","8100 Park Blvd, Monicaville, WY 57359",Citizen,jacob.burgess52@example.com,(203) 784-6823,930cbaad42b8c0d3d47df6c4e8ed8582c28d18ca1d63dbd20ed372c286359680
500008980,Amanda,Smith,06/19/1970,"122 Maple Ln, North Georgefort, NJ 60815","PO Box 1672, Meltonfort, RI 40189",Citizen,amanda.smith87@example.org,(766) 764-6582,4a2002e751b82f2c997dc9706da9ba0c8bbeacb7b6be3a3adbcceab6ad834b4d
134875237,Christine,Dickson,07/02/1950,"5195 Cedar Dr, Hannahfurt, MD 40170","5195 Cedar Dr, Hannahfurt, MD 40170",Citizen,christine.dickson56@example.com,8803405231,6e15844e48eeb3135aaceaececbaac20991d9de0626d52d7c19ba7af706851f6
401365060,Christopher,Taylor,10/12/1970,"1219 Park Blvd, North Lisa, MS 91731","PO Box 5152, Port Anthony, WV 63561",Citizen,christopher.taylor68@example.net,(295) 340-9600,0c0d09ae91c3b098d62e89a371e5d17cf6ac1e08254d7ab48ac02750a4120c9e
202174331,Deborah,Santos,10/19/1977,"5216 Oak Ave, Wilkinsonside, ID 25524","5216 Oak Ave, Wilkinsonside, ID 25524",Citizen,deborah.santos53@example.net,(978) 763-9868,cfe7f6a89bd554686f54b05a9e329c072c654314c89a74edd42e56e4d7e71ce3
689416078,Christopher,Carrillo,10/19/1945,"8947 Elm Way, South Robert, OK 15765","8947 Elm Way, South Robert, OK 15765",Citizen,christopher.carrillo52@example.net,630.295.6460,dc5b2d890640398e3d90f68af5e92f430e32f0968bf04e0648e6b01b267a5459
246986276,Gabriel,Hernandez,12/19/1954,"66 Oak Ave, Maynardfort, NM 03073","PO Box 6016, Richardsborough, MT 39145",Citizen,gabriel.hernandez87@yahoo.com,453-283-6473,8b640111e4b7af58aaa07180dc427692df95920f2a9c6d6dcccc514d66d4339a
710975447,Ashley,Bass,06/05/1998,"276 Second Ave, West Alanchester, IN 54985","276 Second Ave, West Alanchester, IN 54985",Citizen,ashley.bass93@yahoo.com,617.205.9568,123c9ab41643bb1668447a4961539798ae38c7d781d5199581826da5d824a8cd
883671834,Melinda,Mclaughlin,12/02/1990,"8072 Park Blvd, Benjaminfurt, KS 64215","PO Box 3557, Hallton, SC 69747",Citizen,melinda.mclaughlin83@example.net,614.804.7742,0ae3fd2b1e02ef9a702d2a9027e28499bf74e0dde86c9056f1dbd5c02b03e2af
761838191,Andrew,Ray,07/24/1996,"6885 Elm Way, West Patriciachester, TN 62542","6885 Elm Way, West Patriciachester, TN 62542",Citizen,,804-395-5144,5e1370a96acafe75ec3bf47cd1da939836d2960418a20546b9a4dc9d31d33ce9
974504977,Daryl,Dean,12/24/1996,"4077 Pine Rd, Shanechester, VA 03228","PO Box 4195, West Jessica, WV 62005",Citizen,daryl.dean75@example.org,483-315-1046,a85b1fa24757ce7d948a716e038ffaad02186442567efd4e0f3da68de3cea18b
991174263,Maurice,Hall,08/30/1970,"1753 Maple Ln, New Regina, IN 44954","1753 Maple Ln, New Regina, IN 44954",Citizen,maurice.hall57@example.net,620.587.9501,6864d403bd707bcf0b22a30306d772be01e0d8ec0fa137d2dcdc35141c535388
316411521,Sandra,Castaneda,08/27/1994,"3388 First St, Andersonport, MN 95265","PO Box 4077, Moyerstad, NY 62409",Citizen,sandra.castaneda53@example.net,7877623,6ee8f374bcdaf61517aa2c0f4351f531269c30e2a6332b3a4bde03bb098c3ba6
939014432,Lauren,Richard,05/26/2002,"7517 Park Blvd, West Hannah, ME 11798","PO Box 1909, Andersonborough, ME 20989",Citizen,lauren.richard77@example.com,9807422069,ddcf52ce26820590423885ce5baa7d8ddd7d87e4392bde2c91495a863a22a815
791758190,Catherine,Garcia,09/20/1989,"4516 Second Ave, Hahnfort, MO 40301","PO Box 7970, East Angela, IA 02877",Citizen,catherine.garcia99@example.org,593-424-9350,1ffb3fbe88e0c7d506c5d4ace72236127ab2d5b87f64211018193b041f12f487
874428419,Michael,Green,11/19/1984,"1620 Elm Way, East Maria, TX 66492","1620 Elm Way, East Maria, TX 66492",Citizen,michael.green54@yahoo.com,309.447.5633,78d56ab39279276cdaa9d1c3194246e00c54753163163ffecb849259d309e6ed
913613821,Anthony,Brown,11/13/1957,"9412 Park Blvd, Wilsonbury, ID 16319","9412 Park Blvd, Wilsonbury, ID 16319",Citizen,anthony.brown@,535.986.7876,e8c1cdc4ee39ca24135f73b8abdf02f7abcaa36744b77550914d5e067f4c5d40
151920555,Anna,Tucker,01/07/1942,"5020 First St, Kristenton, KY 73511","5020 First St, Kristenton, KY 73511",Citizen,anna.tucker75@hotmail.com,(816) 778-6847,113567d267b6cbc401ad83a304e1dbc2da4d8d0456b0960758aa19e470250348
770679790,Joseph,Hernandez,10/10/1985,"5321 Main St, Lake Brentmouth, MI 60418","5321 Main St, Lake Brentmouth, MI 60418",Permanent Resident,joseph.hernandez81@example.org,(775) 216-2249,c84c2fae1cad13a023f6b530c4872373ef65eeda361f8dc21ec6298c4f02818d
247098055,Sydney,Campos,10/23/2003,"3359 Second Ave, Port Cherylville, NE 74225","3359 Second Ave, Port Cherylville, NE 74225",Citizen,sydney.campos85@gmail.com,426-955-4514,c98ec40795af8793e060b04bf187fbc46c9e41f703583f41158bca8698f89446
139315985,Bobby,Garcia,01/14/1955,"6704 Oak Ave, Port Jamiestad, LA 21083","6704 Oak Ave, Port Jamiestad, LA 21083",Non-Resident Citizen,bobby.garcia55@example.net,826.321.2532,a67b5bf0434b539ac4da950dcd5b617a12f847d5c8c5e69ec8cc206ee171a39b
676482414,Jessica,Erickson,02/08/1986,"724 Second Ave, Oconnorville, VT 20724","PO Box 2836, Matthewberg, TX 16620",Citizen,jessica.erickson81@example.org,538-302-2453,041966f5011a58732716369395d3129f8bef4097954abc96e701ffc14388b57b
